path	base_blob	bytes	category	recovery
.github/workflows/ci-deploy.yml	0eb46168e46972a8fde9e20bd89a82bc7d515186	2288	deployment-workflow-replaced	git show f773b3090ffd86cb5600fdaf3aca20ec9cc19606:.github/workflows/ci-deploy.yml
adjudicate.log	62d95e504f1346420d27ebb3fea6f080d7737a41	195840	committed-run-log	git show f773b3090ffd86cb5600fdaf3aca20ec9cc19606:adjudicate.log
docs/.nojekyll	e69de29bb2d1d6434b8b29ae775ad8c2e48c5391	0	compiled-docs-web-payload	git show f773b3090ffd86cb5600fdaf3aca20ec9cc19606:docs/.nojekyll
docs/FsAssay.Web.Client.styles.css	a8835279306e5541255833ac6db75a9e946e630e	295	compiled-docs-web-payload	git show f773b3090ffd86cb5600fdaf3aca20ec9cc19606:docs/FsAssay.Web.Client.styles.css
docs/FsAssay.Web.Client.styles.css.br	d9e30c71875f3d53ee6be2e3be9f5f2f994e0eb1	160	compiled-docs-web-payload	git show f773b3090ffd86cb5600fdaf3aca20ec9cc19606:docs/FsAssay.Web.Client.styles.css.br
docs/FsAssay.Web.Client.styles.css.gz	961999bbb03fd94466809cbc4295f704615a5b62	189	compiled-docs-web-payload	git show f773b3090ffd86cb5600fdaf3aca20ec9cc19606:docs/FsAssay.Web.Client.styles.css.gz
docs/_content/BlazorMonaco/jsInterop.js	78788b2533448048c619f1616e5c824355c1ab22	36428	compiled-docs-web-payload	git show f773b3090ffd86cb5600fdaf3aca20ec9cc19606:docs/_content/BlazorMonaco/jsInterop.js
docs/_content/BlazorMonaco/jsInterop.js.br	9eb1dbe6d445672e33e96561ba23015525e235fe	4466	compiled-docs-web-payload	git show f773b3090ffd86cb5600fdaf3aca20ec9cc19606:docs/_content/BlazorMonaco/jsInterop.js.br
docs/_content/BlazorMonaco/jsInterop.js.gz	4a5750d7770d6a01663148a243f94ffedad233d8	5104	compiled-docs-web-payload	git show f773b3090ffd86cb5600fdaf3aca20ec9cc19606:docs/_content/BlazorMonaco/jsInterop.js.gz
docs/_content/BlazorMonaco/lib/monaco-editor/min-maps/vs/base/common/worker/simpleWorker.nls.de.js.map	c0a08428a4d813b8cc72894ac9f4ecb1574716bb	1433	compiled-docs-web-payload	git show f773b3090ffd86cb5600fdaf3aca20ec9cc19606:docs/_content/BlazorMonaco/lib/monaco-editor/min-maps/vs/base/common/worker/simpleWorker.nls.de.js.map
docs/_content/BlazorMonaco/lib/monaco-editor/min-maps/vs/base/common/worker/simpleWorker.nls.de.js.map.br	55bfd2683ca92f803a3d1d0f5f0584c04e32042e	587	compiled-docs-web-payload	git show f773b3090ffd86cb5600fdaf3aca20ec9cc19606:docs/_content/BlazorMonaco/lib/monaco-editor/min-maps/vs/base/common/worker/simpleWorker.nls.de.js.map.br
docs/_content/BlazorMonaco/lib/monaco-editor/min-maps/vs/base/common/worker/simpleWorker.nls.de.js.map.gz	fb46546221130727f15385aa581536ff0da54e32	675	compiled-docs-web-payload	git show f773b3090ffd86cb5600fdaf3aca20ec9cc19606:docs/_content/BlazorMonaco/lib/monaco-editor/min-maps/vs/base/common/worker/simpleWorker.nls.de.js.map.gz
docs/_content/BlazorMonaco/lib/monaco-editor/min-maps/vs/base/common/worker/simpleWorker.nls.es.js.map	dfe050f30d66b597d0fe2cb08dcd40c7348e6a74	1443	compiled-docs-web-payload	git show f773b3090ffd86cb5600fdaf3aca20ec9cc19606:docs/_content/BlazorMonaco/lib/monaco-editor/min-maps/vs/base/common/worker/simpleWorker.nls.es.js.map
docs/_content/BlazorMonaco/lib/monaco-editor/min-maps/vs/base/common/worker/simpleWorker.nls.es.js.map.br	46bb765af2e102c3eb9136bbaf7e8289b9f653d8	563	compiled-docs-web-payload	git show f773b3090ffd86cb5600fdaf3aca20ec9cc19606:docs/_content/BlazorMonaco/lib/monaco-editor/min-maps/vs/base/common/worker/simpleWorker.nls.es.js.map.br
docs/_content/BlazorMonaco/lib/monaco-editor/min-maps/vs/base/common/worker/simpleWorker.nls.es.js.map.gz	cc6fc764fbb20cab084295c2b27bf11d91067916	675	compiled-docs-web-payload	git show f773b3090ffd86cb5600fdaf3aca20ec9cc19606:docs/_content/BlazorMonaco/lib/monaco-editor/min-maps/vs/base/common/worker/simpleWorker.nls.es.js.map.gz
docs/_content/BlazorMonaco/lib/monaco-editor/min-maps/vs/base/common/worker/simpleWorker.nls.fr.js.map	19cd3ef0f364eb7d0b9eaf828d85309253a85fbc	1447	compiled-docs-web-payload	git show f773b3090ffd86cb5600fdaf3aca20ec9cc19606:docs/_content/BlazorMonaco/lib/monaco-editor/min-maps/vs/base/common/worker/simpleWorker.nls.fr.js.map
docs/_content/BlazorMonaco/lib/monaco-editor/min-maps/vs/base/common/worker/simpleWorker.nls.fr.js.map.br	022f9f039096b8a758eb93f1350fbb0b376759bc	579	compiled-docs-web-payload	git show f773b3090ffd86cb5600fdaf3aca20ec9cc19606:docs/_content/BlazorMonaco/lib/monaco-editor/min-maps/vs/base/common/worker/simpleWorker.nls.fr.js.map.br
docs/_content/BlazorMonaco/lib/monaco-editor/min-maps/vs/base/common/worker/simpleWorker.nls.fr.js.map.gz	aa39eeee97c05151d02186b61ae5ac48a73eb4c4	680	compiled-docs-web-payload	git show f773b3090ffd86cb5600fdaf3aca20ec9cc19606:docs/_content/BlazorMonaco/lib/monaco-editor/min-maps/vs/base/common/worker/simpleWorker.nls.fr.js.map.gz
docs/_content/BlazorMonaco/lib/monaco-editor/min-maps/vs/base/common/worker/simpleWorker.nls.it.js.map	783e45af69c98a6c9d6d07fff5dfac7e6ae38ff7	1444	compiled-docs-web-payload	git show f773b3090ffd86cb5600fdaf3aca20ec9cc19606:docs/_content/BlazorMonaco/lib/monaco-editor/min-maps/vs/base/common/worker/simpleWorker.nls.it.js.map
docs/_content/BlazorMonaco/lib/monaco-editor/min-maps/vs/base/common/worker/simpleWorker.nls.it.js.map.br	0e364f90d7ba423bc1f33d1effbbe06e439ae77f	580	compiled-docs-web-payload	git show f773b3090ffd86cb5600fdaf3aca20ec9cc19606:docs/_content/BlazorMonaco/lib/monaco-editor/min-maps/vs/base/common/worker/simpleWorker.nls.it.js.map.br
docs/_content/BlazorMonaco/lib/monaco-editor/min-maps/vs/base/common/worker/simpleWorker.nls.it.js.map.gz	6c8d22c85c52b9bc01c3ba76f20c9c129001e25d	659	compiled-docs-web-payload	git show f773b3090ffd86cb5600fdaf3aca20ec9cc19606:docs/_content/BlazorMonaco/lib/monaco-editor/min-maps/vs/base/common/worker/simpleWorker.nls.it.js.map.gz
docs/_content/BlazorMonaco/lib/monaco-editor/min-maps/vs/base/common/worker/simpleWorker.nls.ja.js.map	76d5d856d7e70d4dbbe135fe73c4ad3cfff86725	1540	compiled-docs-web-payload	git show f773b3090ffd86cb5600fdaf3aca20ec9cc19606:docs/_content/BlazorMonaco/lib/monaco-editor/min-maps/vs/base/common/worker/simpleWorker.nls.ja.js.map
docs/_content/BlazorMonaco/lib/monaco-editor/min-maps/vs/base/common/worker/simpleWorker.nls.ja.js.map.br	f5a20f68bc963a96cbd6f38a9eaa2ea0ce539370	639	compiled-docs-web-payload	git show f773b3090ffd86cb5600fdaf3aca20ec9cc19606:docs/_content/BlazorMonaco/lib/monaco-editor/min-maps/vs/base/common/worker/simpleWorker.nls.ja.js.map.br
docs/_content/BlazorMonaco/lib/monaco-editor/min-maps/vs/base/common/worker/simpleWorker.nls.ja.js.map.gz	2fd264d7c6954b61c44276210b716e86b7157ca3	770	compiled-docs-web-payload	git show f773b3090ffd86cb5600fdaf3aca20ec9cc19606:docs/_content/BlazorMonaco/lib/monaco-editor/min-maps/vs/base/common/worker/simpleWorker.nls.ja.js.map.gz
docs/_content/BlazorMonaco/lib/monaco-editor/min-maps/vs/base/common/worker/simpleWorker.nls.js.map	f3497952e3636cdd56b4e472fc026e2c3395c61a	1577	compiled-docs-web-payload	git show f773b3090ffd86cb5600fdaf3aca20ec9cc19606:docs/_content/BlazorMonaco/lib/monaco-editor/min-maps/vs/base/common/worker/simpleWorker.nls.js.map
docs/_content/BlazorMonaco/lib/monaco-editor/min-maps/vs/base/common/worker/simpleWorker.nls.js.map.br	e860a1483d96f4fa9ce2a5bdd5f8d8fcb71b5e4c	521	compiled-docs-web-payload	git show f773b3090ffd86cb5600fdaf3aca20ec9cc19606:docs/_content/BlazorMonaco/lib/monaco-editor/min-maps/vs/base/common/worker/simpleWorker.nls.js.map.br
docs/_content/BlazorMonaco/lib/monaco-editor/min-maps/vs/base/common/worker/simpleWorker.nls.js.map.gz	b585fd09f01384caae81c3f3a933702ff5cd1850	636	compiled-docs-web-payload	git show f773b3090ffd86cb5600fdaf3aca20ec9cc19606:docs/_content/BlazorMonaco/lib/monaco-editor/min-maps/vs/base/common/worker/simpleWorker.nls.js.map.gz
docs/_content/BlazorMonaco/lib/monaco-editor/min-maps/vs/base/common/worker/simpleWorker.nls.ko.js.map	9cee45af0402f701893f04c7d0fe890d942129bf	1443	compiled-docs-web-payload	git show f773b3090ffd86cb5600fdaf3aca20ec9cc19606:docs/_content/BlazorMonaco/lib/monaco-editor/min-maps/vs/base/common/worker/simpleWorker.nls.ko.js.map
docs/_content/BlazorMonaco/lib/monaco-editor/min-maps/vs/base/common/worker/simpleWorker.nls.ko.js.map.br	e8fee2dadf5e6ca867ea6b34e6e5ec0bc4dc0ec5	596	compiled-docs-web-payload	git show f773b3090ffd86cb5600fdaf3aca20ec9cc19606:docs/_content/BlazorMonaco/lib/monaco-editor/min-maps/vs/base/common/worker/simpleWorker.nls.ko.js.map.br
docs/_content/BlazorMonaco/lib/monaco-editor/min-maps/vs/base/common/worker/simpleWorker.nls.ko.js.map.gz	20ff60ef15f9a9f629c191ec100f8f5e7800ed42	720	compiled-docs-web-payload	git show f773b3090ffd86cb5600fdaf3aca20ec9cc19606:docs/_content/BlazorMonaco/lib/monaco-editor/min-maps/vs/base/common/worker/simpleWorker.nls.ko.js.map.gz
docs/_content/BlazorMonaco/lib/monaco-editor/min-maps/vs/base/common/worker/simpleWorker.nls.ru.js.map	e105629b2b0c97aa09382859e918c671e8a64a1b	1663	compiled-docs-web-payload	git show f773b3090ffd86cb5600fdaf3aca20ec9cc19606:docs/_content/BlazorMonaco/lib/monaco-editor/min-maps/vs/base/common/worker/simpleWorker.nls.ru.js.map
docs/_content/BlazorMonaco/lib/monaco-editor/min-maps/vs/base/common/worker/simpleWorker.nls.ru.js.map.br	d1b7bbfa4f2bf7cb5c215dae998575ad2de4fbe4	630	compiled-docs-web-payload	git show f773b3090ffd86cb5600fdaf3aca20ec9cc19606:docs/_content/BlazorMonaco/lib/monaco-editor/min-maps/vs/base/common/worker/simpleWorker.nls.ru.js.map.br
docs/_content/BlazorMonaco/lib/monaco-editor/min-maps/vs/base/common/worker/simpleWorker.nls.ru.js.map.gz	56855ba31cb2ef4d8515ffcc82173e8e6c10c8b4	799	compiled-docs-web-payload	git show f773b3090ffd86cb5600fdaf3aca20ec9cc19606:docs/_content/BlazorMonaco/lib/monaco-editor/min-maps/vs/base/common/worker/simpleWorker.nls.ru.js.map.gz
docs/_content/BlazorMonaco/lib/monaco-editor/min-maps/vs/base/common/worker/simpleWorker.nls.zh-cn.js.map	52a7828a6d95591eaa25fa0255545f4629b6f265	1402	compiled-docs-web-payload	git show f773b3090ffd86cb5600fdaf3aca20ec9cc19606:docs/_content/BlazorMonaco/lib/monaco-editor/min-maps/vs/base/common/worker/simpleWorker.nls.zh-cn.js.map
docs/_content/BlazorMonaco/lib/monaco-editor/min-maps/vs/base/common/worker/simpleWorker.nls.zh-cn.js.map.br	d711b342d8a92d6de611c9c784f1974aa25fe95c	547	compiled-docs-web-payload	git show f773b3090ffd86cb5600fdaf3aca20ec9cc19606:docs/_content/BlazorMonaco/lib/monaco-editor/min-maps/vs/base/common/worker/simpleWorker.nls.zh-cn.js.map.br
docs/_content/BlazorMonaco/lib/monaco-editor/min-maps/vs/base/common/worker/simpleWorker.nls.zh-cn.js.map.gz	3690868345b2d1103eaca718c6dafd2cf5bca78e	706	compiled-docs-web-payload	git show f773b3090ffd86cb5600fdaf3aca20ec9cc19606:docs/_content/BlazorMonaco/lib/monaco-editor/min-maps/vs/base/common/worker/simpleWorker.nls.zh-cn.js.map.gz
docs/_content/BlazorMonaco/lib/monaco-editor/min-maps/vs/base/common/worker/simpleWorker.nls.zh-tw.js.map	2a6c66bbde0179406e22c39734cfcbb796f18ada	1411	compiled-docs-web-payload	git show f773b3090ffd86cb5600fdaf3aca20ec9cc19606:docs/_content/BlazorMonaco/lib/monaco-editor/min-maps/vs/base/common/worker/simpleWorker.nls.zh-tw.js.map
docs/_content/BlazorMonaco/lib/monaco-editor/min-maps/vs/base/common/worker/simpleWorker.nls.zh-tw.js.map.br	938d6d5d656cf2792c8c9e6f4d9a7eb2a282c092	578	compiled-docs-web-payload	git show f773b3090ffd86cb5600fdaf3aca20ec9cc19606:docs/_content/BlazorMonaco/lib/monaco-editor/min-maps/vs/base/common/worker/simpleWorker.nls.zh-tw.js.map.br
docs/_content/BlazorMonaco/lib/monaco-editor/min-maps/vs/base/common/worker/simpleWorker.nls.zh-tw.js.map.gz	f65456f6141e63f5cc369e84f5b576ad275bac14	706	compiled-docs-web-payload	git show f773b3090ffd86cb5600fdaf3aca20ec9cc19606:docs/_content/BlazorMonaco/lib/monaco-editor/min-maps/vs/base/common/worker/simpleWorker.nls.zh-tw.js.map.gz
docs/_content/BlazorMonaco/lib/monaco-editor/min-maps/vs/base/worker/workerMain.js.map	fe1dd2be14fdb489f9088ce00aada2f839df854e	1332437	compiled-docs-web-payload	git show f773b3090ffd86cb5600fdaf3aca20ec9cc19606:docs/_content/BlazorMonaco/lib/monaco-editor/min-maps/vs/base/worker/workerMain.js.map
docs/_content/BlazorMonaco/lib/monaco-editor/min-maps/vs/base/worker/workerMain.js.map.br	123f6551f21a99f9693efa0232cbc0b461cc6703	251852	compiled-docs-web-payload	git show f773b3090ffd86cb5600fdaf3aca20ec9cc19606:docs/_content/BlazorMonaco/lib/monaco-editor/min-maps/vs/base/worker/workerMain.js.map.br
docs/_content/BlazorMonaco/lib/monaco-editor/min-maps/vs/base/worker/workerMain.js.map.gz	a4e9ccdf7eb940d1a4f5ba3b787e51b876a2b2d6	314769	compiled-docs-web-payload	git show f773b3090ffd86cb5600fdaf3aca20ec9cc19606:docs/_content/BlazorMonaco/lib/monaco-editor/min-maps/vs/base/worker/workerMain.js.map.gz
docs/_content/BlazorMonaco/lib/monaco-editor/min-maps/vs/editor/editor.main.js.map	b426aeeec37af4729d27d184ef7bb3a214ae9832	12528584	compiled-docs-web-payload	git show f773b3090ffd86cb5600fdaf3aca20ec9cc19606:docs/_content/BlazorMonaco/lib/monaco-editor/min-maps/vs/editor/editor.main.js.map
docs/_content/BlazorMonaco/lib/monaco-editor/min-maps/vs/editor/editor.main.js.map.br	254211a4f2549b2b0fb46212a4843fe8969ad1f0	2089117	compiled-docs-web-payload	git show f773b3090ffd86cb5600fdaf3aca20ec9cc19606:docs/_content/BlazorMonaco/lib/monaco-editor/min-maps/vs/editor/editor.main.js.map.br
docs/_content/BlazorMonaco/lib/monaco-editor/min-maps/vs/editor/editor.main.js.map.gz	52218f45c9dc36d54f241864f06860e33f2e1541	2763946	compiled-docs-web-payload	git show f773b3090ffd86cb5600fdaf3aca20ec9cc19606:docs/_content/BlazorMonaco/lib/monaco-editor/min-maps/vs/editor/editor.main.js.map.gz
docs/_content/BlazorMonaco/lib/monaco-editor/min-maps/vs/editor/editor.main.nls.de.js.map	8d1a5526ce98ba493479e26361dab748f4bfd097	147599	compiled-docs-web-payload	git show f773b3090ffd86cb5600fdaf3aca20ec9cc19606:docs/_content/BlazorMonaco/lib/monaco-editor/min-maps/vs/editor/editor.main.nls.de.js.map
docs/_content/BlazorMonaco/lib/monaco-editor/min-maps/vs/editor/editor.main.nls.de.js.map.br	00304c26ea0ab703bcfa3bfe952472ff570c2994	27266	compiled-docs-web-payload	git show f773b3090ffd86cb5600fdaf3aca20ec9cc19606:docs/_content/BlazorMonaco/lib/monaco-editor/min-maps/vs/editor/editor.main.nls.de.js.map.br
docs/_content/BlazorMonaco/lib/monaco-editor/min-maps/vs/editor/editor.main.nls.de.js.map.gz	6261806eee1a918711a265c6871f0c12dcbe5731	31545	compiled-docs-web-payload	git show f773b3090ffd86cb5600fdaf3aca20ec9cc19606:docs/_content/BlazorMonaco/lib/monaco-editor/min-maps/vs/editor/editor.main.nls.de.js.map.gz
docs/_content/BlazorMonaco/lib/monaco-editor/min-maps/vs/editor/editor.main.nls.es.js.map	40249cdbd827f1be77b1db0f8f132c2e7dab7f62	147968	compiled-docs-web-payload	git show f773b3090ffd86cb5600fdaf3aca20ec9cc19606:docs/_content/BlazorMonaco/lib/monaco-editor/min-maps/vs/editor/editor.main.nls.es.js.map
docs/_content/BlazorMonaco/lib/monaco-editor/min-maps/vs/editor/editor.main.nls.es.js.map.br	29c0e9e3be30a26485f2fa722717264413e97d76	25067	compiled-docs-web-payload	git show f773b3090ffd86cb5600fdaf3aca20ec9cc19606:docs/_content/BlazorMonaco/lib/monaco-editor/min-maps/vs/editor/editor.main.nls.es.js.map.br
docs/_content/BlazorMonaco/lib/monaco-editor/min-maps/vs/editor/editor.main.nls.es.js.map.gz	fd1e4f212e8ff4ed5f80a2449779ff2cebe275f5	29944	compiled-docs-web-payload	git show f773b3090ffd86cb5600fdaf3aca20ec9cc19606:docs/_content/BlazorMonaco/lib/monaco-editor/min-maps/vs/editor/editor.main.nls.es.js.map.gz
docs/_content/BlazorMonaco/lib/monaco-editor/min-maps/vs/editor/editor.main.nls.fr.js.map	0adecc15ee351b743995bee9c8779691b537f39a	156351	compiled-docs-web-payload	git show f773b3090ffd86cb5600fdaf3aca20ec9cc19606:docs/_content/BlazorMonaco/lib/monaco-editor/min-maps/vs/editor/editor.main.nls.fr.js.map
docs/_content/BlazorMonaco/lib/monaco-editor/min-maps/vs/editor/editor.main.nls.fr.js.map.br	410470302b94342488d37fbcb744e725785d32fc	26600	compiled-docs-web-payload	git show f773b3090ffd86cb5600fdaf3aca20ec9cc19606:docs/_content/BlazorMonaco/lib/monaco-editor/min-maps/vs/editor/editor.main.nls.fr.js.map.br
docs/_content/BlazorMonaco/lib/monaco-editor/min-maps/vs/editor/editor.main.nls.fr.js.map.gz	d0aa44122a61b476ecf842503ff04cb7a4a1bf5e	31348	compiled-docs-web-payload	git show f773b3090ffd86cb5600fdaf3aca20ec9cc19606:docs/_content/BlazorMonaco/lib/monaco-editor/min-maps/vs/editor/editor.main.nls.fr.js.map.gz
docs/_content/BlazorMonaco/lib/monaco-editor/min-maps/vs/editor/editor.main.nls.it.js.map	d457f7294fcfa970a86ddae07b7426d2d889b3df	152615	compiled-docs-web-payload	git show f773b3090ffd86cb5600fdaf3aca20ec9cc19606:docs/_content/BlazorMonaco/lib/monaco-editor/min-maps/vs/editor/editor.main.nls.it.js.map
docs/_content/BlazorMonaco/lib/monaco-editor/min-maps/vs/editor/editor.main.nls.it.js.map.br	41c8cdceadf0c4467a5b30300367ab14aa6ded78	25125	compiled-docs-web-payload	git show f773b3090ffd86cb5600fdaf3aca20ec9cc19606:docs/_content/BlazorMonaco/lib/monaco-editor/min-maps/vs/editor/editor.main.nls.it.js.map.br
docs/_content/BlazorMonaco/lib/monaco-editor/min-maps/vs/editor/editor.main.nls.it.js.map.gz	07197f177365c19f1948158f0c9e79dddea883f1	29748	compiled-docs-web-payload	git show f773b3090ffd86cb5600fdaf3aca20ec9cc19606:docs/_content/BlazorMonaco/lib/monaco-editor/min-maps/vs/editor/editor.main.nls.it.js.map.gz
docs/_content/BlazorMonaco/lib/monaco-editor/min-maps/vs/editor/editor.main.nls.ja.js.map	22e5442b37074b02f80ca24790aae4201c103f9e	164446	compiled-docs-web-payload	git show f773b3090ffd86cb5600fdaf3aca20ec9cc19606:docs/_content/BlazorMonaco/lib/monaco-editor/min-maps/vs/editor/editor.main.nls.ja.js.map
docs/_content/BlazorMonaco/lib/monaco-editor/min-maps/vs/editor/editor.main.nls.ja.js.map.br	37de740b2888984dc0b9edec1a18fb506f607f55	25529	compiled-docs-web-payload	git show f773b3090ffd86cb5600fdaf3aca20ec9cc19606:docs/_content/BlazorMonaco/lib/monaco-editor/min-maps/vs/editor/editor.main.nls.ja.js.map.br
docs/_content/BlazorMonaco/lib/monaco-editor/min-maps/vs/editor/editor.main.nls.ja.js.map.gz	a8fc7802812af7132856ca7354616cafba45d418	31142	compiled-docs-web-payload	git show f773b3090ffd86cb5600fdaf3aca20ec9cc19606:docs/_content/BlazorMonaco/lib/monaco-editor/min-maps/vs/editor/editor.main.nls.ja.js.map.gz
docs/_content/BlazorMonaco/lib/monaco-editor/min-maps/vs/editor/editor.main.nls.js.map	9828575b94cb9bd20bffa33d2675d37ba8fd61a1	125342	compiled-docs-web-payload	git show f773b3090ffd86cb5600fdaf3aca20ec9cc19606:docs/_content/BlazorMonaco/lib/monaco-editor/min-maps/vs/editor/editor.main.nls.js.map
docs/_content/BlazorMonaco/lib/monaco-editor/min-maps/vs/editor/editor.main.nls.js.map.br	33d832efb0a6951386a9c3e8df4f7f566db9ac5a	21579	compiled-docs-web-payload	git show f773b3090ffd86cb5600fdaf3aca20ec9cc19606:docs/_content/BlazorMonaco/lib/monaco-editor/min-maps/vs/editor/editor.main.nls.js.map.br
docs/_content/BlazorMonaco/lib/monaco-editor/min-maps/vs/editor/editor.main.nls.js.map.gz	91526d58b9caf34cd0283d669d6b3126b7b8b0b0	26198	compiled-docs-web-payload	git show f773b3090ffd86cb5600fdaf3aca20ec9cc19606:docs/_content/BlazorMonaco/lib/monaco-editor/min-maps/vs/editor/editor.main.nls.js.map.gz
docs/_content/BlazorMonaco/lib/monaco-editor/min-maps/vs/editor/editor.main.nls.ko.js.map	956128425bea473e845adf55f51faebe51b3e3f0	146966	compiled-docs-web-payload	git show f773b3090ffd86cb5600fdaf3aca20ec9cc19606:docs/_content/BlazorMonaco/lib/monaco-editor/min-maps/vs/editor/editor.main.nls.ko.js.map
docs/_content/BlazorMonaco/lib/monaco-editor/min-maps/vs/editor/editor.main.nls.ko.js.map.br	3751777527fbc9604e379f952c0e06e7366ef69b	24511	compiled-docs-web-payload	git show f773b3090ffd86cb5600fdaf3aca20ec9cc19606:docs/_content/BlazorMonaco/lib/monaco-editor/min-maps/vs/editor/editor.main.nls.ko.js.map.br
docs/_content/BlazorMonaco/lib/monaco-editor/min-maps/vs/editor/editor.main.nls.ko.js.map.gz	a95413d0af338988ae4c99b84dca6cd5156a673b	29680	compiled-docs-web-payload	git show f773b3090ffd86cb5600fdaf3aca20ec9cc19606:docs/_content/BlazorMonaco/lib/monaco-editor/min-maps/vs/editor/editor.main.nls.ko.js.map.gz
docs/_content/BlazorMonaco/lib/monaco-editor/min-maps/vs/editor/editor.main.nls.ru.js.map	0e8e5705431ba9a6fcaec668910fad81c1e4d6a1	222763	compiled-docs-web-payload	git show f773b3090ffd86cb5600fdaf3aca20ec9cc19606:docs/_content/BlazorMonaco/lib/monaco-editor/min-maps/vs/editor/editor.main.nls.ru.js.map
docs/_content/BlazorMonaco/lib/monaco-editor/min-maps/vs/editor/editor.main.nls.ru.js.map.br	2842dca0971875f349513ea5817552701e3e5d81	29301	compiled-docs-web-payload	git show f773b3090ffd86cb5600fdaf3aca20ec9cc19606:docs/_content/BlazorMonaco/lib/monaco-editor/min-maps/vs/editor/editor.main.nls.ru.js.map.br
docs/_content/BlazorMonaco/lib/monaco-editor/min-maps/vs/editor/editor.main.nls.ru.js.map.gz	84d3b6daec8f77ce5461b342b9ac44b7414c9004	36795	compiled-docs-web-payload	git show f773b3090ffd86cb5600fdaf3aca20ec9cc19606:docs/_content/BlazorMonaco/lib/monaco-editor/min-maps/vs/editor/editor.main.nls.ru.js.map.gz
docs/_content/BlazorMonaco/lib/monaco-editor/min-maps/vs/editor/editor.main.nls.zh-cn.js.map	c85c6dae821018a4bd8816f0f9af8e5af6c7ff3e	117002	compiled-docs-web-payload	git show f773b3090ffd86cb5600fdaf3aca20ec9cc19606:docs/_content/BlazorMonaco/lib/monaco-editor/min-maps/vs/editor/editor.main.nls.zh-cn.js.map
docs/_content/BlazorMonaco/lib/monaco-editor/min-maps/vs/editor/editor.main.nls.zh-cn.js.map.br	2cb400103c50f5708d5b9ef988d5a6f9bdab6dfb	22781	compiled-docs-web-payload	git show f773b3090ffd86cb5600fdaf3aca20ec9cc19606:docs/_content/BlazorMonaco/lib/monaco-editor/min-maps/vs/editor/editor.main.nls.zh-cn.js.map.br
docs/_content/BlazorMonaco/lib/monaco-editor/min-maps/vs/editor/editor.main.nls.zh-cn.js.map.gz	3638e31a2db918a91abd873912c8ea91d0507a45	27967	compiled-docs-web-payload	git show f773b3090ffd86cb5600fdaf3aca20ec9cc19606:docs/_content/BlazorMonaco/lib/monaco-editor/min-maps/vs/editor/editor.main.nls.zh-cn.js.map.gz
docs/_content/BlazorMonaco/lib/monaco-editor/min-maps/vs/editor/editor.main.nls.zh-tw.js.map	a9f49a210a8fc71687e04587b74d46f4069a8fec	119311	compiled-docs-web-payload	git show f773b3090ffd86cb5600fdaf3aca20ec9cc19606:docs/_content/BlazorMonaco/lib/monaco-editor/min-maps/vs/editor/editor.main.nls.zh-tw.js.map
docs/_content/BlazorMonaco/lib/monaco-editor/min-maps/vs/editor/editor.main.nls.zh-tw.js.map.br	b0cd9e39f6f9dc231c465c89e3619cabeb20d095	23304	compiled-docs-web-payload	git show f773b3090ffd86cb5600fdaf3aca20ec9cc19606:docs/_content/BlazorMonaco/lib/monaco-editor/min-maps/vs/editor/editor.main.nls.zh-tw.js.map.br
docs/_content/BlazorMonaco/lib/monaco-editor/min-maps/vs/editor/editor.main.nls.zh-tw.js.map.gz	0b480a799eb5028745bbec8ff7e0d905f8618fe6	28310	compiled-docs-web-payload	git show f773b3090ffd86cb5600fdaf3aca20ec9cc19606:docs/_content/BlazorMonaco/lib/monaco-editor/min-maps/vs/editor/editor.main.nls.zh-tw.js.map.gz
docs/_content/BlazorMonaco/lib/monaco-editor/min-maps/vs/loader.js.map	f2782e43d52683776073634a9503c7e778973f33	112623	compiled-docs-web-payload	git show f773b3090ffd86cb5600fdaf3aca20ec9cc19606:docs/_content/BlazorMonaco/lib/monaco-editor/min-maps/vs/loader.js.map
docs/_content/BlazorMonaco/lib/monaco-editor/min-maps/vs/loader.js.map.br	774083478365391e315ffd6bcd81493899a5d649	23602	compiled-docs-web-payload	git show f773b3090ffd86cb5600fdaf3aca20ec9cc19606:docs/_content/BlazorMonaco/lib/monaco-editor/min-maps/vs/loader.js.map.br
docs/_content/BlazorMonaco/lib/monaco-editor/min-maps/vs/loader.js.map.gz	ddb5e479c303039b37801d689a496875dec9c61e	27593	compiled-docs-web-payload	git show f773b3090ffd86cb5600fdaf3aca20ec9cc19606:docs/_content/BlazorMonaco/lib/monaco-editor/min-maps/vs/loader.js.map.gz
docs/_content/BlazorMonaco/lib/monaco-editor/min/vs/base/browser/ui/codicons/codicon/codicon.ttf	4894dfa316d4a98f4804f67b7840b00e0e20051a	79504	compiled-docs-web-payload	git show f773b3090ffd86cb5600fdaf3aca20ec9cc19606:docs/_content/BlazorMonaco/lib/monaco-editor/min/vs/base/browser/ui/codicons/codicon/codicon.ttf
docs/_content/BlazorMonaco/lib/monaco-editor/min/vs/base/common/worker/simpleWorker.nls.de.js	3768cb94f2f81850bb13d0fb9631e1ca817dac73	876	compiled-docs-web-payload	git show f773b3090ffd86cb5600fdaf3aca20ec9cc19606:docs/_content/BlazorMonaco/lib/monaco-editor/min/vs/base/common/worker/simpleWorker.nls.de.js
docs/_content/BlazorMonaco/lib/monaco-editor/min/vs/base/common/worker/simpleWorker.nls.de.js.br	9adca11d2bbfdba7e6aae6e065067a56524df7f5	442	compiled-docs-web-payload	git show f773b3090ffd86cb5600fdaf3aca20ec9cc19606:docs/_content/BlazorMonaco/lib/monaco-editor/min/vs/base/common/worker/simpleWorker.nls.de.js.br
docs/_content/BlazorMonaco/lib/monaco-editor/min/vs/base/common/worker/simpleWorker.nls.de.js.gz	78b43916aeafee1e31c23384404ec28777bb9ec1	513	compiled-docs-web-payload	git show f773b3090ffd86cb5600fdaf3aca20ec9cc19606:docs/_content/BlazorMonaco/lib/monaco-editor/min/vs/base/common/worker/simpleWorker.nls.de.js.gz
docs/_content/BlazorMonaco/lib/monaco-editor/min/vs/base/common/worker/simpleWorker.nls.de.min.js	b42b28957397f3ac5c66d069a868825074348d38	429	compiled-docs-web-payload	git show f773b3090ffd86cb5600fdaf3aca20ec9cc19606:docs/_content/BlazorMonaco/lib/monaco-editor/min/vs/base/common/worker/simpleWorker.nls.de.min.js
docs/_content/BlazorMonaco/lib/monaco-editor/min/vs/base/common/worker/simpleWorker.nls.de.min.js.br	84768dd20cf65e5422fc911907dd67ebbbbd9aaf	259	compiled-docs-web-payload	git show f773b3090ffd86cb5600fdaf3aca20ec9cc19606:docs/_content/BlazorMonaco/lib/monaco-editor/min/vs/base/common/worker/simpleWorker.nls.de.min.js.br
docs/_content/BlazorMonaco/lib/monaco-editor/min/vs/base/common/worker/simpleWorker.nls.de.min.js.gz	4b03dd096724b98768689e2c7068415432289016	299	compiled-docs-web-payload	git show f773b3090ffd86cb5600fdaf3aca20ec9cc19606:docs/_content/BlazorMonaco/lib/monaco-editor/min/vs/base/common/worker/simpleWorker.nls.de.min.js.gz
docs/_content/BlazorMonaco/lib/monaco-editor/min/vs/base/common/worker/simpleWorker.nls.es.js	785465220a2aad84fcb75f7637c5dc4d1b2150cf	897	compiled-docs-web-payload	git show f773b3090ffd86cb5600fdaf3aca20ec9cc19606:docs/_content/BlazorMonaco/lib/monaco-editor/min/vs/base/common/worker/simpleWorker.nls.es.js
docs/_content/BlazorMonaco/lib/monaco-editor/min/vs/base/common/worker/simpleWorker.nls.es.js.br	88df4b5fac3d1f7fcb2c2caa62469106be59d9d4	421	compiled-docs-web-payload	git show f773b3090ffd86cb5600fdaf3aca20ec9cc19606:docs/_content/BlazorMonaco/lib/monaco-editor/min/vs/base/common/worker/simpleWorker.nls.es.js.br
docs/_content/BlazorMonaco/lib/monaco-editor/min/vs/base/common/worker/simpleWorker.nls.es.js.gz	91a52ac142fe54c6e453fab48b8b3b6d4406f0b4	514	compiled-docs-web-payload	git show f773b3090ffd86cb5600fdaf3aca20ec9cc19606:docs/_content/BlazorMonaco/lib/monaco-editor/min/vs/base/common/worker/simpleWorker.nls.es.js.gz
docs/_content/BlazorMonaco/lib/monaco-editor/min/vs/base/common/worker/simpleWorker.nls.es.min.js	a858992a19f044da4453bcc61f591bce11da39cb	438	compiled-docs-web-payload	git show f773b3090ffd86cb5600fdaf3aca20ec9cc19606:docs/_content/BlazorMonaco/lib/monaco-editor/min/vs/base/common/worker/simpleWorker.nls.es.min.js
docs/_content/BlazorMonaco/lib/monaco-editor/min/vs/base/common/worker/simpleWorker.nls.es.min.js.br	d6839234091e7b5bd486c056accda78de7aef6de	242	compiled-docs-web-payload	git show f773b3090ffd86cb5600fdaf3aca20ec9cc19606:docs/_content/BlazorMonaco/lib/monaco-editor/min/vs/base/common/worker/simpleWorker.nls.es.min.js.br
docs/_content/BlazorMonaco/lib/monaco-editor/min/vs/base/common/worker/simpleWorker.nls.es.min.js.gz	346021c6d0b17ab03aab5c0c244b5085076717dc	291	compiled-docs-web-payload	git show f773b3090ffd86cb5600fdaf3aca20ec9cc19606:docs/_content/BlazorMonaco/lib/monaco-editor/min/vs/base/common/worker/simpleWorker.nls.es.min.js.gz
docs/_content/BlazorMonaco/lib/monaco-editor/min/vs/base/common/worker/simpleWorker.nls.fr.js	94b9c7e61f17e2cb0126aec78029136049fec21f	911	compiled-docs-web-payload	git show f773b3090ffd86cb5600fdaf3aca20ec9cc19606:docs/_content/BlazorMonaco/lib/monaco-editor/min/vs/base/common/worker/simpleWorker.nls.fr.js
docs/_content/BlazorMonaco/lib/monaco-editor/min/vs/base/common/worker/simpleWorker.nls.fr.js.br	be7c8ca3238aee0a827850db4394fe09bb8e202b	422	compiled-docs-web-payload	git show f773b3090ffd86cb5600fdaf3aca20ec9cc19606:docs/_content/BlazorMonaco/lib/monaco-editor/min/vs/base/common/worker/simpleWorker.nls.fr.js.br
docs/_content/BlazorMonaco/lib/monaco-editor/min/vs/base/common/worker/simpleWorker.nls.fr.js.gz	6a4cbc62be9e48296b128200f4a0b3677f033a51	515	compiled-docs-web-payload	git show f773b3090ffd86cb5600fdaf3aca20ec9cc19606:docs/_content/BlazorMonaco/lib/monaco-editor/min/vs/base/common/worker/simpleWorker.nls.fr.js.gz
docs/_content/BlazorMonaco/lib/monaco-editor/min/vs/base/common/worker/simpleWorker.nls.fr.min.js	53f2eafb71cc44eb929fa87f98a316963232c9f0	438	compiled-docs-web-payload	git show f773b3090ffd86cb5600fdaf3aca20ec9cc19606:docs/_content/BlazorMonaco/lib/monaco-editor/min/vs/base/common/worker/simpleWorker.nls.fr.min.js
docs/_content/BlazorMonaco/lib/monaco-editor/min/vs/base/common/worker/simpleWorker.nls.fr.min.js.br	17dc690c6014344a1e06194d9f76aa8315374d35	250	compiled-docs-web-payload	git show f773b3090ffd86cb5600fdaf3aca20ec9cc19606:docs/_content/BlazorMonaco/lib/monaco-editor/min/vs/base/common/worker/simpleWorker.nls.fr.min.js.br
docs/_content/BlazorMonaco/lib/monaco-editor/min/vs/base/common/worker/simpleWorker.nls.fr.min.js.gz	83474b676198ab521ce6bfbff51391d7604b4cac	295	compiled-docs-web-payload	git show f773b3090ffd86cb5600fdaf3aca20ec9cc19606:docs/_content/BlazorMonaco/lib/monaco-editor/min/vs/base/common/worker/simpleWorker.nls.fr.min.js.gz
docs/_content/BlazorMonaco/lib/monaco-editor/min/vs/base/common/worker/simpleWorker.nls.it.js	da0d53cf79acbd930a6ee2884a4cac6630f5394e	886	compiled-docs-web-payload	git show f773b3090ffd86cb5600fdaf3aca20ec9cc19606:docs/_content/BlazorMonaco/lib/monaco-editor/min/vs/base/common/worker/simpleWorker.nls.it.js
docs/_content/BlazorMonaco/lib/monaco-editor/min/vs/base/common/worker/simpleWorker.nls.it.js.br	23b68c9ff21ac10b301e364cb429a6c15caee253	422	compiled-docs-web-payload	git show f773b3090ffd86cb5600fdaf3aca20ec9cc19606:docs/_content/BlazorMonaco/lib/monaco-editor/min/vs/base/common/worker/simpleWorker.nls.it.js.br
docs/_content/BlazorMonaco/lib/monaco-editor/min/vs/base/common/worker/simpleWorker.nls.it.js.gz	3fc65f8a4266a8084bde8085412b917037dd23ad	498	compiled-docs-web-payload	git show f773b3090ffd86cb5600fdaf3aca20ec9cc19606:docs/_content/BlazorMonaco/lib/monaco-editor/min/vs/base/common/worker/simpleWorker.nls.it.js.gz
docs/_content/BlazorMonaco/lib/monaco-editor/min/vs/base/common/worker/simpleWorker.nls.it.min.js	c33fb784adc0d7cc7b3dc9162b6a95f2d603500e	439	compiled-docs-web-payload	git show f773b3090ffd86cb5600fdaf3aca20ec9cc19606:docs/_content/BlazorMonaco/lib/monaco-editor/min/vs/base/common/worker/simpleWorker.nls.it.min.js
docs/_content/BlazorMonaco/lib/monaco-editor/min/vs/base/common/worker/simpleWorker.nls.it.min.js.br	9d7299fee7b00f8dc76588012e203b50a82f4d0b	254	compiled-docs-web-payload	git show f773b3090ffd86cb5600fdaf3aca20ec9cc19606:docs/_content/BlazorMonaco/lib/monaco-editor/min/vs/base/common/worker/simpleWorker.nls.it.min.js.br
docs/_content/BlazorMonaco/lib/monaco-editor/min/vs/base/common/worker/simpleWorker.nls.it.min.js.gz	30281f3a54059bf3e268387662d202dfa5f7f3e0	279	compiled-docs-web-payload	git show f773b3090ffd86cb5600fdaf3aca20ec9cc19606:docs/_content/BlazorMonaco/lib/monaco-editor/min/vs/base/common/worker/simpleWorker.nls.it.min.js.gz
docs/_content/BlazorMonaco/lib/monaco-editor/min/vs/base/common/worker/simpleWorker.nls.ja.js	f028c13ab0b600bd71472a27081efb8d56c25f51	1274	compiled-docs-web-payload	git show f773b3090ffd86cb5600fdaf3aca20ec9cc19606:docs/_content/BlazorMonaco/lib/monaco-editor/min/vs/base/common/worker/simpleWorker.nls.ja.js
docs/_content/BlazorMonaco/lib/monaco-editor/min/vs/base/common/worker/simpleWorker.nls.ja.js.br	fc9a71f25c8a1ee97e6c412ababf7eff2bc68564	508	compiled-docs-web-payload	git show f773b3090ffd86cb5600fdaf3aca20ec9cc19606:docs/_content/BlazorMonaco/lib/monaco-editor/min/vs/base/common/worker/simpleWorker.nls.ja.js.br
docs/_content/BlazorMonaco/lib/monaco-editor/min/vs/base/common/worker/simpleWorker.nls.ja.js.gz	71b5e739ecb0ee4cb130f4e87084feb669119224	612	compiled-docs-web-payload	git show f773b3090ffd86cb5600fdaf3aca20ec9cc19606:docs/_content/BlazorMonaco/lib/monaco-editor/min/vs/base/common/worker/simpleWorker.nls.ja.js.gz
docs/_content/BlazorMonaco/lib/monaco-editor/min/vs/base/common/worker/simpleWorker.nls.ja.min.js	519490fa452c332c496654cb862f371ac56bff64	520	compiled-docs-web-payload	git show f773b3090ffd86cb5600fdaf3aca20ec9cc19606:docs/_content/BlazorMonaco/lib/monaco-editor/min/vs/base/common/worker/simpleWorker.nls.ja.min.js
docs/_content/BlazorMonaco/lib/monaco-editor/min/vs/base/common/worker/simpleWorker.nls.ja.min.js.br	7868d70a64d77e469751aa96c02887c341a44da0	297	compiled-docs-web-payload	git show f773b3090ffd86cb5600fdaf3aca20ec9cc19606:docs/_content/BlazorMonaco/lib/monaco-editor/min/vs/base/common/worker/simpleWorker.nls.ja.min.js.br
docs/_content/BlazorMonaco/lib/monaco-editor/min/vs/base/common/worker/simpleWorker.nls.ja.min.js.gz	2946404b5b81016d8f4fb3f48c80fafcdf978058	366	compiled-docs-web-payload	git show f773b3090ffd86cb5600fdaf3aca20ec9cc19606:docs/_content/BlazorMonaco/lib/monaco-editor/min/vs/base/common/worker/simpleWorker.nls.ja.min.js.gz
docs/_content/BlazorMonaco/lib/monaco-editor/min/vs/base/common/worker/simpleWorker.nls.js	1923fc03fe35c9a4c35fdfdf256f02d2e15603dc	839	compiled-docs-web-payload	git show f773b3090ffd86cb5600fdaf3aca20ec9cc19606:docs/_content/BlazorMonaco/lib/monaco-editor/min/vs/base/common/worker/simpleWorker.nls.js
docs/_content/BlazorMonaco/lib/monaco-editor/min/vs/base/common/worker/simpleWorker.nls.js.br	b6c84f6ba58e72b2cf49e87e8a0f5811c6de0ff2	366	compiled-docs-web-payload	git show f773b3090ffd86cb5600fdaf3aca20ec9cc19606:docs/_content/BlazorMonaco/lib/monaco-editor/min/vs/base/common/worker/simpleWorker.nls.js.br
docs/_content/BlazorMonaco/lib/monaco-editor/min/vs/base/common/worker/simpleWorker.nls.js.gz	8dec78a04011f875853fe64a2b2a0138cc6f96ad	469	compiled-docs-web-payload	git show f773b3090ffd86cb5600fdaf3aca20ec9cc19606:docs/_content/BlazorMonaco/lib/monaco-editor/min/vs/base/common/worker/simpleWorker.nls.js.gz
docs/_content/BlazorMonaco/lib/monaco-editor/min/vs/base/common/worker/simpleWorker.nls.ko.js	ab7b5b7edaefec793738fa17232296553d883b79	1090	compiled-docs-web-payload	git show f773b3090ffd86cb5600fdaf3aca20ec9cc19606:docs/_content/BlazorMonaco/lib/monaco-editor/min/vs/base/common/worker/simpleWorker.nls.ko.js
docs/_content/BlazorMonaco/lib/monaco-editor/min/vs/base/common/worker/simpleWorker.nls.ko.js.br	233e735bf24262021e98c297d065f678dc5efb3c	479	compiled-docs-web-payload	git show f773b3090ffd86cb5600fdaf3aca20ec9cc19606:docs/_content/BlazorMonaco/lib/monaco-editor/min/vs/base/common/worker/simpleWorker.nls.ko.js.br
docs/_content/BlazorMonaco/lib/monaco-editor/min/vs/base/common/worker/simpleWorker.nls.ko.js.gz	4620f7005f1ddf991ff319445f09c38cd118f261	569	compiled-docs-web-payload	git show f773b3090ffd86cb5600fdaf3aca20ec9cc19606:docs/_content/BlazorMonaco/lib/monaco-editor/min/vs/base/common/worker/simpleWorker.nls.ko.js.gz
docs/_content/BlazorMonaco/lib/monaco-editor/min/vs/base/common/worker/simpleWorker.nls.ko.min.js	4a4a584408f007bf8bb2707d6782a2b977c39303	429	compiled-docs-web-payload	git show f773b3090ffd86cb5600fdaf3aca20ec9cc19606:docs/_content/BlazorMonaco/lib/monaco-editor/min/vs/base/common/worker/simpleWorker.nls.ko.min.js
docs/_content/BlazorMonaco/lib/monaco-editor/min/vs/base/common/worker/simpleWorker.nls.ko.min.js.br	88c43b39147be114fb89429abd2edefa1bd6de51	262	compiled-docs-web-payload	git show f773b3090ffd86cb5600fdaf3aca20ec9cc19606:docs/_content/BlazorMonaco/lib/monaco-editor/min/vs/base/common/worker/simpleWorker.nls.ko.min.js.br
docs/_content/BlazorMonaco/lib/monaco-editor/min/vs/base/common/worker/simpleWorker.nls.ko.min.js.gz	741835d541f20656094afe962c461b94417dd20b	327	compiled-docs-web-payload	git show f773b3090ffd86cb5600fdaf3aca20ec9cc19606:docs/_content/BlazorMonaco/lib/monaco-editor/min/vs/base/common/worker/simpleWorker.nls.ko.min.js.gz
docs/_content/BlazorMonaco/lib/monaco-editor/min/vs/base/common/worker/simpleWorker.nls.min.js	398c2bf6fe3c099bf794a233004884d40bc1791a	397	compiled-docs-web-payload	git show f773b3090ffd86cb5600fdaf3aca20ec9cc19606:docs/_content/BlazorMonaco/lib/monaco-editor/min/vs/base/common/worker/simpleWorker.nls.min.js
docs/_content/BlazorMonaco/lib/monaco-editor/min/vs/base/common/worker/simpleWorker.nls.min.js.br	e28accb98eb2a6c2d851e6e7e582b2db9597c6b3	183	compiled-docs-web-payload	git show f773b3090ffd86cb5600fdaf3aca20ec9cc19606:docs/_content/BlazorMonaco/lib/monaco-editor/min/vs/base/common/worker/simpleWorker.nls.min.js.br
docs/_content/BlazorMonaco/lib/monaco-editor/min/vs/base/common/worker/simpleWorker.nls.min.js.gz	e446d818caff74fe622d660af0f47edc0bce5ebe	249	compiled-docs-web-payload	git show f773b3090ffd86cb5600fdaf3aca20ec9cc19606:docs/_content/BlazorMonaco/lib/monaco-editor/min/vs/base/common/worker/simpleWorker.nls.min.js.gz
docs/_content/BlazorMonaco/lib/monaco-editor/min/vs/base/common/worker/simpleWorker.nls.ru.js	0b3b832fcebac4f821f62f0178111cb3e4732404	1926	compiled-docs-web-payload	git show f773b3090ffd86cb5600fdaf3aca20ec9cc19606:docs/_content/BlazorMonaco/lib/monaco-editor/min/vs/base/common/worker/simpleWorker.nls.ru.js
docs/_content/BlazorMonaco/lib/monaco-editor/min/vs/base/common/worker/simpleWorker.nls.ru.js.br	25bd4709685a2fb45369e1885ce8eb6f0e579351	522	compiled-docs-web-payload	git show f773b3090ffd86cb5600fdaf3aca20ec9cc19606:docs/_content/BlazorMonaco/lib/monaco-editor/min/vs/base/common/worker/simpleWorker.nls.ru.js.br
docs/_content/BlazorMonaco/lib/monaco-editor/min/vs/base/common/worker/simpleWorker.nls.ru.js.gz	1b4247b1e71335a3d5a039e88a95be1fa6dff6dc	631	compiled-docs-web-payload	git show f773b3090ffd86cb5600fdaf3aca20ec9cc19606:docs/_content/BlazorMonaco/lib/monaco-editor/min/vs/base/common/worker/simpleWorker.nls.ru.js.gz
docs/_content/BlazorMonaco/lib/monaco-editor/min/vs/base/common/worker/simpleWorker.nls.ru.min.js	593852e6ae95afd91791ec00b87de23c9da2af60	637	compiled-docs-web-payload	git show f773b3090ffd86cb5600fdaf3aca20ec9cc19606:docs/_content/BlazorMonaco/lib/monaco-editor/min/vs/base/common/worker/simpleWorker.nls.ru.min.js
docs/_content/BlazorMonaco/lib/monaco-editor/min/vs/base/common/worker/simpleWorker.nls.ru.min.js.br	56da5e2032f0b8fb2b5c7b9e7f3d9ce8702af05c	302	compiled-docs-web-payload	git show f773b3090ffd86cb5600fdaf3aca20ec9cc19606:docs/_content/BlazorMonaco/lib/monaco-editor/min/vs/base/common/worker/simpleWorker.nls.ru.min.js.br
docs/_content/BlazorMonaco/lib/monaco-editor/min/vs/base/common/worker/simpleWorker.nls.ru.min.js.gz	77ed01aa189586f0c89cbbbdcee6fd6f80cd6356	375	compiled-docs-web-payload	git show f773b3090ffd86cb5600fdaf3aca20ec9cc19606:docs/_content/BlazorMonaco/lib/monaco-editor/min/vs/base/common/worker/simpleWorker.nls.ru.min.js.gz
docs/_content/BlazorMonaco/lib/monaco-editor/min/vs/base/common/worker/simpleWorker.nls.zh-cn.js	5afebb8986bab887bc65b4b6a5f6abce0c416b81	1010	compiled-docs-web-payload	git show f773b3090ffd86cb5600fdaf3aca20ec9cc19606:docs/_content/BlazorMonaco/lib/monaco-editor/min/vs/base/common/worker/simpleWorker.nls.zh-cn.js
docs/_content/BlazorMonaco/lib/monaco-editor/min/vs/base/common/worker/simpleWorker.nls.zh-cn.js.br	e4581b513be02d1df5b486910fd2de204b0ec154	456	compiled-docs-web-payload	git show f773b3090ffd86cb5600fdaf3aca20ec9cc19606:docs/_content/BlazorMonaco/lib/monaco-editor/min/vs/base/common/worker/simpleWorker.nls.zh-cn.js.br
docs/_content/BlazorMonaco/lib/monaco-editor/min/vs/base/common/worker/simpleWorker.nls.zh-cn.js.gz	cfeabc317fc68ee1b6890c1476bd6fbef4cc210f	558	compiled-docs-web-payload	git show f773b3090ffd86cb5600fdaf3aca20ec9cc19606:docs/_content/BlazorMonaco/lib/monaco-editor/min/vs/base/common/worker/simpleWorker.nls.zh-cn.js.gz
docs/_content/BlazorMonaco/lib/monaco-editor/min/vs/base/common/worker/simpleWorker.nls.zh-cn.min.js	016fb7d7d0be1720d91c2cfb279e743f36e4fdae	388	compiled-docs-web-payload	git show f773b3090ffd86cb5600fdaf3aca20ec9cc19606:docs/_content/BlazorMonaco/lib/monaco-editor/min/vs/base/common/worker/simpleWorker.nls.zh-cn.min.js
docs/_content/BlazorMonaco/lib/monaco-editor/min/vs/base/common/worker/simpleWorker.nls.zh-cn.min.js.br	870627ee2bb421bb174567c9a20a511a2dccc1ca	234	compiled-docs-web-payload	git show f773b3090ffd86cb5600fdaf3aca20ec9cc19606:docs/_content/BlazorMonaco/lib/monaco-editor/min/vs/base/common/worker/simpleWorker.nls.zh-cn.min.js.br
docs/_content/BlazorMonaco/lib/monaco-editor/min/vs/base/common/worker/simpleWorker.nls.zh-cn.min.js.gz	07aa93e23262d8118a5285006c978f2da6ccf887	322	compiled-docs-web-payload	git show f773b3090ffd86cb5600fdaf3aca20ec9cc19606:docs/_content/BlazorMonaco/lib/monaco-editor/min/vs/base/common/worker/simpleWorker.nls.zh-cn.min.js.gz
docs/_content/BlazorMonaco/lib/monaco-editor/min/vs/base/common/worker/simpleWorker.nls.zh-tw.js	8061b04ded2dea4aaa5b0586083b0cfa66be18ee	1028	compiled-docs-web-payload	git show f773b3090ffd86cb5600fdaf3aca20ec9cc19606:docs/_content/BlazorMonaco/lib/monaco-editor/min/vs/base/common/worker/simpleWorker.nls.zh-tw.js
docs/_content/BlazorMonaco/lib/monaco-editor/min/vs/base/common/worker/simpleWorker.nls.zh-tw.js.br	c1beb50d85ebcdb58de971995e2bdfc70ddc7381	451	compiled-docs-web-payload	git show f773b3090ffd86cb5600fdaf3aca20ec9cc19606:docs/_content/BlazorMonaco/lib/monaco-editor/min/vs/base/common/worker/simpleWorker.nls.zh-tw.js.br
docs/_content/BlazorMonaco/lib/monaco-editor/min/vs/base/common/worker/simpleWorker.nls.zh-tw.js.gz	3f6b5a960088bf0d8481356f9c6298d743e3e444	573	compiled-docs-web-payload	git show f773b3090ffd86cb5600fdaf3aca20ec9cc19606:docs/_content/BlazorMonaco/lib/monaco-editor/min/vs/base/common/worker/simpleWorker.nls.zh-tw.js.gz
docs/_content/BlazorMonaco/lib/monaco-editor/min/vs/base/common/worker/simpleWorker.nls.zh-tw.min.js	891eeda9e79425f70d2e16efae6540533abddf1d	397	compiled-docs-web-payload	git show f773b3090ffd86cb5600fdaf3aca20ec9cc19606:docs/_content/BlazorMonaco/lib/monaco-editor/min/vs/base/common/worker/simpleWorker.nls.zh-tw.min.js
docs/_content/BlazorMonaco/lib/monaco-editor/min/vs/base/common/worker/simpleWorker.nls.zh-tw.min.js.br	a29636a965a273593d1763d44c1e1be6f96cb41f	254	compiled-docs-web-payload	git show f773b3090ffd86cb5600fdaf3aca20ec9cc19606:docs/_content/BlazorMonaco/lib/monaco-editor/min/vs/base/common/worker/simpleWorker.nls.zh-tw.min.js.br
docs/_content/BlazorMonaco/lib/monaco-editor/min/vs/base/common/worker/simpleWorker.nls.zh-tw.min.js.gz	c86e61a184dd85207bc955f5a429f35a5824b38b	324	compiled-docs-web-payload	git show f773b3090ffd86cb5600fdaf3aca20ec9cc19606:docs/_content/BlazorMonaco/lib/monaco-editor/min/vs/base/common/worker/simpleWorker.nls.zh-tw.min.js.gz
docs/_content/BlazorMonaco/lib/monaco-editor/min/vs/base/worker/workerMain.js	c10059a853a30bee3e0216a6b3e1bf5892a0f7ca	340141	compiled-docs-web-payload	git show f773b3090ffd86cb5600fdaf3aca20ec9cc19606:docs/_content/BlazorMonaco/lib/monaco-editor/min/vs/base/worker/workerMain.js
docs/_content/BlazorMonaco/lib/monaco-editor/min/vs/base/worker/workerMain.js.br	034d4481b6cbdf9c432cd6ff9e653d50e248ddac	84935	compiled-docs-web-payload	git show f773b3090ffd86cb5600fdaf3aca20ec9cc19606:docs/_content/BlazorMonaco/lib/monaco-editor/min/vs/base/worker/workerMain.js.br
docs/_content/BlazorMonaco/lib/monaco-editor/min/vs/base/worker/workerMain.js.gz	f2fc7f93ee837f989a25a830106a687bf2d33a8f	107597	compiled-docs-web-payload	git show f773b3090ffd86cb5600fdaf3aca20ec9cc19606:docs/_content/BlazorMonaco/lib/monaco-editor/min/vs/base/worker/workerMain.js.gz
docs/_content/BlazorMonaco/lib/monaco-editor/min/vs/base/worker/workerMain.min.js	cd7e2813d5a06acad412edaf156320bc523450ac	330757	compiled-docs-web-payload	git show f773b3090ffd86cb5600fdaf3aca20ec9cc19606:docs/_content/BlazorMonaco/lib/monaco-editor/min/vs/base/worker/workerMain.min.js
docs/_content/BlazorMonaco/lib/monaco-editor/min/vs/base/worker/workerMain.min.js.br	9b6b0c74dce50bd2402c77209957a10dcf614c04	80491	compiled-docs-web-payload	git show f773b3090ffd86cb5600fdaf3aca20ec9cc19606:docs/_content/BlazorMonaco/lib/monaco-editor/min/vs/base/worker/workerMain.min.js.br
docs/_content/BlazorMonaco/lib/monaco-editor/min/vs/base/worker/workerMain.min.js.gz	5c2ea96cf9ab473213f9db9b9655c68f9fc4b0ec	102596	compiled-docs-web-payload	git show f773b3090ffd86cb5600fdaf3aca20ec9cc19606:docs/_content/BlazorMonaco/lib/monaco-editor/min/vs/base/worker/workerMain.min.js.gz
docs/_content/BlazorMonaco/lib/monaco-editor/min/vs/basic-languages/abap/abap.js	9addf4c20bdcd6d4b2eb60970cacb356fe475d89	14996	compiled-docs-web-payload	git show f773b3090ffd86cb5600fdaf3aca20ec9cc19606:docs/_content/BlazorMonaco/lib/monaco-editor/min/vs/basic-languages/abap/abap.js
docs/_content/BlazorMonaco/lib/monaco-editor/min/vs/basic-languages/abap/abap.js.br	e8d87d80a739c17ed8dc892c1aea9d08d38d9893	5027	compiled-docs-web-payload	git show f773b3090ffd86cb5600fdaf3aca20ec9cc19606:docs/_content/BlazorMonaco/lib/monaco-editor/min/vs/basic-languages/abap/abap.js.br
docs/_content/BlazorMonaco/lib/monaco-editor/min/vs/basic-languages/abap/abap.js.gz	e50e0a86000f2d749908436307fbbcc98e012050	5929	compiled-docs-web-payload	git show f773b3090ffd86cb5600fdaf3aca20ec9cc19606:docs/_content/BlazorMonaco/lib/monaco-editor/min/vs/basic-languages/abap/abap.js.gz
docs/_content/BlazorMonaco/lib/monaco-editor/min/vs/basic-languages/abap/abap.min.js	97aacd08e74f0d13c1535bb6d62c70f06689e005	14485	compiled-docs-web-payload	git show f773b3090ffd86cb5600fdaf3aca20ec9cc19606:docs/_content/BlazorMonaco/lib/monaco-editor/min/vs/basic-languages/abap/abap.min.js
docs/_content/BlazorMonaco/lib/monaco-editor/min/vs/basic-languages/abap/abap.min.js.br	e6ed338bdfd95d444e6d920753adc9ceef935c2e	4830	compiled-docs-web-payload	git show f773b3090ffd86cb5600fdaf3aca20ec9cc19606:docs/_content/BlazorMonaco/lib/monaco-editor/min/vs/basic-languages/abap/abap.min.js.br
docs/_content/BlazorMonaco/lib/monaco-editor/min/vs/basic-languages/abap/abap.min.js.gz	c0f60084ff4a09f4421a9d2cac19b222fcfe80d9	5681	compiled-docs-web-payload	git show f773b3090ffd86cb5600fdaf3aca20ec9cc19606:docs/_content/BlazorMonaco/lib/monaco-editor/min/vs/basic-languages/abap/abap.min.js.gz
docs/_content/BlazorMonaco/lib/monaco-editor/min/vs/basic-languages/apex/apex.js	32baff4b0cd7235ec4287ce8e12bc7c9aadb7f49	4785	compiled-docs-web-payload	git show f773b3090ffd86cb5600fdaf3aca20ec9cc19606:docs/_content/BlazorMonaco/lib/monaco-editor/min/vs/basic-languages/apex/apex.js
docs/_content/BlazorMonaco/lib/monaco-editor/min/vs/basic-languages/apex/apex.js.br	ba9667cec7bd4714a5f23e886d2c621d3d657002	1926	compiled-docs-web-payload	git show f773b3090ffd86cb5600fdaf3aca20ec9cc19606:docs/_content/BlazorMonaco/lib/monaco-editor/min/vs/basic-languages/apex/apex.js.br
docs/_content/BlazorMonaco/lib/monaco-editor/min/vs/basic-languages/apex/apex.js.gz	3609f01a1cdea00e3e3990ab33c6e3ea606c6692	2244	compiled-docs-web-payload	git show f773b3090ffd86cb5600fdaf3aca20ec9cc19606:docs/_content/BlazorMonaco/lib/monaco-editor/min/vs/basic-languages/apex/apex.js.gz
docs/_content/BlazorMonaco/lib/monaco-editor/min/vs/basic-languages/apex/apex.min.js	9debbd4ab7a93d55a609405a022e336b570f70fa	4262	compiled-docs-web-payload	git show f773b3090ffd86cb5600fdaf3aca20ec9cc19606:docs/_content/BlazorMonaco/lib/monaco-editor/min/vs/basic-languages/apex/apex.min.js
docs/_content/BlazorMonaco/lib/monaco-editor/min/vs/basic-languages/apex/apex.min.js.br	4d6071b928eadcb3a124752fda5f64d7dc7a37cc	1738	compiled-docs-web-payload	git show f773b3090ffd86cb5600fdaf3aca20ec9cc19606:docs/_content/BlazorMonaco/lib/monaco-editor/min/vs/basic-languages/apex/apex.min.js.br
docs/_content/BlazorMonaco/lib/monaco-editor/min/vs/basic-languages/apex/apex.min.js.gz	0a81fa4c4aef8b6c6ccafa9266fb59d40cc835d8	1994	compiled-docs-web-payload	git show f773b3090ffd86cb5600fdaf3aca20ec9cc19606:docs/_content/BlazorMonaco/lib/monaco-editor/min/vs/basic-languages/apex/apex.min.js.gz
docs/_content/BlazorMonaco/lib/monaco-editor/min/vs/basic-languages/azcli/azcli.js	ebad3d5a0e58b6a84dc6c5d518b8a68ba86b5485	1683	compiled-docs-web-payload	git show f773b3090ffd86cb5600fdaf3aca20ec9cc19606:docs/_content/BlazorMonaco/lib/monaco-editor/min/vs/basic-languages/azcli/azcli.js
docs/_content/BlazorMonaco/lib/monaco-editor/min/vs/basic-languages/azcli/azcli.js.br	a3fa6ea549f369feaa5998d591e398926d35605b	666	compiled-docs-web-payload	git show f773b3090ffd86cb5600fdaf3aca20ec9cc19606:docs/_content/BlazorMonaco/lib/monaco-editor/min/vs/basic-languages/azcli/azcli.js.br
docs/_content/BlazorMonaco/lib/monaco-editor/min/vs/basic-languages/azcli/azcli.js.gz	2cfe2c34849ea86833bd65fc28972c6c55aa12cf	777	compiled-docs-web-payload	git show f773b3090ffd86cb5600fdaf3aca20ec9cc19606:docs/_content/BlazorMonaco/lib/monaco-editor/min/vs/basic-languages/azcli/azcli.js.gz
docs/_content/BlazorMonaco/lib/monaco-editor/min/vs/basic-languages/azcli/azcli.min.js	ad597a34c05c704dc4063d10b904ef4f0c1f2086	1172	compiled-docs-web-payload	git show f773b3090ffd86cb5600fdaf3aca20ec9cc19606:docs/_content/BlazorMonaco/lib/monaco-editor/min/vs/basic-languages/azcli/azcli.min.js
docs/_content/BlazorMonaco/lib/monaco-editor/min/vs/basic-languages/azcli/azcli.min.js.br	5d42863220297e45f3f526999ce332d9bffe8e2e	467	compiled-docs-web-payload	git show f773b3090ffd86cb5600fdaf3aca20ec9cc19606:docs/_content/BlazorMonaco/lib/monaco-editor/min/vs/basic-languages/azcli/azcli.min.js.br
docs/_content/BlazorMonaco/lib/monaco-editor/min/vs/basic-languages/azcli/azcli.min.js.gz	5ddf04a13fb68aee28a34070d3c6ff34f2257617	535	compiled-docs-web-payload	git show f773b3090ffd86cb5600fdaf3aca20ec9cc19606:docs/_content/BlazorMonaco/lib/monaco-editor/min/vs/basic-languages/azcli/azcli.min.js.gz
docs/_content/BlazorMonaco/lib/monaco-editor/min/vs/basic-languages/bat/bat.js	042d6288b9084c0363a4d95350583fd5a5f14411	2676	compiled-docs-web-payload	git show f773b3090ffd86cb5600fdaf3aca20ec9cc19606:docs/_content/BlazorMonaco/lib/monaco-editor/min/vs/basic-languages/bat/bat.js
docs/_content/BlazorMonaco/lib/monaco-editor/min/vs/basic-languages/bat/bat.js.br	1fe6f6b8f72324af8fad736dda24c88cf9366723	1153	compiled-docs-web-payload	git show f773b3090ffd86cb5600fdaf3aca20ec9cc19606:docs/_content/BlazorMonaco/lib/monaco-editor/min/vs/basic-languages/bat/bat.js.br
docs/_content/BlazorMonaco/lib/monaco-editor/min/vs/basic-languages/bat/bat.js.gz	ed4419bf95a3de4852923f54d9ab4290ac93fb54	1316	compiled-docs-web-payload	git show f773b3090ffd86cb5600fdaf3aca20ec9cc19606:docs/_content/BlazorMonaco/lib/monaco-editor/min/vs/basic-languages/bat/bat.js.gz
docs/_content/BlazorMonaco/lib/monaco-editor/min/vs/basic-languages/bat/bat.min.js	92c23ee52dc5e66e3f7d6fc39f8851e7f088141d	2165	compiled-docs-web-payload	git show f773b3090ffd86cb5600fdaf3aca20ec9cc19606:docs/_content/BlazorMonaco/lib/monaco-editor/min/vs/basic-languages/bat/bat.min.js
docs/_content/BlazorMonaco/lib/monaco-editor/min/vs/basic-languages/bat/bat.min.js.br	cc2e7e4d8f4d949b8f4ea20338fa59c4ac5c674e	958	compiled-docs-web-payload	git show f773b3090ffd86cb5600fdaf3aca20ec9cc19606:docs/_content/BlazorMonaco/lib/monaco-editor/min/vs/basic-languages/bat/bat.min.js.br
docs/_content/BlazorMonaco/lib/monaco-editor/min/vs/basic-languages/bat/bat.min.js.gz	324de51c2a312fee41394a09b56924eba72ab1af	1078	compiled-docs-web-payload	git show f773b3090ffd86cb5600fdaf3aca20ec9cc19606:docs/_content/BlazorMonaco/lib/monaco-editor/min/vs/basic-languages/bat/bat.min.js.gz
docs/_content/BlazorMonaco/lib/monaco-editor/min/vs/basic-languages/bicep/bicep.js	d4b9f48c7270b2dd2f5984e86130c18a84f376bb	3372	compiled-docs-web-payload	git show f773b3090ffd86cb5600fdaf3aca20ec9cc19606:docs/_content/BlazorMonaco/lib/monaco-editor/min/vs/basic-languages/bicep/bicep.js
docs/_content/BlazorMonaco/lib/monaco-editor/min/vs/basic-languages/bicep/bicep.js.br	f50226c43f5eab558b5ecaf9ec41026c2ed034e2	1233	compiled-docs-web-payload	git show f773b3090ffd86cb5600fdaf3aca20ec9cc19606:docs/_content/BlazorMonaco/lib/monaco-editor/min/vs/basic-languages/bicep/bicep.js.br
docs/_content/BlazorMonaco/lib/monaco-editor/min/vs/basic-languages/bicep/bicep.js.gz	186bec3edf890ff92491bcc97f2ff053b32ae2cf	1424	compiled-docs-web-payload	git show f773b3090ffd86cb5600fdaf3aca20ec9cc19606:docs/_content/BlazorMonaco/lib/monaco-editor/min/vs/basic-languages/bicep/bicep.js.gz
docs/_content/BlazorMonaco/lib/monaco-editor/min/vs/basic-languages/bicep/bicep.min.js	18a028a955be99d85c1a11b2a93c00cb3890505f	2808	compiled-docs-web-payload	git show f773b3090ffd86cb5600fdaf3aca20ec9cc19606:docs/_content/BlazorMonaco/lib/monaco-editor/min/vs/basic-languages/bicep/bicep.min.js
docs/_content/BlazorMonaco/lib/monaco-editor/min/vs/basic-languages/bicep/bicep.min.js.br	a08d234f97a76b7fbf9b30050f8b9a87b076a8fa	1000	compiled-docs-web-payload	git show f773b3090ffd86cb5600fdaf3aca20ec9cc19606:docs/_content/BlazorMonaco/lib/monaco-editor/min/vs/basic-languages/bicep/bicep.min.js.br
docs/_content/BlazorMonaco/lib/monaco-editor/min/vs/basic-languages/bicep/bicep.min.js.gz	f06d2e72a0258e857a8fd8d45a4041135790ff60	1145	compiled-docs-web-payload	git show f773b3090ffd86cb5600fdaf3aca20ec9cc19606:docs/_content/BlazorMonaco/lib/monaco-editor/min/vs/basic-languages/bicep/bicep.min.js.gz
docs/_content/BlazorMonaco/lib/monaco-editor/min/vs/basic-languages/cameligo/cameligo.js	86147dfa43202ab2c8b27e4d9befeb5b57dae08a	3026	compiled-docs-web-payload	git show f773b3090ffd86cb5600fdaf3aca20ec9cc19606:docs/_content/BlazorMonaco/lib/monaco-editor/min/vs/basic-languages/cameligo/cameligo.js
docs/_content/BlazorMonaco/lib/monaco-editor/min/vs/basic-languages/cameligo/cameligo.js.br	e751f1514aa33296400735da6d7d818e836ffaad	1251	compiled-docs-web-payload	git show f773b3090ffd86cb5600fdaf3aca20ec9cc19606:docs/_content/BlazorMonaco/lib/monaco-editor/min/vs/basic-languages/cameligo/cameligo.js.br
docs/_content/BlazorMonaco/lib/monaco-editor/min/vs/basic-languages/cameligo/cameligo.js.gz	4ca5231aa72f872e93e3b6054a574556e1cb72bf	1413	compiled-docs-web-payload	git show f773b3090ffd86cb5600fdaf3aca20ec9cc19606:docs/_content/BlazorMonaco/lib/monaco-editor/min/vs/basic-languages/cameligo/cameligo.js.gz
docs/_content/BlazorMonaco/lib/monaco-editor/min/vs/basic-languages/cameligo/cameligo.min.js	cd5ace1ce02aae49051db11e48c9c4dbe38709b3	2515	compiled-docs-web-payload	git show f773b3090ffd86cb5600fdaf3aca20ec9cc19606:docs/_content/BlazorMonaco/lib/monaco-editor/min/vs/basic-languages/cameligo/cameligo.min.js
docs/_content/BlazorMonaco/lib/monaco-editor/min/vs/basic-languages/cameligo/cameligo.min.js.br	9c08df18c52de0bb86c3861ca322dce84ff8d1fc	1053	compiled-docs-web-payload	git show f773b3090ffd86cb5600fdaf3aca20ec9cc19606:docs/_content/BlazorMonaco/lib/monaco-editor/min/vs/basic-languages/cameligo/cameligo.min.js.br
docs/_content/BlazorMonaco/lib/monaco-editor/min/vs/basic-languages/cameligo/cameligo.min.js.gz	af3f17351c463e849f1a0b752f42cc6474faee70	1172	compiled-docs-web-payload	git show f773b3090ffd86cb5600fdaf3aca20ec9cc19606:docs/_content/BlazorMonaco/lib/monaco-editor/min/vs/basic-languages/cameligo/cameligo.min.js.gz
docs/_content/BlazorMonaco/lib/monaco-editor/min/vs/basic-languages/clojure/clojure.js	3afadccfb49fc7787a52b091b206c2dde2363978	10482	compiled-docs-web-payload	git show f773b3090ffd86cb5600fdaf3aca20ec9cc19606:docs/_content/BlazorMonaco/lib/monaco-editor/min/vs/basic-languages/clojure/clojure.js
docs/_content/BlazorMonaco/lib/monaco-editor/min/vs/basic-languages/clojure/clojure.js.br	1ac9d5a3e141ff114510c016c9e950649950f1c2	3656	compiled-docs-web-payload	git show f773b3090ffd86cb5600fdaf3aca20ec9cc19606:docs/_content/BlazorMonaco/lib/monaco-editor/min/vs/basic-languages/clojure/clojure.js.br
docs/_content/BlazorMonaco/lib/monaco-editor/min/vs/basic-languages/clojure/clojure.js.gz	d67a4d83eba7b07bf5b839c48c3ce34f11e4b655	4161	compiled-docs-web-payload	git show f773b3090ffd86cb5600fdaf3aca20ec9cc19606:docs/_content/BlazorMonaco/lib/monaco-editor/min/vs/basic-languages/clojure/clojure.js.gz
docs/_content/BlazorMonaco/lib/monaco-editor/min/vs/basic-languages/clojure/clojure.min.js	f33d6ac9e416b1ee640af1c71f56ccd3009ca231	9971	compiled-docs-web-payload	git show f773b3090ffd86cb5600fdaf3aca20ec9cc19606:docs/_content/BlazorMonaco/lib/monaco-editor/min/vs/basic-languages/clojure/clojure.min.js
docs/_content/BlazorMonaco/lib/monaco-editor/min/vs/basic-languages/clojure/clojure.min.js.br	11126892661d126e93dc52388663c28712585432	3463	compiled-docs-web-payload	git show f773b3090ffd86cb5600fdaf3aca20ec9cc19606:docs/_content/BlazorMonaco/lib/monaco-editor/min/vs/basic-languages/clojure/clojure.min.js.br
docs/_content/BlazorMonaco/lib/monaco-editor/min/vs/basic-languages/clojure/clojure.min.js.gz	28c3b183418461d5ccbc04ce4cb91d5e805c54f7	3914	compiled-docs-web-payload	git show f773b3090ffd86cb5600fdaf3aca20ec9cc19606:docs/_content/BlazorMonaco/lib/monaco-editor/min/vs/basic-languages/clojure/clojure.min.js.gz
docs/_content/BlazorMonaco/lib/monaco-editor/min/vs/basic-languages/coffee/coffee.js	ba139eaf31bec43a2c1570bf3c4eeb33f384abaf	4427	compiled-docs-web-payload	git show f773b3090ffd86cb5600fdaf3aca20ec9cc19606:docs/_content/BlazorMonaco/lib/monaco-editor/min/vs/basic-languages/coffee/coffee.js
docs/_content/BlazorMonaco/lib/monaco-editor/min/vs/basic-languages/coffee/coffee.js.br	cb9d06434283302ef028a8860129d9b7a8a8a5ba	1558	compiled-docs-web-payload	git show f773b3090ffd86cb5600fdaf3aca20ec9cc19606:docs/_content/BlazorMonaco/lib/monaco-editor/min/vs/basic-languages/coffee/coffee.js.br
docs/_content/BlazorMonaco/lib/monaco-editor/min/vs/basic-languages/coffee/coffee.js.gz	f721f023a8f7e38abd293caa204159afc1075540	1765	compiled-docs-web-payload	git show f773b3090ffd86cb5600fdaf3aca20ec9cc19606:docs/_content/BlazorMonaco/lib/monaco-editor/min/vs/basic-languages/coffee/coffee.js.gz
docs/_content/BlazorMonaco/lib/monaco-editor/min/vs/basic-languages/coffee/coffee.min.js	9f115c1a6d853db4feaff4612a1b44828869c5b4	3916	compiled-docs-web-payload	git show f773b3090ffd86cb5600fdaf3aca20ec9cc19606:docs/_content/BlazorMonaco/lib/monaco-editor/min/vs/basic-languages/coffee/coffee.min.js
docs/_content/BlazorMonaco/lib/monaco-editor/min/vs/basic-languages/coffee/coffee.min.js.br	187d2023061e987841f99b938951d45fc10a9f21	1365	compiled-docs-web-payload	git show f773b3090ffd86cb5600fdaf3aca20ec9cc19606:docs/_content/BlazorMonaco/lib/monaco-editor/min/vs/basic-languages/coffee/coffee.min.js.br
docs/_content/BlazorMonaco/lib/monaco-editor/min/vs/basic-languages/coffee/coffee.min.js.gz	cd65a45cbba6b8dc40d0e3c408cb2e13abba41dd	1524	compiled-docs-web-payload	git show f773b3090ffd86cb5600fdaf3aca20ec9cc19606:docs/_content/BlazorMonaco/lib/monaco-editor/min/vs/basic-languages/coffee/coffee.min.js.gz
docs/_content/BlazorMonaco/lib/monaco-editor/min/vs/basic-languages/cpp/cpp.js	35c3b1863a73c5aeef27b870155be87c1229325b	6265	compiled-docs-web-payload	git show f773b3090ffd86cb5600fdaf3aca20ec9cc19606:docs/_content/BlazorMonaco/lib/monaco-editor/min/vs/basic-languages/cpp/cpp.js
docs/_content/BlazorMonaco/lib/monaco-editor/min/vs/basic-languages/cpp/cpp.js.br	49c23a0755181ccf49d26de53de3e4ef4fbcec99	2303	compiled-docs-web-payload	git show f773b3090ffd86cb5600fdaf3aca20ec9cc19606:docs/_content/BlazorMonaco/lib/monaco-editor/min/vs/basic-languages/cpp/cpp.js.br
docs/_content/BlazorMonaco/lib/monaco-editor/min/vs/basic-languages/cpp/cpp.js.gz	e03e4665a017ae34307314d1da8995631edaf3f1	2611	compiled-docs-web-payload	git show f773b3090ffd86cb5600fdaf3aca20ec9cc19606:docs/_content/BlazorMonaco/lib/monaco-editor/min/vs/basic-languages/cpp/cpp.js.gz
docs/_content/BlazorMonaco/lib/monaco-editor/min/vs/basic-languages/cpp/cpp.min.js	a24d8a1bb871a8cfc7ace7c312e5ca0916e7f499	5754	compiled-docs-web-payload	git show f773b3090ffd86cb5600fdaf3aca20ec9cc19606:docs/_content/BlazorMonaco/lib/monaco-editor/min/vs/basic-languages/cpp/cpp.min.js
docs/_content/BlazorMonaco/lib/monaco-editor/min/vs/basic-languages/cpp/cpp.min.js.br	fa6385db68404809f07ba84693cf959dbf5b4f41	2116	compiled-docs-web-payload	git show f773b3090ffd86cb5600fdaf3aca20ec9cc19606:docs/_content/BlazorMonaco/lib/monaco-editor/min/vs/basic-languages/cpp/cpp.min.js.br
docs/_content/BlazorMonaco/lib/monaco-editor/min/vs/basic-languages/cpp/cpp.min.js.gz	28b788a95f8fc282eb351a1e5955f4ba942c7394	2364	compiled-docs-web-payload	git show f773b3090ffd86cb5600fdaf3aca20ec9cc19606:docs/_content/BlazorMonaco/lib/monaco-editor/min/vs/basic-languages/cpp/cpp.min.js.gz
docs/_content/BlazorMonaco/lib/monaco-editor/min/vs/basic-languages/csharp/csharp.js	07fd5327b8710fb89211a3c8a05942b40f6f4aa1	5361	compiled-docs-web-payload	git show f773b3090ffd86cb5600fdaf3aca20ec9cc19606:docs/_content/BlazorMonaco/lib/monaco-editor/min/vs/basic-languages/csharp/csharp.js
docs/_content/BlazorMonaco/lib/monaco-editor/min/vs/basic-languages/csharp/csharp.js.br	5668b94952df522d0a6ee3dad1c141a87d117072	1920	compiled-docs-web-payload	git show f773b3090ffd86cb5600fdaf3aca20ec9cc19606:docs/_content/BlazorMonaco/lib/monaco-editor/min/vs/basic-languages/csharp/csharp.js.br
docs/_content/BlazorMonaco/lib/monaco-editor/min/vs/basic-languages/csharp/csharp.js.gz	c19e402e6c6ebbf1687da7034fc30174492b965d	2191	compiled-docs-web-payload	git show f773b3090ffd86cb5600fdaf3aca20ec9cc19606:docs/_content/BlazorMonaco/lib/monaco-editor/min/vs/basic-languages/csharp/csharp.js.gz
docs/_content/BlazorMonaco/lib/monaco-editor/min/vs/basic-languages/csharp/csharp.min.js	e8e4947295d292c2e012512530011dbe54b633bf	4850	compiled-docs-web-payload	git show f773b3090ffd86cb5600fdaf3aca20ec9cc19606:docs/_content/BlazorMonaco/lib/monaco-editor/min/vs/basic-languages/csharp/csharp.min.js
docs/_content/BlazorMonaco/lib/monaco-editor/min/vs/basic-languages/csharp/csharp.min.js.br	4d4e64ef2cbd5c36a02870fada0f34763f91eb76	1730	compiled-docs-web-payload	git show f773b3090ffd86cb5600fdaf3aca20ec9cc19606:docs/_content/BlazorMonaco/lib/monaco-editor/min/vs/basic-languages/csharp/csharp.min.js.br
docs/_content/BlazorMonaco/lib/monaco-editor/min/vs/basic-languages/csharp/csharp.min.js.gz	9354ccbdb31862b0e03cde992d4f42cf0749d58e	1949	compiled-docs-web-payload	git show f773b3090ffd86cb5600fdaf3aca20ec9cc19606:docs/_content/BlazorMonaco/lib/monaco-editor/min/vs/basic-languages/csharp/csharp.min.js.gz
docs/_content/BlazorMonaco/lib/monaco-editor/min/vs/basic-languages/csp/csp.js	62b764b927d55f214467c2c710771ead88b515d5	2250	compiled-docs-web-payload	git show f773b3090ffd86cb5600fdaf3aca20ec9cc19606:docs/_content/BlazorMonaco/lib/monaco-editor/min/vs/basic-languages/csp/csp.js
docs/_content/BlazorMonaco/lib/monaco-editor/min/vs/basic-languages/csp/csp.js.br	01418f707ea0a8844b2f6319ab69750cfc685560	834	compiled-docs-web-payload	git show f773b3090ffd86cb5600fdaf3aca20ec9cc19606:docs/_content/BlazorMonaco/lib/monaco-editor/min/vs/basic-languages/csp/csp.js.br
docs/_content/BlazorMonaco/lib/monaco-editor/min/vs/basic-languages/csp/csp.js.gz	a0cb03ac6ee4c79e81fc4c1dd37fddf370578173	973	compiled-docs-web-payload	git show f773b3090ffd86cb5600fdaf3aca20ec9cc19606:docs/_content/BlazorMonaco/lib/monaco-editor/min/vs/basic-languages/csp/csp.js.gz
docs/_content/BlazorMonaco/lib/monaco-editor/min/vs/basic-languages/csp/csp.min.js	4fd803e9c376183dd0207d6a84b6bf282fc6e99a	1739	compiled-docs-web-payload	git show f773b3090ffd86cb5600fdaf3aca20ec9cc19606:docs/_content/BlazorMonaco/lib/monaco-editor/min/vs/basic-languages/csp/csp.min.js
docs/_content/BlazorMonaco/lib/monaco-editor/min/vs/basic-languages/csp/csp.min.js.br	83030b0cbe885498171269e86e71ac37e38cfbb8	641	compiled-docs-web-payload	git show f773b3090ffd86cb5600fdaf3aca20ec9cc19606:docs/_content/BlazorMonaco/lib/monaco-editor/min/vs/basic-languages/csp/csp.min.js.br
docs/_content/BlazorMonaco/lib/monaco-editor/min/vs/basic-languages/csp/csp.min.js.gz	ab424ab621a3df2d27d41eafc46ebf56dd819c60	738	compiled-docs-web-payload	git show f773b3090ffd86cb5600fdaf3aca20ec9cc19606:docs/_content/BlazorMonaco/lib/monaco-editor/min/vs/basic-languages/csp/csp.min.js.gz
docs/_content/BlazorMonaco/lib/monaco-editor/min/vs/basic-languages/css/css.js	1466120f1c27e2f38429cdfbd0e9aaa750c05500	5343	compiled-docs-web-payload	git show f773b3090ffd86cb5600fdaf3aca20ec9cc19606:docs/_content/BlazorMonaco/lib/monaco-editor/min/vs/basic-languages/css/css.js
docs/_content/BlazorMonaco/lib/monaco-editor/min/vs/basic-languages/css/css.js.br	ef83ad3626dfdd8a4eef848ab119eb4875fd65f0	1625	compiled-docs-web-payload	git show f773b3090ffd86cb5600fdaf3aca20ec9cc19606:docs/_content/BlazorMonaco/lib/monaco-editor/min/vs/basic-languages/css/css.js.br
docs/_content/BlazorMonaco/lib/monaco-editor/min/vs/basic-languages/css/css.js.gz	913f757ef821b8abc5086719c79ee001deb353c7	1849	compiled-docs-web-payload	git show f773b3090ffd86cb5600fdaf3aca20ec9cc19606:docs/_content/BlazorMonaco/lib/monaco-editor/min/vs/basic-languages/css/css.js.gz
docs/_content/BlazorMonaco/lib/monaco-editor/min/vs/basic-languages/css/css.min.js	4c12a8705c6e7fdcbead31e2341733f0ca1e16ec	4831	compiled-docs-web-payload	git show f773b3090ffd86cb5600fdaf3aca20ec9cc19606:docs/_content/BlazorMonaco/lib/monaco-editor/min/vs/basic-languages/css/css.min.js
docs/_content/BlazorMonaco/lib/monaco-editor/min/vs/basic-languages/css/css.min.js.br	bf9ccd6145f7ea28c75a5eb88c6a4298b1aa8b03	1435	compiled-docs-web-payload	git show f773b3090ffd86cb5600fdaf3aca20ec9cc19606:docs/_content/BlazorMonaco/lib/monaco-editor/min/vs/basic-languages/css/css.min.js.br
docs/_content/BlazorMonaco/lib/monaco-editor/min/vs/basic-languages/css/css.min.js.gz	235e3f249be9eb01bdba7e7cc25ad77fc414190e	1612	compiled-docs-web-payload	git show f773b3090ffd86cb5600fdaf3aca20ec9cc19606:docs/_content/BlazorMonaco/lib/monaco-editor/min/vs/basic-languages/css/css.min.js.gz
docs/_content/BlazorMonaco/lib/monaco-editor/min/vs/basic-languages/cypher/cypher.js	f618ee627b1d7d6a083caa1a32ab8c648042545d	4222	compiled-docs-web-payload	git show f773b3090ffd86cb5600fdaf3aca20ec9cc19606:docs/_content/BlazorMonaco/lib/monaco-editor/min/vs/basic-languages/cypher/cypher.js
docs/_content/BlazorMonaco/lib/monaco-editor/min/vs/basic-languages/cypher/cypher.js.br	0fd38827efdadee2dba6071663791190df4ff743	1654	compiled-docs-web-payload	git show f773b3090ffd86cb5600fdaf3aca20ec9cc19606:docs/_content/BlazorMonaco/lib/monaco-editor/min/vs/basic-languages/cypher/cypher.js.br
docs/_content/BlazorMonaco/lib/monaco-editor/min/vs/basic-languages/cypher/cypher.js.gz	0531e907656ecf982b969191a85265d90c36bc24	1904	compiled-docs-web-payload	git show f773b3090ffd86cb5600fdaf3aca20ec9cc19606:docs/_content/BlazorMonaco/lib/monaco-editor/min/vs/basic-languages/cypher/cypher.js.gz
docs/_content/BlazorMonaco/lib/monaco-editor/min/vs/basic-languages/cypher/cypher.min.js	a4aae8200ae834d1a0a18168978e3178de04ee92	3714	compiled-docs-web-payload	git show f773b3090ffd86cb5600fdaf3aca20ec9cc19606:docs/_content/BlazorMonaco/lib/monaco-editor/min/vs/basic-languages/cypher/cypher.min.js
docs/_content/BlazorMonaco/lib/monaco-editor/min/vs/basic-languages/cypher/cypher.min.js.br	3b949b4b6fe22505092645f8e7ff9934430d3897	1477	compiled-docs-web-payload	git show f773b3090ffd86cb5600fdaf3aca20ec9cc19606:docs/_content/BlazorMonaco/lib/monaco-editor/min/vs/basic-languages/cypher/cypher.min.js.br
docs/_content/BlazorMonaco/lib/monaco-editor/min/vs/basic-languages/cypher/cypher.min.js.gz	2d6db6eb6feed2cbb5e092123abbed96b35100f5	1674	compiled-docs-web-payload	git show f773b3090ffd86cb5600fdaf3aca20ec9cc19606:docs/_content/BlazorMonaco/lib/monaco-editor/min/vs/basic-languages/cypher/cypher.min.js.gz
docs/_content/BlazorMonaco/lib/monaco-editor/min/vs/basic-languages/dart/dart.js	c960d2894ffb4a0d915a137a94bd2ca585f59a3f	5083	compiled-docs-web-payload	git show f773b3090ffd86cb5600fdaf3aca20ec9cc19606:docs/_content/BlazorMonaco/lib/monaco-editor/min/vs/basic-languages/dart/dart.js
docs/_content/BlazorMonaco/lib/monaco-editor/min/vs/basic-languages/dart/dart.js.br	67b6312ed5319919ef5de71ca06d5c3050cdb9b4	1871	compiled-docs-web-payload	git show f773b3090ffd86cb5600fdaf3aca20ec9cc19606:docs/_content/BlazorMonaco/lib/monaco-editor/min/vs/basic-languages/dart/dart.js.br
docs/_content/BlazorMonaco/lib/monaco-editor/min/vs/basic-languages/dart/dart.js.gz	7744363b619979c93f5c13bd8c5f373c6457e613	2117	compiled-docs-web-payload	git show f773b3090ffd86cb5600fdaf3aca20ec9cc19606:docs/_content/BlazorMonaco/lib/monaco-editor/min/vs/basic-languages/dart/dart.js.gz
docs/_content/BlazorMonaco/lib/monaco-editor/min/vs/basic-languages/dart/dart.min.js	080f33edf7b871a06200e8c175077a176918b012	4572	compiled-docs-web-payload	git show f773b3090ffd86cb5600fdaf3aca20ec9cc19606:docs/_content/BlazorMonaco/lib/monaco-editor/min/vs/basic-languages/dart/dart.min.js
docs/_content/BlazorMonaco/lib/monaco-editor/min/vs/basic-languages/dart/dart.min.js.br	3cfec5f2aa36ab72f4755d27dafbed17cc45a47e	1671	compiled-docs-web-payload	git show f773b3090ffd86cb5600fdaf3aca20ec9cc19606:docs/_content/BlazorMonaco/lib/monaco-editor/min/vs/basic-languages/dart/dart.min.js.br
docs/_content/BlazorMonaco/lib/monaco-editor/min/vs/basic-languages/dart/dart.min.js.gz	b8311f3a491960853048c085c7541492ab7daf30	1875	compiled-docs-web-payload	git show f773b3090ffd86cb5600fdaf3aca20ec9cc19606:docs/_content/BlazorMonaco/lib/monaco-editor/min/vs/basic-languages/dart/dart.min.js.gz
docs/_content/BlazorMonaco/lib/monaco-editor/min/vs/basic-languages/dockerfile/dockerfile.js	8a38cef71208e3b9d454b64a126f7d7c4d2f11f9	2714	compiled-docs-web-payload	git show f773b3090ffd86cb5600fdaf3aca20ec9cc19606:docs/_content/BlazorMonaco/lib/monaco-editor/min/vs/basic-languages/dockerfile/dockerfile.js
docs/_content/BlazorMonaco/lib/monaco-editor/min/vs/basic-languages/dockerfile/dockerfile.js.br	eb629fbd521de88c919691b26ca30f09a506563e	960	compiled-docs-web-payload	git show f773b3090ffd86cb5600fdaf3aca20ec9cc19606:docs/_content/BlazorMonaco/lib/monaco-editor/min/vs/basic-languages/dockerfile/dockerfile.js.br
docs/_content/BlazorMonaco/lib/monaco-editor/min/vs/basic-languages/dockerfile/dockerfile.js.gz	2f6b6361567aacc64f90a0621ed5ac7aa16afcf5	1132	compiled-docs-web-payload	git show f773b3090ffd86cb5600fdaf3aca20ec9cc19606:docs/_content/BlazorMonaco/lib/monaco-editor/min/vs/basic-languages/dockerfile/dockerfile.js.gz
docs/_content/BlazorMonaco/lib/monaco-editor/min/vs/basic-languages/dockerfile/dockerfile.min.js	fe6aee3acf6a046f4df8641110c355a85a096619	2203	compiled-docs-web-payload	git show f773b3090ffd86cb5600fdaf3aca20ec9cc19606:docs/_content/BlazorMonaco/lib/monaco-editor/min/vs/basic-languages/dockerfile/dockerfile.min.js
docs/_content/BlazorMonaco/lib/monaco-editor/min/vs/basic-languages/dockerfile/dockerfile.min.js.br	36771923336d0582fc814f1af0da41e792d7ee00	774	compiled-docs-web-payload	git show f773b3090ffd86cb5600fdaf3aca20ec9cc19606:docs/_content/BlazorMonaco/lib/monaco-editor/min/vs/basic-languages/dockerfile/dockerfile.min.js.br
docs/_content/BlazorMonaco/lib/monaco-editor/min/vs/basic-languages/dockerfile/dockerfile.min.js.gz	3fa0bd361ee9337c9cb1999847ce631224e2a9a9	894	compiled-docs-web-payload	git show f773b3090ffd86cb5600fdaf3aca20ec9cc19606:docs/_content/BlazorMonaco/lib/monaco-editor/min/vs/basic-languages/dockerfile/dockerfile.min.js.gz
docs/_content/BlazorMonaco/lib/monaco-editor/min/vs/basic-languages/ecl/ecl.js	28c85fee2bc272d70e0aac01c60fcadaf7b34d2a	6173	compiled-docs-web-payload	git show f773b3090ffd86cb5600fdaf3aca20ec9cc19606:docs/_content/BlazorMonaco/lib/monaco-editor/min/vs/basic-languages/ecl/ecl.js
docs/_content/BlazorMonaco/lib/monaco-editor/min/vs/basic-languages/ecl/ecl.js.br	4191b1965a9cf4d101154c2a4a94addf18f156bd	2362	compiled-docs-web-payload	git show f773b3090ffd86cb5600fdaf3aca20ec9cc19606:docs/_content/BlazorMonaco/lib/monaco-editor/min/vs/basic-languages/ecl/ecl.js.br
docs/_content/BlazorMonaco/lib/monaco-editor/min/vs/basic-languages/ecl/ecl.js.gz	461adde5310933b0b888fb455b7cb3fb2bbcf6d5	2710	compiled-docs-web-payload	git show f773b3090ffd86cb5600fdaf3aca20ec9cc19606:docs/_content/BlazorMonaco/lib/monaco-editor/min/vs/basic-languages/ecl/ecl.js.gz
docs/_content/BlazorMonaco/lib/monaco-editor/min/vs/basic-languages/ecl/ecl.min.js	f8c54d664eedbbb475268fd656f08db34c3eb913	5662	compiled-docs-web-payload	git show f773b3090ffd86cb5600fdaf3aca20ec9cc19606:docs/_content/BlazorMonaco/lib/monaco-editor/min/vs/basic-languages/ecl/ecl.min.js
docs/_content/BlazorMonaco/lib/monaco-editor/min/vs/basic-languages/ecl/ecl.min.js.br	b400548a538783ee80fc5289ca006555948598b7	2188	compiled-docs-web-payload	git show f773b3090ffd86cb5600fdaf3aca20ec9cc19606:docs/_content/BlazorMonaco/lib/monaco-editor/min/vs/basic-languages/ecl/ecl.min.js.br
docs/_content/BlazorMonaco/lib/monaco-editor/min/vs/basic-languages/ecl/ecl.min.js.gz	c3124cc993b4c88971c5186c4dd41c1a5cbc13d1	2465	compiled-docs-web-payload	git show f773b3090ffd86cb5600fdaf3aca20ec9cc19606:docs/_content/BlazorMonaco/lib/monaco-editor/min/vs/basic-languages/ecl/ecl.min.js.gz
docs/_content/BlazorMonaco/lib/monaco-editor/min/vs/basic-languages/elixir/elixir.js	af8d8142d56793813fc8397823ec28e96673e8e7	11094	compiled-docs-web-payload	git show f773b3090ffd86cb5600fdaf3aca20ec9cc19606:docs/_content/BlazorMonaco/lib/monaco-editor/min/vs/basic-languages/elixir/elixir.js
docs/_content/BlazorMonaco/lib/monaco-editor/min/vs/basic-languages/elixir/elixir.js.br	6fd9d5836e0d4508dafab1bdf19a17d0d523b305	2628	compiled-docs-web-payload	git show f773b3090ffd86cb5600fdaf3aca20ec9cc19606:docs/_content/BlazorMonaco/lib/monaco-editor/min/vs/basic-languages/elixir/elixir.js.br
docs/_content/BlazorMonaco/lib/monaco-editor/min/vs/basic-languages/elixir/elixir.js.gz	a3c65f594c7727e9d847b4305c3d38a69333c047	2992	compiled-docs-web-payload	git show f773b3090ffd86cb5600fdaf3aca20ec9cc19606:docs/_content/BlazorMonaco/lib/monaco-editor/min/vs/basic-languages/elixir/elixir.js.gz
docs/_content/BlazorMonaco/lib/monaco-editor/min/vs/basic-languages/elixir/elixir.min.js	f8db51cc3f11f86ca42bdb242c7aa8c7efa8d61c	10583	compiled-docs-web-payload	git show f773b3090ffd86cb5600fdaf3aca20ec9cc19606:docs/_content/BlazorMonaco/lib/monaco-editor/min/vs/basic-languages/elixir/elixir.min.js
docs/_content/BlazorMonaco/lib/monaco-editor/min/vs/basic-languages/elixir/elixir.min.js.br	29137554c7fe284544b55fc816c58230ddea09be	2465	compiled-docs-web-payload	git show f773b3090ffd86cb5600fdaf3aca20ec9cc19606:docs/_content/BlazorMonaco/lib/monaco-editor/min/vs/basic-languages/elixir/elixir.min.js.br
docs/_content/BlazorMonaco/lib/monaco-editor/min/vs/basic-languages/elixir/elixir.min.js.gz	ba7a21c2ca7ddd410396f3556e99dfb45dce7e57	2753	compiled-docs-web-payload	git show f773b3090ffd86cb5600fdaf3aca20ec9cc19606:docs/_content/BlazorMonaco/lib/monaco-editor/min/vs/basic-languages/elixir/elixir.min.js.gz
docs/_content/BlazorMonaco/lib/monaco-editor/min/vs/basic-languages/flow9/flow9.js	c8ea9634642d05aa92bd2aa4313e936007c3d76e	2645	compiled-docs-web-payload	git show f773b3090ffd86cb5600fdaf3aca20ec9cc19606:docs/_content/BlazorMonaco/lib/monaco-editor/min/vs/basic-languages/flow9/flow9.js
docs/_content/BlazorMonaco/lib/monaco-editor/min/vs/basic-languages/flow9/flow9.js.br	a978f82f41ac726f66bf97079713480265086d73	1137	compiled-docs-web-payload	git show f773b3090ffd86cb5600fdaf3aca20ec9cc19606:docs/_content/BlazorMonaco/lib/monaco-editor/min/vs/basic-languages/flow9/flow9.js.br
docs/_content/BlazorMonaco/lib/monaco-editor/min/vs/basic-languages/flow9/flow9.js.gz	a3aa20be2ea65bbce7c237c3f6200b99edc5e589	1302	compiled-docs-web-payload	git show f773b3090ffd86cb5600fdaf3aca20ec9cc19606:docs/_content/BlazorMonaco/lib/monaco-editor/min/vs/basic-languages/flow9/flow9.js.gz
docs/_content/BlazorMonaco/lib/monaco-editor/min/vs/basic-languages/flow9/flow9.min.js	ecbc5b99dd8afce8e63b50c5d92a17ff530c048f	2134	compiled-docs-web-payload	git show f773b3090ffd86cb5600fdaf3aca20ec9cc19606:docs/_content/BlazorMonaco/lib/monaco-editor/min/vs/basic-languages/flow9/flow9.min.js
docs/_content/BlazorMonaco/lib/monaco-editor/min/vs/basic-languages/flow9/flow9.min.js.br	1a9a204bce0b16a99130c3a817fa7f31a55d44ef	942	compiled-docs-web-payload	git show f773b3090ffd86cb5600fdaf3aca20ec9cc19606:docs/_content/BlazorMonaco/lib/monaco-editor/min/vs/basic-languages/flow9/flow9.min.js.br
docs/_content/BlazorMonaco/lib/monaco-editor/min/vs/basic-languages/flow9/flow9.min.js.gz	e99e95691080c73e9ed23349c912a9bfb3c50049	1058	compiled-docs-web-payload	git show f773b3090ffd86cb5600fdaf3aca20ec9cc19606:docs/_content/BlazorMonaco/lib/monaco-editor/min/vs/basic-languages/flow9/flow9.min.js.gz
docs/_content/BlazorMonaco/lib/monaco-editor/min/vs/basic-languages/freemarker2/freemarker2.js	b44af3d25033e68a572c484e7349444f23de8c8d	17161	compiled-docs-web-payload	git show f773b3090ffd86cb5600fdaf3aca20ec9cc19606:docs/_content/BlazorMonaco/lib/monaco-editor/min/vs/basic-languages/freemarker2/freemarker2.js
docs/_content/BlazorMonaco/lib/monaco-editor/min/vs/basic-languages/freemarker2/freemarker2.js.br	564fd25774cdb359fb78574b9616f102b22b09cf	4000	compiled-docs-web-payload	git show f773b3090ffd86cb5600fdaf3aca20ec9cc19606:docs/_content/BlazorMonaco/lib/monaco-editor/min/vs/basic-languages/freemarker2/freemarker2.js.br
docs/_content/BlazorMonaco/lib/monaco-editor/min/vs/basic-languages/freemarker2/freemarker2.js.gz	9f3778b33c21d73bd46e7d81c4bb3501e96e3130	4750	compiled-docs-web-payload	git show f773b3090ffd86cb5600fdaf3aca20ec9cc19606:docs/_content/BlazorMonaco/lib/monaco-editor/min/vs/basic-languages/freemarker2/freemarker2.js.gz
docs/_content/BlazorMonaco/lib/monaco-editor/min/vs/basic-languages/freemarker2/freemarker2.min.js	9b05dbba9a4338c54118eeda94f6dc7dbd66f596	16556	compiled-docs-web-payload	git show f773b3090ffd86cb5600fdaf3aca20ec9cc19606:docs/_content/BlazorMonaco/lib/monaco-editor/min/vs/basic-languages/freemarker2/freemarker2.min.js
docs/_content/BlazorMonaco/lib/monaco-editor/min/vs/basic-languages/freemarker2/freemarker2.min.js.br	52e9f44c70b541abe6a3496cf4c35a69e923b7bc	3809	compiled-docs-web-payload	git show f773b3090ffd86cb5600fdaf3aca20ec9cc19606:docs/_content/BlazorMonaco/lib/monaco-editor/min/vs/basic-languages/freemarker2/freemarker2.min.js.br
docs/_content/BlazorMonaco/lib/monaco-editor/min/vs/basic-languages/freemarker2/freemarker2.min.js.gz	309d6ba532920cda6dbdb94d7a88fe945245cc87	4507	compiled-docs-web-payload	git show f773b3090ffd86cb5600fdaf3aca20ec9cc19606:docs/_content/BlazorMonaco/lib/monaco-editor/min/vs/basic-languages/freemarker2/freemarker2.min.js.gz
docs/_content/BlazorMonaco/lib/monaco-editor/min/vs/basic-languages/fsharp/fsharp.js	89589c074144b06dfce36659dec75164341a432b	3820	compiled-docs-web-payload	git show f773b3090ffd86cb5600fdaf3aca20ec9cc19606:docs/_content/BlazorMonaco/lib/monaco-editor/min/vs/basic-languages/fsharp/fsharp.js
docs/_content/BlazorMonaco/lib/monaco-editor/min/vs/basic-languages/fsharp/fsharp.js.br	5ba56f986b4ced98ef6e99757331e6c63c8b29a6	1577	compiled-docs-web-payload	git show f773b3090ffd86cb5600fdaf3aca20ec9cc19606:docs/_content/BlazorMonaco/lib/monaco-editor/min/vs/basic-languages/fsharp/fsharp.js.br
docs/_content/BlazorMonaco/lib/monaco-editor/min/vs/basic-languages/fsharp/fsharp.js.gz	162268b31fbfcb0997ba649dc6ce5bbcad1d12e7	1786	compiled-docs-web-payload	git show f773b3090ffd86cb5600fdaf3aca20ec9cc19606:docs/_content/BlazorMonaco/lib/monaco-editor/min/vs/basic-languages/fsharp/fsharp.js.gz
docs/_content/BlazorMonaco/lib/monaco-editor/min/vs/basic-languages/fsharp/fsharp.min.js	d6229f54df2cc7b98c30767839a151f68658ce9c	3309	compiled-docs-web-payload	git show f773b3090ffd86cb5600fdaf3aca20ec9cc19606:docs/_content/BlazorMonaco/lib/monaco-editor/min/vs/basic-languages/fsharp/fsharp.min.js
docs/_content/BlazorMonaco/lib/monaco-editor/min/vs/basic-languages/fsharp/fsharp.min.js.br	8390bb540c5bb9f1f3cedb48f98dcade6d8c0dd7	1371	compiled-docs-web-payload	git show f773b3090ffd86cb5600fdaf3aca20ec9cc19606:docs/_content/BlazorMonaco/lib/monaco-editor/min/vs/basic-languages/fsharp/fsharp.min.js.br
docs/_content/BlazorMonaco/lib/monaco-editor/min/vs/basic-languages/fsharp/fsharp.min.js.gz	1f7331a4250db991349421f0af6cdf3aa8651ed8	1544	compiled-docs-web-payload	git show f773b3090ffd86cb5600fdaf3aca20ec9cc19606:docs/_content/BlazorMonaco/lib/monaco-editor/min/vs/basic-languages/fsharp/fsharp.min.js.gz
docs/_content/BlazorMonaco/lib/monaco-editor/min/vs/basic-languages/go/go.js	0c0d50e04cddf8f22ad62a3a16f4588322aefc2d	3486	compiled-docs-web-payload	git show f773b3090ffd86cb5600fdaf3aca20ec9cc19606:docs/_content/BlazorMonaco/lib/monaco-editor/min/vs/basic-languages/go/go.js
docs/_content/BlazorMonaco/lib/monaco-editor/min/vs/basic-languages/go/go.js.br	93b75a4a40bc48d26b0d7afbf02641ce6192fa60	1424	compiled-docs-web-payload	git show f773b3090ffd86cb5600fdaf3aca20ec9cc19606:docs/_content/BlazorMonaco/lib/monaco-editor/min/vs/basic-languages/go/go.js.br
docs/_content/BlazorMonaco/lib/monaco-editor/min/vs/basic-languages/go/go.js.gz	81f46beaa6950ad0cc54300560f972c2e9ad475a	1605	compiled-docs-web-payload	git show f773b3090ffd86cb5600fdaf3aca20ec9cc19606:docs/_content/BlazorMonaco/lib/monaco-editor/min/vs/basic-languages/go/go.js.gz
docs/_content/BlazorMonaco/lib/monaco-editor/min/vs/basic-languages/go/go.min.js	4d6b0ffad1840254d9051188b0401df1d63a2fd9	2975	compiled-docs-web-payload	git show f773b3090ffd86cb5600fdaf3aca20ec9cc19606:docs/_content/BlazorMonaco/lib/monaco-editor/min/vs/basic-languages/go/go.min.js
docs/_content/BlazorMonaco/lib/monaco-editor/min/vs/basic-languages/go/go.min.js.br	4e68a218bb30d094f3b5bb5bc2796fb42b9ea707	1229	compiled-docs-web-payload	git show f773b3090ffd86cb5600fdaf3aca20ec9cc19606:docs/_content/BlazorMonaco/lib/monaco-editor/min/vs/basic-languages/go/go.min.js.br
docs/_content/BlazorMonaco/lib/monaco-editor/min/vs/basic-languages/go/go.min.js.gz	ca45e27adbca0c4bfcfda9c85a96fc578b0a7393	1368	compiled-docs-web-payload	git show f773b3090ffd86cb5600fdaf3aca20ec9cc19606:docs/_content/BlazorMonaco/lib/monaco-editor/min/vs/basic-languages/go/go.min.js.gz
docs/_content/BlazorMonaco/lib/monaco-editor/min/vs/basic-languages/graphql/graphql.js	a7fdcef063256ca2ff8b8372852f70f10091db99	3099	compiled-docs-web-payload	git show f773b3090ffd86cb5600fdaf3aca20ec9cc19606:docs/_content/BlazorMonaco/lib/monaco-editor/min/vs/basic-languages/graphql/graphql.js
docs/_content/BlazorMonaco/lib/monaco-editor/min/vs/basic-languages/graphql/graphql.js.br	6e3b3d78e33655426dc9f7dd70dd1e335e0e0697	1267	compiled-docs-web-payload	git show f773b3090ffd86cb5600fdaf3aca20ec9cc19606:docs/_content/BlazorMonaco/lib/monaco-editor/min/vs/basic-languages/graphql/graphql.js.br
docs/_content/BlazorMonaco/lib/monaco-editor/min/vs/basic-languages/graphql/graphql.js.gz	ecbddba72453aa9c905cf6c826a1b1466d94d18b	1490	compiled-docs-web-payload	git show f773b3090ffd86cb5600fdaf3aca20ec9cc19606:docs/_content/BlazorMonaco/lib/monaco-editor/min/vs/basic-languages/graphql/graphql.js.gz
docs/_content/BlazorMonaco/lib/monaco-editor/min/vs/basic-languages/graphql/graphql.min.js	e0c8a8925f985857732adc21e13ce22102e922d8	2588	compiled-docs-web-payload	git show f773b3090ffd86cb5600fdaf3aca20ec9cc19606:docs/_content/BlazorMonaco/lib/monaco-editor/min/vs/basic-languages/graphql/graphql.min.js
docs/_content/BlazorMonaco/lib/monaco-editor/min/vs/basic-languages/graphql/graphql.min.js.br	700d867b12ff197a076c7c169cf55292c4a496cb	1076	compiled-docs-web-payload	git show f773b3090ffd86cb5600fdaf3aca20ec9cc19606:docs/_content/BlazorMonaco/lib/monaco-editor/min/vs/basic-languages/graphql/graphql.min.js.br
docs/_content/BlazorMonaco/lib/monaco-editor/min/vs/basic-languages/graphql/graphql.min.js.gz	6af82752e70642de2a8b57dd8ecc6abae0d81b36	1250	compiled-docs-web-payload	git show f773b3090ffd86cb5600fdaf3aca20ec9cc19606:docs/_content/BlazorMonaco/lib/monaco-editor/min/vs/basic-languages/graphql/graphql.min.js.gz
docs/_content/BlazorMonaco/lib/monaco-editor/min/vs/basic-languages/handlebars/handlebars.js	0eb689ea327fb53062edb342f5a21bf3d4c988d6	7837	compiled-docs-web-payload	git show f773b3090ffd86cb5600fdaf3aca20ec9cc19606:docs/_content/BlazorMonaco/lib/monaco-editor/min/vs/basic-languages/handlebars/handlebars.js
docs/_content/BlazorMonaco/lib/monaco-editor/min/vs/basic-languages/handlebars/handlebars.js.br	c95c559d64099fa5ec3657f8100d626730312185	1843	compiled-docs-web-payload	git show f773b3090ffd86cb5600fdaf3aca20ec9cc19606:docs/_content/BlazorMonaco/lib/monaco-editor/min/vs/basic-languages/handlebars/handlebars.js.br
docs/_content/BlazorMonaco/lib/monaco-editor/min/vs/basic-languages/handlebars/handlebars.js.gz	dd3b630be57a2f2c0cb71e2eed35528c3da1cb8e	2111	compiled-docs-web-payload	git show f773b3090ffd86cb5600fdaf3aca20ec9cc19606:docs/_content/BlazorMonaco/lib/monaco-editor/min/vs/basic-languages/handlebars/handlebars.js.gz
docs/_content/BlazorMonaco/lib/monaco-editor/min/vs/basic-languages/handlebars/handlebars.min.js	9cf61420ec9b83ef6698d101c81f624bae50a838	7276	compiled-docs-web-payload	git show f773b3090ffd86cb5600fdaf3aca20ec9cc19606:docs/_content/BlazorMonaco/lib/monaco-editor/min/vs/basic-languages/handlebars/handlebars.min.js
docs/_content/BlazorMonaco/lib/monaco-editor/min/vs/basic-languages/handlebars/handlebars.min.js.br	9c0ee5b76ea56b5524f461d01fc0d05f2c42b6f2	1657	compiled-docs-web-payload	git show f773b3090ffd86cb5600fdaf3aca20ec9cc19606:docs/_content/BlazorMonaco/lib/monaco-editor/min/vs/basic-languages/handlebars/handlebars.min.js.br
docs/_content/BlazorMonaco/lib/monaco-editor/min/vs/basic-languages/handlebars/handlebars.min.js.gz	3baed43715ae09555c2222a24cf95f0fdcccf07a	1881	compiled-docs-web-payload	git show f773b3090ffd86cb5600fdaf3aca20ec9cc19606:docs/_content/BlazorMonaco/lib/monaco-editor/min/vs/basic-languages/handlebars/handlebars.min.js.gz
docs/_content/BlazorMonaco/lib/monaco-editor/min/vs/basic-languages/hcl/hcl.js	7e0c706ffc0212efa8a55fdcd3e685ca9b4c9e93	4421	compiled-docs-web-payload	git show f773b3090ffd86cb5600fdaf3aca20ec9cc19606:docs/_content/BlazorMonaco/lib/monaco-editor/min/vs/basic-languages/hcl/hcl.js
docs/_content/BlazorMonaco/lib/monaco-editor/min/vs/basic-languages/hcl/hcl.js.br	410bb5fc3324497cd48af975ef9fbce10dd527d7	1716	compiled-docs-web-payload	git show f773b3090ffd86cb5600fdaf3aca20ec9cc19606:docs/_content/BlazorMonaco/lib/monaco-editor/min/vs/basic-languages/hcl/hcl.js.br
docs/_content/BlazorMonaco/lib/monaco-editor/min/vs/basic-languages/hcl/hcl.js.gz	235b8f9213184107c596f6be8e3fb82fb6ecb4cb	1940	compiled-docs-web-payload	git show f773b3090ffd86cb5600fdaf3aca20ec9cc19606:docs/_content/BlazorMonaco/lib/monaco-editor/min/vs/basic-languages/hcl/hcl.js.gz
docs/_content/BlazorMonaco/lib/monaco-editor/min/vs/basic-languages/hcl/hcl.min.js	dddf0fc0518e5d7f0a8cb0898de1bbaa12f0b5aa	3910	compiled-docs-web-payload	git show f773b3090ffd86cb5600fdaf3aca20ec9cc19606:docs/_content/BlazorMonaco/lib/monaco-editor/min/vs/basic-languages/hcl/hcl.min.js
docs/_content/BlazorMonaco/lib/monaco-editor/min/vs/basic-languages/hcl/hcl.min.js.br	b1f2847cde20e1383925c900a4fb56c363751df0	1532	compiled-docs-web-payload	git show f773b3090ffd86cb5600fdaf3aca20ec9cc19606:docs/_content/BlazorMonaco/lib/monaco-editor/min/vs/basic-languages/hcl/hcl.min.js.br
docs/_content/BlazorMonaco/lib/monaco-editor/min/vs/basic-languages/hcl/hcl.min.js.gz	9447cf3c60a43c409dee7cfc0d985226da5f3143	1702	compiled-docs-web-payload	git show f773b3090ffd86cb5600fdaf3aca20ec9cc19606:docs/_content/BlazorMonaco/lib/monaco-editor/min/vs/basic-languages/hcl/hcl.min.js.gz
docs/_content/BlazorMonaco/lib/monaco-editor/min/vs/basic-languages/html/html.js	39f86ac1687bee9c85cf9f430552aa1cbf1f04f2	6065	compiled-docs-web-payload	git show f773b3090ffd86cb5600fdaf3aca20ec9cc19606:docs/_content/BlazorMonaco/lib/monaco-editor/min/vs/basic-languages/html/html.js
docs/_content/BlazorMonaco/lib/monaco-editor/min/vs/basic-languages/html/html.js.br	aaf84b5ea3d64d04a02d311c11fb05eb4eb90c83	1667	compiled-docs-web-payload	git show f773b3090ffd86cb5600fdaf3aca20ec9cc19606:docs/_content/BlazorMonaco/lib/monaco-editor/min/vs/basic-languages/html/html.js.br
docs/_content/BlazorMonaco/lib/monaco-editor/min/vs/basic-languages/html/html.js.gz	4fb8ea585bbd2cc05b907b5d80991102e400d0ec	1886	compiled-docs-web-payload	git show f773b3090ffd86cb5600fdaf3aca20ec9cc19606:docs/_content/BlazorMonaco/lib/monaco-editor/min/vs/basic-languages/html/html.js.gz
docs/_content/BlazorMonaco/lib/monaco-editor/min/vs/basic-languages/html/html.min.js	67928454adfc68343670391900aeee54b1374b9d	5522	compiled-docs-web-payload	git show f773b3090ffd86cb5600fdaf3aca20ec9cc19606:docs/_content/BlazorMonaco/lib/monaco-editor/min/vs/basic-languages/html/html.min.js
docs/_content/BlazorMonaco/lib/monaco-editor/min/vs/basic-languages/html/html.min.js.br	213e7227ca91f992a8422408acd2d596402cde1a	1485	compiled-docs-web-payload	git show f773b3090ffd86cb5600fdaf3aca20ec9cc19606:docs/_content/BlazorMonaco/lib/monaco-editor/min/vs/basic-languages/html/html.min.js.br
docs/_content/BlazorMonaco/lib/monaco-editor/min/vs/basic-languages/html/html.min.js.gz	6a12c0545aeea214493573d78b7eaec15828a76d	1662	compiled-docs-web-payload	git show f773b3090ffd86cb5600fdaf3aca20ec9cc19606:docs/_content/BlazorMonaco/lib/monaco-editor/min/vs/basic-languages/html/html.min.js.gz
docs/_content/BlazorMonaco/lib/monaco-editor/min/vs/basic-languages/ini/ini.js	6e7bf209a7253ce9dcbc01adf5ea7acb5721eb9d	1932	compiled-docs-web-payload	git show f773b3090ffd86cb5600fdaf3aca20ec9cc19606:docs/_content/BlazorMonaco/lib/monaco-editor/min/vs/basic-languages/ini/ini.js
docs/_content/BlazorMonaco/lib/monaco-editor/min/vs/basic-languages/ini/ini.js.br	4c5f9c419c3b1f415ad92b2065e3d91253edec8b	852	compiled-docs-web-payload	git show f773b3090ffd86cb5600fdaf3aca20ec9cc19606:docs/_content/BlazorMonaco/lib/monaco-editor/min/vs/basic-languages/ini/ini.js.br
docs/_content/BlazorMonaco/lib/monaco-editor/min/vs/basic-languages/ini/ini.js.gz	3148e95fdbebfe1212d1cf45c4d094944e6980c0	990	compiled-docs-web-payload	git show f773b3090ffd86cb5600fdaf3aca20ec9cc19606:docs/_content/BlazorMonaco/lib/monaco-editor/min/vs/basic-languages/ini/ini.js.gz
docs/_content/BlazorMonaco/lib/monaco-editor/min/vs/basic-languages/ini/ini.min.js	a649ca183200e8a1c1e8bc6617ca011d2f5f10dd	1421	compiled-docs-web-payload	git show f773b3090ffd86cb5600fdaf3aca20ec9cc19606:docs/_content/BlazorMonaco/lib/monaco-editor/min/vs/basic-languages/ini/ini.min.js
docs/_content/BlazorMonaco/lib/monaco-editor/min/vs/basic-languages/ini/ini.min.js.br	530f46afa783298e85bd10568e28ac74f530d5c5	660	compiled-docs-web-payload	git show f773b3090ffd86cb5600fdaf3aca20ec9cc19606:docs/_content/BlazorMonaco/lib/monaco-editor/min/vs/basic-languages/ini/ini.min.js.br
docs/_content/BlazorMonaco/lib/monaco-editor/min/vs/basic-languages/ini/ini.min.js.gz	10a4f56881318889b442ac1e5b42aaf081ea06c1	749	compiled-docs-web-payload	git show f773b3090ffd86cb5600fdaf3aca20ec9cc19606:docs/_content/BlazorMonaco/lib/monaco-editor/min/vs/basic-languages/ini/ini.min.js.gz
docs/_content/BlazorMonaco/lib/monaco-editor/min/vs/basic-languages/java/java.js	3cc0a2f77b11aa463c9d275b738e809346607b49	4054	compiled-docs-web-payload	git show f773b3090ffd86cb5600fdaf3aca20ec9cc19606:docs/_content/BlazorMonaco/lib/monaco-editor/min/vs/basic-languages/java/java.js
docs/_content/BlazorMonaco/lib/monaco-editor/min/vs/basic-languages/java/java.js.br	a418a017c5540431e205fca94d1125eb8d5f10f4	1621	compiled-docs-web-payload	git show f773b3090ffd86cb5600fdaf3aca20ec9cc19606:docs/_content/BlazorMonaco/lib/monaco-editor/min/vs/basic-languages/java/java.js.br
docs/_content/BlazorMonaco/lib/monaco-editor/min/vs/basic-languages/java/java.js.gz	94e3593e9a3bec2e31d3b918b052ece5b9bba15e	1863	compiled-docs-web-payload	git show f773b3090ffd86cb5600fdaf3aca20ec9cc19606:docs/_content/BlazorMonaco/lib/monaco-editor/min/vs/basic-languages/java/java.js.gz
docs/_content/BlazorMonaco/lib/monaco-editor/min/vs/basic-languages/java/java.min.js	f29bf8e781b7a9a8f9be422c7821526c5eb47745	3543	compiled-docs-web-payload	git show f773b3090ffd86cb5600fdaf3aca20ec9cc19606:docs/_content/BlazorMonaco/lib/monaco-editor/min/vs/basic-languages/java/java.min.js
docs/_content/BlazorMonaco/lib/monaco-editor/min/vs/basic-languages/java/java.min.js.br	fc97f25ee79259dabe493faace23b6440e55c59a	1435	compiled-docs-web-payload	git show f773b3090ffd86cb5600fdaf3aca20ec9cc19606:docs/_content/BlazorMonaco/lib/monaco-editor/min/vs/basic-languages/java/java.min.js.br
docs/_content/BlazorMonaco/lib/monaco-editor/min/vs/basic-languages/java/java.min.js.gz	c0e78ddbcdbfbf158aa4bec36d3c1dd97d0ca637	1626	compiled-docs-web-payload	git show f773b3090ffd86cb5600fdaf3aca20ec9cc19606:docs/_content/BlazorMonaco/lib/monaco-editor/min/vs/basic-languages/java/java.min.js.gz
docs/_content/BlazorMonaco/lib/monaco-editor/min/vs/basic-languages/javascript/javascript.js	d9028f89a3fe1a36179fe23bc90f5606ac9552ad	7147	compiled-docs-web-payload	git show f773b3090ffd86cb5600fdaf3aca20ec9cc19606:docs/_content/BlazorMonaco/lib/monaco-editor/min/vs/basic-languages/javascript/javascript.js
docs/_content/BlazorMonaco/lib/monaco-editor/min/vs/basic-languages/javascript/javascript.js.br	8c50631574bfcb716dac816d23aa0a42eae25103	2485	compiled-docs-web-payload	git show f773b3090ffd86cb5600fdaf3aca20ec9cc19606:docs/_content/BlazorMonaco/lib/monaco-editor/min/vs/basic-languages/javascript/javascript.js.br
docs/_content/BlazorMonaco/lib/monaco-editor/min/vs/basic-languages/javascript/javascript.js.gz	b2cbe3450035886b82451f00e06fdc2ad0b11d1f	2801	compiled-docs-web-payload	git show f773b3090ffd86cb5600fdaf3aca20ec9cc19606:docs/_content/BlazorMonaco/lib/monaco-editor/min/vs/basic-languages/javascript/javascript.js.gz
docs/_content/BlazorMonaco/lib/monaco-editor/min/vs/basic-languages/javascript/javascript.min.js	f171409dff0ac7b58aeb79152c0fb494c2302ad3	6574	compiled-docs-web-payload	git show f773b3090ffd86cb5600fdaf3aca20ec9cc19606:docs/_content/BlazorMonaco/lib/monaco-editor/min/vs/basic-languages/javascript/javascript.min.js
docs/_content/BlazorMonaco/lib/monaco-editor/min/vs/basic-languages/javascript/javascript.min.js.br	11161cb6d64d39eaebada1af34829e1b5b454fdb	2296	compiled-docs-web-payload	git show f773b3090ffd86cb5600fdaf3aca20ec9cc19606:docs/_content/BlazorMonaco/lib/monaco-editor/min/vs/basic-languages/javascript/javascript.min.js.br
docs/_content/BlazorMonaco/lib/monaco-editor/min/vs/basic-languages/javascript/javascript.min.js.gz	d5733cd46068e51f9d7bff9bb25b11508b15e221	2552	compiled-docs-web-payload	git show f773b3090ffd86cb5600fdaf3aca20ec9cc19606:docs/_content/BlazorMonaco/lib/monaco-editor/min/vs/basic-languages/javascript/javascript.min.js.gz
docs/_content/BlazorMonaco/lib/monaco-editor/min/vs/basic-languages/julia/julia.js	96868ee81b7679e56adbad46ccc42f760c3bbf82	8062	compiled-docs-web-payload	git show f773b3090ffd86cb5600fdaf3aca20ec9cc19606:docs/_content/BlazorMonaco/lib/monaco-editor/min/vs/basic-languages/julia/julia.js
docs/_content/BlazorMonaco/lib/monaco-editor/min/vs/basic-languages/julia/julia.js.br	f356d7c71cf01df980f677c5b3a9db24b23ce338	2730	compiled-docs-web-payload	git show f773b3090ffd86cb5600fdaf3aca20ec9cc19606:docs/_content/BlazorMonaco/lib/monaco-editor/min/vs/basic-languages/julia/julia.js.br
docs/_content/BlazorMonaco/lib/monaco-editor/min/vs/basic-languages/julia/julia.js.gz	6a37d47d7340b25b694a231793ef308861398f08	3117	compiled-docs-web-payload	git show f773b3090ffd86cb5600fdaf3aca20ec9cc19606:docs/_content/BlazorMonaco/lib/monaco-editor/min/vs/basic-languages/julia/julia.js.gz
docs/_content/BlazorMonaco/lib/monaco-editor/min/vs/basic-languages/julia/julia.min.js	057aa2871904691c25d5b32bca7abcb5d5c09226	7473	compiled-docs-web-payload	git show f773b3090ffd86cb5600fdaf3aca20ec9cc19606:docs/_content/BlazorMonaco/lib/monaco-editor/min/vs/basic-languages/julia/julia.min.js
docs/_content/BlazorMonaco/lib/monaco-editor/min/vs/basic-languages/julia/julia.min.js.br	0b9456fa6f6501a1da42fe611f50a7347bf4997e	2564	compiled-docs-web-payload	git show f773b3090ffd86cb5600fdaf3aca20ec9cc19606:docs/_content/BlazorMonaco/lib/monaco-editor/min/vs/basic-languages/julia/julia.min.js.br
docs/_content/BlazorMonaco/lib/monaco-editor/min/vs/basic-languages/julia/julia.min.js.gz	7ca62207dbb975b3588ed084eecfe61e75356f1c	2893	compiled-docs-web-payload	git show f773b3090ffd86cb5600fdaf3aca20ec9cc19606:docs/_content/BlazorMonaco/lib/monaco-editor/min/vs/basic-languages/julia/julia.min.js.gz
docs/_content/BlazorMonaco/lib/monaco-editor/min/vs/basic-languages/kotlin/kotlin.js	a082c964519d605190544cea89f6bbf9e0b47a8f	4276	compiled-docs-web-payload	git show f773b3090ffd86cb5600fdaf3aca20ec9cc19606:docs/_content/BlazorMonaco/lib/monaco-editor/min/vs/basic-languages/kotlin/kotlin.js
docs/_content/BlazorMonaco/lib/monaco-editor/min/vs/basic-languages/kotlin/kotlin.js.br	84f57f4818688fefe9ecd6b37effe2bb3483fdd4	1706	compiled-docs-web-payload	git show f773b3090ffd86cb5600fdaf3aca20ec9cc19606:docs/_content/BlazorMonaco/lib/monaco-editor/min/vs/basic-languages/kotlin/kotlin.js.br
docs/_content/BlazorMonaco/lib/monaco-editor/min/vs/basic-languages/kotlin/kotlin.js.gz	7d5b6e084b689390bdaf8906b37569d618b2d2de	1943	compiled-docs-web-payload	git show f773b3090ffd86cb5600fdaf3aca20ec9cc19606:docs/_content/BlazorMonaco/lib/monaco-editor/min/vs/basic-languages/kotlin/kotlin.js.gz
docs/_content/BlazorMonaco/lib/monaco-editor/min/vs/basic-languages/kotlin/kotlin.min.js	cc7cfa4f41ae69a8f1e4e5b08b7d9c756cdf3e0b	3765	compiled-docs-web-payload	git show f773b3090ffd86cb5600fdaf3aca20ec9cc19606:docs/_content/BlazorMonaco/lib/monaco-editor/min/vs/basic-languages/kotlin/kotlin.min.js
docs/_content/BlazorMonaco/lib/monaco-editor/min/vs/basic-languages/kotlin/kotlin.min.js.br	5d1c226579c8ab06e6c93edd9063128f806cb3b7	1506	compiled-docs-web-payload	git show f773b3090ffd86cb5600fdaf3aca20ec9cc19606:docs/_content/BlazorMonaco/lib/monaco-editor/min/vs/basic-languages/kotlin/kotlin.min.js.br
docs/_content/BlazorMonaco/lib/monaco-editor/min/vs/basic-languages/kotlin/kotlin.min.js.gz	ed288840fcf788fa7a7ab346f07452adc71a2d08	1703	compiled-docs-web-payload	git show f773b3090ffd86cb5600fdaf3aca20ec9cc19606:docs/_content/BlazorMonaco/lib/monaco-editor/min/vs/basic-languages/kotlin/kotlin.min.js.gz
docs/_content/BlazorMonaco/lib/monaco-editor/min/vs/basic-languages/less/less.js	31c9b97c2d079459a4c53a91751ff3a6888e9791	4732	compiled-docs-web-payload	git show f773b3090ffd86cb5600fdaf3aca20ec9cc19606:docs/_content/BlazorMonaco/lib/monaco-editor/min/vs/basic-languages/less/less.js
docs/_content/BlazorMonaco/lib/monaco-editor/min/vs/basic-languages/less/less.js.br	44639651d2ad719fcf9976bdccb2f725f5ad91fc	1663	compiled-docs-web-payload	git show f773b3090ffd86cb5600fdaf3aca20ec9cc19606:docs/_content/BlazorMonaco/lib/monaco-editor/min/vs/basic-languages/less/less.js.br
docs/_content/BlazorMonaco/lib/monaco-editor/min/vs/basic-languages/less/less.js.gz	d96e74877df8d0fc5643645eeae631799a14126c	1883	compiled-docs-web-payload	git show f773b3090ffd86cb5600fdaf3aca20ec9cc19606:docs/_content/BlazorMonaco/lib/monaco-editor/min/vs/basic-languages/less/less.js.gz
docs/_content/BlazorMonaco/lib/monaco-editor/min/vs/basic-languages/less/less.min.js	79faaee5537ea022c5ef9f1bcee301c4090885ba	4221	compiled-docs-web-payload	git show f773b3090ffd86cb5600fdaf3aca20ec9cc19606:docs/_content/BlazorMonaco/lib/monaco-editor/min/vs/basic-languages/less/less.min.js
docs/_content/BlazorMonaco/lib/monaco-editor/min/vs/basic-languages/less/less.min.js.br	0aa1e7d733fd7e20ea2bcc688703853510e5664d	1476	compiled-docs-web-payload	git show f773b3090ffd86cb5600fdaf3aca20ec9cc19606:docs/_content/BlazorMonaco/lib/monaco-editor/min/vs/basic-languages/less/less.min.js.br
docs/_content/BlazorMonaco/lib/monaco-editor/min/vs/basic-languages/less/less.min.js.gz	74f15d5147ef02efeea57e5e5d89c66ec3126103	1647	compiled-docs-web-payload	git show f773b3090ffd86cb5600fdaf3aca20ec9cc19606:docs/_content/BlazorMonaco/lib/monaco-editor/min/vs/basic-languages/less/less.min.js.gz
docs/_content/BlazorMonaco/lib/monaco-editor/min/vs/basic-languages/lexon/lexon.js	60a2933991ece29d0085e344ef2f3eb8b388d1b0	3272	compiled-docs-web-payload	git show f773b3090ffd86cb5600fdaf3aca20ec9cc19606:docs/_content/BlazorMonaco/lib/monaco-editor/min/vs/basic-languages/lexon/lexon.js
docs/_content/BlazorMonaco/lib/monaco-editor/min/vs/basic-languages/lexon/lexon.js.br	cb9735257f198507ad740fab589e36e2138fc710	1210	compiled-docs-web-payload	git show f773b3090ffd86cb5600fdaf3aca20ec9cc19606:docs/_content/BlazorMonaco/lib/monaco-editor/min/vs/basic-languages/lexon/lexon.js.br
docs/_content/BlazorMonaco/lib/monaco-editor/min/vs/basic-languages/lexon/lexon.js.gz	8c56d2e3b1fc342270215fc836b6cec58ed7971e	1379	compiled-docs-web-payload	git show f773b3090ffd86cb5600fdaf3aca20ec9cc19606:docs/_content/BlazorMonaco/lib/monaco-editor/min/vs/basic-languages/lexon/lexon.js.gz
docs/_content/BlazorMonaco/lib/monaco-editor/min/vs/basic-languages/lexon/lexon.min.js	4d5bae7f683f7bb3d025d050c52cbd1578118109	2761	compiled-docs-web-payload	git show f773b3090ffd86cb5600fdaf3aca20ec9cc19606:docs/_content/BlazorMonaco/lib/monaco-editor/min/vs/basic-languages/lexon/lexon.min.js
docs/_content/BlazorMonaco/lib/monaco-editor/min/vs/basic-languages/lexon/lexon.min.js.br	fa110f788e0bcf60fe59be336a5c2ab8bc2f69ba	1013	compiled-docs-web-payload	git show f773b3090ffd86cb5600fdaf3aca20ec9cc19606:docs/_content/BlazorMonaco/lib/monaco-editor/min/vs/basic-languages/lexon/lexon.min.js.br
docs/_content/BlazorMonaco/lib/monaco-editor/min/vs/basic-languages/lexon/lexon.min.js.gz	451eec55233acf1df890a26c6765f301d229f285	1142	compiled-docs-web-payload	git show f773b3090ffd86cb5600fdaf3aca20ec9cc19606:docs/_content/BlazorMonaco/lib/monaco-editor/min/vs/basic-languages/lexon/lexon.min.js.gz
docs/_content/BlazorMonaco/lib/monaco-editor/min/vs/basic-languages/liquid/liquid.js	20c2eafb07c1ea8c7abe0700b6c0f510513b0d83	5015	compiled-docs-web-payload	git show f773b3090ffd86cb5600fdaf3aca20ec9cc19606:docs/_content/BlazorMonaco/lib/monaco-editor/min/vs/basic-languages/liquid/liquid.js
docs/_content/BlazorMonaco/lib/monaco-editor/min/vs/basic-languages/liquid/liquid.js.br	f861b42fd9b37da2e7aac0e760061e2dea4b02b3	1912	compiled-docs-web-payload	git show f773b3090ffd86cb5600fdaf3aca20ec9cc19606:docs/_content/BlazorMonaco/lib/monaco-editor/min/vs/basic-languages/liquid/liquid.js.br
docs/_content/BlazorMonaco/lib/monaco-editor/min/vs/basic-languages/liquid/liquid.js.gz	d9c4d816945e09821e0fb9fedcd56ffe282ca837	2162	compiled-docs-web-payload	git show f773b3090ffd86cb5600fdaf3aca20ec9cc19606:docs/_content/BlazorMonaco/lib/monaco-editor/min/vs/basic-languages/liquid/liquid.js.gz
docs/_content/BlazorMonaco/lib/monaco-editor/min/vs/basic-languages/liquid/liquid.min.js	13001aabba29417b48c76e33cd4f6d019a26c342	4454	compiled-docs-web-payload	git show f773b3090ffd86cb5600fdaf3aca20ec9cc19606:docs/_content/BlazorMonaco/lib/monaco-editor/min/vs/basic-languages/liquid/liquid.min.js
docs/_content/BlazorMonaco/lib/monaco-editor/min/vs/basic-languages/liquid/liquid.min.js.br	ee6a0a2b5f6124c9258b92d39e78cbe97b2f717f	1724	compiled-docs-web-payload	git show f773b3090ffd86cb5600fdaf3aca20ec9cc19606:docs/_content/BlazorMonaco/lib/monaco-editor/min/vs/basic-languages/liquid/liquid.min.js.br
docs/_content/BlazorMonaco/lib/monaco-editor/min/vs/basic-languages/liquid/liquid.min.js.gz	058f25275b223c3da92c64efa45071047acf708c	1930	compiled-docs-web-payload	git show f773b3090ffd86cb5600fdaf3aca20ec9cc19606:docs/_content/BlazorMonaco/lib/monaco-editor/min/vs/basic-languages/liquid/liquid.min.js.gz
docs/_content/BlazorMonaco/lib/monaco-editor/min/vs/basic-languages/lua/lua.js	ed256fb6d36ebbed69b0a09e21436c3b0efb3978	2954	compiled-docs-web-payload	git show f773b3090ffd86cb5600fdaf3aca20ec9cc19606:docs/_content/BlazorMonaco/lib/monaco-editor/min/vs/basic-languages/lua/lua.js
docs/_content/BlazorMonaco/lib/monaco-editor/min/vs/basic-languages/lua/lua.js.br	05462439e3b3e5b104a6c1254161db24fa0a61b8	1217	compiled-docs-web-payload	git show f773b3090ffd86cb5600fdaf3aca20ec9cc19606:docs/_content/BlazorMonaco/lib/monaco-editor/min/vs/basic-languages/lua/lua.js.br
docs/_content/BlazorMonaco/lib/monaco-editor/min/vs/basic-languages/lua/lua.js.gz	62278a6fe00edbe10130a68c4b7f13fad7b2ad82	1384	compiled-docs-web-payload	git show f773b3090ffd86cb5600fdaf3aca20ec9cc19606:docs/_content/BlazorMonaco/lib/monaco-editor/min/vs/basic-languages/lua/lua.js.gz
docs/_content/BlazorMonaco/lib/monaco-editor/min/vs/basic-languages/lua/lua.min.js	eeea69b4a9c57f3c18b47446d8e058eed89195e3	2443	compiled-docs-web-payload	git show f773b3090ffd86cb5600fdaf3aca20ec9cc19606:docs/_content/BlazorMonaco/lib/monaco-editor/min/vs/basic-languages/lua/lua.min.js
docs/_content/BlazorMonaco/lib/monaco-editor/min/vs/basic-languages/lua/lua.min.js.br	730786a9e11feb70ec3686c4577b86449cf412fa	1012	compiled-docs-web-payload	git show f773b3090ffd86cb5600fdaf3aca20ec9cc19606:docs/_content/BlazorMonaco/lib/monaco-editor/min/vs/basic-languages/lua/lua.min.js.br
docs/_content/BlazorMonaco/lib/monaco-editor/min/vs/basic-languages/lua/lua.min.js.gz	2e18e568480c4e0847f7dc699763f01f9b71eb18	1139	compiled-docs-web-payload	git show f773b3090ffd86cb5600fdaf3aca20ec9cc19606:docs/_content/BlazorMonaco/lib/monaco-editor/min/vs/basic-languages/lua/lua.min.js.gz
docs/_content/BlazorMonaco/lib/monaco-editor/min/vs/basic-languages/m3/m3.js	fa0e51e6a3c22ef313ea339c2d8da6a67bec4d37	3646	compiled-docs-web-payload	git show f773b3090ffd86cb5600fdaf3aca20ec9cc19606:docs/_content/BlazorMonaco/lib/monaco-editor/min/vs/basic-languages/m3/m3.js
docs/_content/BlazorMonaco/lib/monaco-editor/min/vs/basic-languages/m3/m3.js.br	7a226fb33d94a26042ee58fc75a545d15afb133e	1544	compiled-docs-web-payload	git show f773b3090ffd86cb5600fdaf3aca20ec9cc19606:docs/_content/BlazorMonaco/lib/monaco-editor/min/vs/basic-languages/m3/m3.js.br
docs/_content/BlazorMonaco/lib/monaco-editor/min/vs/basic-languages/m3/m3.js.gz	f8208bba7523ba5a2c7893b06fbe803f3e900dd5	1804	compiled-docs-web-payload	git show f773b3090ffd86cb5600fdaf3aca20ec9cc19606:docs/_content/BlazorMonaco/lib/monaco-editor/min/vs/basic-languages/m3/m3.js.gz
docs/_content/BlazorMonaco/lib/monaco-editor/min/vs/basic-languages/m3/m3.min.js	9e44efc316fc1c14623ac8b23cd451256190115c	3135	compiled-docs-web-payload	git show f773b3090ffd86cb5600fdaf3aca20ec9cc19606:docs/_content/BlazorMonaco/lib/monaco-editor/min/vs/basic-languages/m3/m3.min.js
docs/_content/BlazorMonaco/lib/monaco-editor/min/vs/basic-languages/m3/m3.min.js.br	c2d85f9705ae907a28d2895201b3234e9302022e	1341	compiled-docs-web-payload	git show f773b3090ffd86cb5600fdaf3aca20ec9cc19606:docs/_content/BlazorMonaco/lib/monaco-editor/min/vs/basic-languages/m3/m3.min.js.br
docs/_content/BlazorMonaco/lib/monaco-editor/min/vs/basic-languages/m3/m3.min.js.gz	390f470627098e867f2c62024832e3ce7c85f1b5	1564	compiled-docs-web-payload	git show f773b3090ffd86cb5600fdaf3aca20ec9cc19606:docs/_content/BlazorMonaco/lib/monaco-editor/min/vs/basic-languages/m3/m3.min.js.gz
docs/_content/BlazorMonaco/lib/monaco-editor/min/vs/basic-languages/markdown/markdown.js	29fdb87d858273acf088857ed413c842e75b0136	4629	compiled-docs-web-payload	git show f773b3090ffd86cb5600fdaf3aca20ec9cc19606:docs/_content/BlazorMonaco/lib/monaco-editor/min/vs/basic-languages/markdown/markdown.js
docs/_content/BlazorMonaco/lib/monaco-editor/min/vs/basic-languages/markdown/markdown.js.br	e04743c3109112ff7329d68578e5ef1a2b1a8af2	1621	compiled-docs-web-payload	git show f773b3090ffd86cb5600fdaf3aca20ec9cc19606:docs/_content/BlazorMonaco/lib/monaco-editor/min/vs/basic-languages/markdown/markdown.js.br
docs/_content/BlazorMonaco/lib/monaco-editor/min/vs/basic-languages/markdown/markdown.js.gz	b484c32555472f669b726c35f26688f6d4e097b0	1855	compiled-docs-web-payload	git show f773b3090ffd86cb5600fdaf3aca20ec9cc19606:docs/_content/BlazorMonaco/lib/monaco-editor/min/vs/basic-languages/markdown/markdown.js.gz
docs/_content/BlazorMonaco/lib/monaco-editor/min/vs/basic-languages/markdown/markdown.min.js	c6e7ee7f3827c6d38872f64cc9969ffd4ddf218d	4136	compiled-docs-web-payload	git show f773b3090ffd86cb5600fdaf3aca20ec9cc19606:docs/_content/BlazorMonaco/lib/monaco-editor/min/vs/basic-languages/markdown/markdown.min.js
docs/_content/BlazorMonaco/lib/monaco-editor/min/vs/basic-languages/markdown/markdown.min.js.br	74608242cdd236e7495caa44b76ee35229b3612e	1440	compiled-docs-web-payload	git show f773b3090ffd86cb5600fdaf3aca20ec9cc19606:docs/_content/BlazorMonaco/lib/monaco-editor/min/vs/basic-languages/markdown/markdown.min.js.br
docs/_content/BlazorMonaco/lib/monaco-editor/min/vs/basic-languages/markdown/markdown.min.js.gz	7acce211d31ed66d19f63435c97e98ef367a8636	1621	compiled-docs-web-payload	git show f773b3090ffd86cb5600fdaf3aca20ec9cc19606:docs/_content/BlazorMonaco/lib/monaco-editor/min/vs/basic-languages/markdown/markdown.min.js.gz
docs/_content/BlazorMonaco/lib/monaco-editor/min/vs/basic-languages/mdx/mdx.js	8d21153a1b097647230e64ed498e7321dbf7dbe3	5926	compiled-docs-web-payload	git show f773b3090ffd86cb5600fdaf3aca20ec9cc19606:docs/_content/BlazorMonaco/lib/monaco-editor/min/vs/basic-languages/mdx/mdx.js
docs/_content/BlazorMonaco/lib/monaco-editor/min/vs/basic-languages/mdx/mdx.js.br	a3450178d65df237a8706b6218f41ccba6676df2	1704	compiled-docs-web-payload	git show f773b3090ffd86cb5600fdaf3aca20ec9cc19606:docs/_content/BlazorMonaco/lib/monaco-editor/min/vs/basic-languages/mdx/mdx.js.br
docs/_content/BlazorMonaco/lib/monaco-editor/min/vs/basic-languages/mdx/mdx.js.gz	af1ec0c959a3ea37bf568f4860cc14455050854f	1938	compiled-docs-web-payload	git show f773b3090ffd86cb5600fdaf3aca20ec9cc19606:docs/_content/BlazorMonaco/lib/monaco-editor/min/vs/basic-languages/mdx/mdx.js.gz
docs/_content/BlazorMonaco/lib/monaco-editor/min/vs/basic-languages/mdx/mdx.min.js	b1c711a03029eee43df08d8922e6bd46c8a006cb	5347	compiled-docs-web-payload	git show f773b3090ffd86cb5600fdaf3aca20ec9cc19606:docs/_content/BlazorMonaco/lib/monaco-editor/min/vs/basic-languages/mdx/mdx.min.js
docs/_content/BlazorMonaco/lib/monaco-editor/min/vs/basic-languages/mdx/mdx.min.js.br	9e1a6a027f3317733b3c25e98d3a87c98ab2363e	1527	compiled-docs-web-payload	git show f773b3090ffd86cb5600fdaf3aca20ec9cc19606:docs/_content/BlazorMonaco/lib/monaco-editor/min/vs/basic-languages/mdx/mdx.min.js.br
docs/_content/BlazorMonaco/lib/monaco-editor/min/vs/basic-languages/mdx/mdx.min.js.gz	841074cfbbb7522728dc4030b573917d3ea70628	1716	compiled-docs-web-payload	git show f773b3090ffd86cb5600fdaf3aca20ec9cc19606:docs/_content/BlazorMonaco/lib/monaco-editor/min/vs/basic-languages/mdx/mdx.min.js.gz
docs/_content/BlazorMonaco/lib/monaco-editor/min/vs/basic-languages/mips/mips.js	a9e5ff80acf0fae544740906220388e22406e21a	3412	compiled-docs-web-payload	git show f773b3090ffd86cb5600fdaf3aca20ec9cc19606:docs/_content/BlazorMonaco/lib/monaco-editor/min/vs/basic-languages/mips/mips.js
docs/_content/BlazorMonaco/lib/monaco-editor/min/vs/basic-languages/mips/mips.js.br	a60186ad4e3868bf03abc2efc95250793c552d1c	1370	compiled-docs-web-payload	git show f773b3090ffd86cb5600fdaf3aca20ec9cc19606:docs/_content/BlazorMonaco/lib/monaco-editor/min/vs/basic-languages/mips/mips.js.br
docs/_content/BlazorMonaco/lib/monaco-editor/min/vs/basic-languages/mips/mips.js.gz	ce73233a09d04bd22b6d05d79b84920c95b009ac	1539	compiled-docs-web-payload	git show f773b3090ffd86cb5600fdaf3aca20ec9cc19606:docs/_content/BlazorMonaco/lib/monaco-editor/min/vs/basic-languages/mips/mips.js.gz
docs/_content/BlazorMonaco/lib/monaco-editor/min/vs/basic-languages/mips/mips.min.js	60a5175ac42b20d34bab4920b914ba5908ad5098	2901	compiled-docs-web-payload	git show f773b3090ffd86cb5600fdaf3aca20ec9cc19606:docs/_content/BlazorMonaco/lib/monaco-editor/min/vs/basic-languages/mips/mips.min.js
docs/_content/BlazorMonaco/lib/monaco-editor/min/vs/basic-languages/mips/mips.min.js.br	dc6f494d2ed6903557da15563a8376d559f7e885	1176	compiled-docs-web-payload	git show f773b3090ffd86cb5600fdaf3aca20ec9cc19606:docs/_content/BlazorMonaco/lib/monaco-editor/min/vs/basic-languages/mips/mips.min.js.br
docs/_content/BlazorMonaco/lib/monaco-editor/min/vs/basic-languages/mips/mips.min.js.gz	6f442442a218f207bb6e9289a71fbc1aec998af8	1300	compiled-docs-web-payload	git show f773b3090ffd86cb5600fdaf3aca20ec9cc19606:docs/_content/BlazorMonaco/lib/monaco-editor/min/vs/basic-languages/mips/mips.min.js.gz
docs/_content/BlazorMonaco/lib/monaco-editor/min/vs/basic-languages/msdax/msdax.js	9eb5a3031f9f39f8affabe62458b059bf5b0e3df	5747	compiled-docs-web-payload	git show f773b3090ffd86cb5600fdaf3aca20ec9cc19606:docs/_content/BlazorMonaco/lib/monaco-editor/min/vs/basic-languages/msdax/msdax.js
docs/_content/BlazorMonaco/lib/monaco-editor/min/vs/basic-languages/msdax/msdax.js.br	716000fef9cd9992be574898f2924a1fd7656c80	2097	compiled-docs-web-payload	git show f773b3090ffd86cb5600fdaf3aca20ec9cc19606:docs/_content/BlazorMonaco/lib/monaco-editor/min/vs/basic-languages/msdax/msdax.js.br
docs/_content/BlazorMonaco/lib/monaco-editor/min/vs/basic-languages/msdax/msdax.js.gz	183d0e2f5a5c94cde12c04d1095d9a927387bee3	2465	compiled-docs-web-payload	git show f773b3090ffd86cb5600fdaf3aca20ec9cc19606:docs/_content/BlazorMonaco/lib/monaco-editor/min/vs/basic-languages/msdax/msdax.js.gz
docs/_content/BlazorMonaco/lib/monaco-editor/min/vs/basic-languages/msdax/msdax.min.js	76e499e9e4a106dc85a1d6b3875d9282e097a6f0	5236	compiled-docs-web-payload	git show f773b3090ffd86cb5600fdaf3aca20ec9cc19606:docs/_content/BlazorMonaco/lib/monaco-editor/min/vs/basic-languages/msdax/msdax.min.js
docs/_content/BlazorMonaco/lib/monaco-editor/min/vs/basic-languages/msdax/msdax.min.js.br	93e507526de942c158439cced702ecf65f203789	1871	compiled-docs-web-payload	git show f773b3090ffd86cb5600fdaf3aca20ec9cc19606:docs/_content/BlazorMonaco/lib/monaco-editor/min/vs/basic-languages/msdax/msdax.min.js.br
docs/_content/BlazorMonaco/lib/monaco-editor/min/vs/basic-languages/msdax/msdax.min.js.gz	f96c7459018804a487fc24fcb407a9c3b44ab129	2206	compiled-docs-web-payload	git show f773b3090ffd86cb5600fdaf3aca20ec9cc19606:docs/_content/BlazorMonaco/lib/monaco-editor/min/vs/basic-languages/msdax/msdax.min.js.gz
docs/_content/BlazorMonaco/lib/monaco-editor/min/vs/basic-languages/mysql/mysql.js	d933ec2a90b57b33d67f641999a826511b158b7b	12109	compiled-docs-web-payload	git show f773b3090ffd86cb5600fdaf3aca20ec9cc19606:docs/_content/BlazorMonaco/lib/monaco-editor/min/vs/basic-languages/mysql/mysql.js
docs/_content/BlazorMonaco/lib/monaco-editor/min/vs/basic-languages/mysql/mysql.js.br	782fcf840cf702d458e6deab39e5d3cb57f7acec	3936	compiled-docs-web-payload	git show f773b3090ffd86cb5600fdaf3aca20ec9cc19606:docs/_content/BlazorMonaco/lib/monaco-editor/min/vs/basic-languages/mysql/mysql.js.br
docs/_content/BlazorMonaco/lib/monaco-editor/min/vs/basic-languages/mysql/mysql.js.gz	04704de74d3debf4cfc1c0c5f48eb43460768213	4673	compiled-docs-web-payload	git show f773b3090ffd86cb5600fdaf3aca20ec9cc19606:docs/_content/BlazorMonaco/lib/monaco-editor/min/vs/basic-languages/mysql/mysql.js.gz
docs/_content/BlazorMonaco/lib/monaco-editor/min/vs/basic-languages/mysql/mysql.min.js	ee2ea9678d6bbd76b9c63454c76e97a4a6ea4b0d	11598	compiled-docs-web-payload	git show f773b3090ffd86cb5600fdaf3aca20ec9cc19606:docs/_content/BlazorMonaco/lib/monaco-editor/min/vs/basic-languages/mysql/mysql.min.js
docs/_content/BlazorMonaco/lib/monaco-editor/min/vs/basic-languages/mysql/mysql.min.js.br	c923ce07217145282be76e2e8b41760dfaa310b6	3738	compiled-docs-web-payload	git show f773b3090ffd86cb5600fdaf3aca20ec9cc19606:docs/_content/BlazorMonaco/lib/monaco-editor/min/vs/basic-languages/mysql/mysql.min.js.br
docs/_content/BlazorMonaco/lib/monaco-editor/min/vs/basic-languages/mysql/mysql.min.js.gz	81da986e74ed0ae47c805aa0959ab2c5dff5272c	4409	compiled-docs-web-payload	git show f773b3090ffd86cb5600fdaf3aca20ec9cc19606:docs/_content/BlazorMonaco/lib/monaco-editor/min/vs/basic-languages/mysql/mysql.min.js.gz
docs/_content/BlazorMonaco/lib/monaco-editor/min/vs/basic-languages/objective-c/objective-c.js	6051209cefa060474ac6f05377239978dbbf81ed	3249	compiled-docs-web-payload	git show f773b3090ffd86cb5600fdaf3aca20ec9cc19606:docs/_content/BlazorMonaco/lib/monaco-editor/min/vs/basic-languages/objective-c/objective-c.js
docs/_content/BlazorMonaco/lib/monaco-editor/min/vs/basic-languages/objective-c/objective-c.js.br	40e3e65bee7fee937c03af65e60168cbc4c502c2	1315	compiled-docs-web-payload	git show f773b3090ffd86cb5600fdaf3aca20ec9cc19606:docs/_content/BlazorMonaco/lib/monaco-editor/min/vs/basic-languages/objective-c/objective-c.js.br
docs/_content/BlazorMonaco/lib/monaco-editor/min/vs/basic-languages/objective-c/objective-c.js.gz	3f42f70a888fcec1fccfb4a844c095c678dc6810	1520	compiled-docs-web-payload	git show f773b3090ffd86cb5600fdaf3aca20ec9cc19606:docs/_content/BlazorMonaco/lib/monaco-editor/min/vs/basic-languages/objective-c/objective-c.js.gz
docs/_content/BlazorMonaco/lib/monaco-editor/min/vs/basic-languages/objective-c/objective-c.min.js	a5ef6231696e5a91dabd8eeca5ffa08d8de2550d	2738	compiled-docs-web-payload	git show f773b3090ffd86cb5600fdaf3aca20ec9cc19606:docs/_content/BlazorMonaco/lib/monaco-editor/min/vs/basic-languages/objective-c/objective-c.min.js
docs/_content/BlazorMonaco/lib/monaco-editor/min/vs/basic-languages/objective-c/objective-c.min.js.br	eda95b2339359748459360e8a22d5791655474f1	1118	compiled-docs-web-payload	git show f773b3090ffd86cb5600fdaf3aca20ec9cc19606:docs/_content/BlazorMonaco/lib/monaco-editor/min/vs/basic-languages/objective-c/objective-c.min.js.br
docs/_content/BlazorMonaco/lib/monaco-editor/min/vs/basic-languages/objective-c/objective-c.min.js.gz	1774be6c2ce2651daee5bb63c58646c116da2173	1274	compiled-docs-web-payload	git show f773b3090ffd86cb5600fdaf3aca20ec9cc19606:docs/_content/BlazorMonaco/lib/monaco-editor/min/vs/basic-languages/objective-c/objective-c.min.js.gz
docs/_content/BlazorMonaco/lib/monaco-editor/min/vs/basic-languages/pascal/pascal.js	8e1cf2db86822c33d74e7e03941a1a598ac87b47	3832	compiled-docs-web-payload	git show f773b3090ffd86cb5600fdaf3aca20ec9cc19606:docs/_content/BlazorMonaco/lib/monaco-editor/min/vs/basic-languages/pascal/pascal.js
docs/_content/BlazorMonaco/lib/monaco-editor/min/vs/basic-languages/pascal/pascal.js.br	9489ef93bbeb7bd3fce0156867c42fe58619d308	1602	compiled-docs-web-payload	git show f773b3090ffd86cb5600fdaf3aca20ec9cc19606:docs/_content/BlazorMonaco/lib/monaco-editor/min/vs/basic-languages/pascal/pascal.js.br
docs/_content/BlazorMonaco/lib/monaco-editor/min/vs/basic-languages/pascal/pascal.js.gz	ae5472be2f3014d7ecdd5bdbce6787f596a456f9	1863	compiled-docs-web-payload	git show f773b3090ffd86cb5600fdaf3aca20ec9cc19606:docs/_content/BlazorMonaco/lib/monaco-editor/min/vs/basic-languages/pascal/pascal.js.gz
docs/_content/BlazorMonaco/lib/monaco-editor/min/vs/basic-languages/pascal/pascal.min.js	3a4d0849e9d1ab06db35638bd9ab8cdd27429766	3321	compiled-docs-web-payload	git show f773b3090ffd86cb5600fdaf3aca20ec9cc19606:docs/_content/BlazorMonaco/lib/monaco-editor/min/vs/basic-languages/pascal/pascal.min.js
docs/_content/BlazorMonaco/lib/monaco-editor/min/vs/basic-languages/pascal/pascal.min.js.br	14bf45df74b4868ec93addee86dd9034ec779797	1401	compiled-docs-web-payload	git show f773b3090ffd86cb5600fdaf3aca20ec9cc19606:docs/_content/BlazorMonaco/lib/monaco-editor/min/vs/basic-languages/pascal/pascal.min.js.br
docs/_content/BlazorMonaco/lib/monaco-editor/min/vs/basic-languages/pascal/pascal.min.js.gz	1f3aaefd4b96287b8febb4667de2c113e2d71fe0	1620	compiled-docs-web-payload	git show f773b3090ffd86cb5600fdaf3aca20ec9cc19606:docs/_content/BlazorMonaco/lib/monaco-editor/min/vs/basic-languages/pascal/pascal.min.js.gz
docs/_content/BlazorMonaco/lib/monaco-editor/min/vs/basic-languages/pascaligo/pascaligo.js	b662b358352d37d992156d5c420109cb0cd33991	2843	compiled-docs-web-payload	git show f773b3090ffd86cb5600fdaf3aca20ec9cc19606:docs/_content/BlazorMonaco/lib/monaco-editor/min/vs/basic-languages/pascaligo/pascaligo.js
docs/_content/BlazorMonaco/lib/monaco-editor/min/vs/basic-languages/pascaligo/pascaligo.js.br	189aa0aa127de26ff079fed09b396399e28cec8d	1207	compiled-docs-web-payload	git show f773b3090ffd86cb5600fdaf3aca20ec9cc19606:docs/_content/BlazorMonaco/lib/monaco-editor/min/vs/basic-languages/pascaligo/pascaligo.js.br
docs/_content/BlazorMonaco/lib/monaco-editor/min/vs/basic-languages/pascaligo/pascaligo.js.gz	2207c884731235a131393d773bcaf3e88431beeb	1362	compiled-docs-web-payload	git show f773b3090ffd86cb5600fdaf3aca20ec9cc19606:docs/_content/BlazorMonaco/lib/monaco-editor/min/vs/basic-languages/pascaligo/pascaligo.js.gz
docs/_content/BlazorMonaco/lib/monaco-editor/min/vs/basic-languages/pascaligo/pascaligo.min.js	acb779d83534e4ef8d4610156352c3731f2c0c5e	2332	compiled-docs-web-payload	git show f773b3090ffd86cb5600fdaf3aca20ec9cc19606:docs/_content/BlazorMonaco/lib/monaco-editor/min/vs/basic-languages/pascaligo/pascaligo.min.js
docs/_content/BlazorMonaco/lib/monaco-editor/min/vs/basic-languages/pascaligo/pascaligo.min.js.br	ed3f9aec084f32172e4c1b9fb5aad7a23160316b	1006	compiled-docs-web-payload	git show f773b3090ffd86cb5600fdaf3aca20ec9cc19606:docs/_content/BlazorMonaco/lib/monaco-editor/min/vs/basic-languages/pascaligo/pascaligo.min.js.br
docs/_content/BlazorMonaco/lib/monaco-editor/min/vs/basic-languages/pascaligo/pascaligo.min.js.gz	27f43beef862f365c562928da4deee731e464e42	1116	compiled-docs-web-payload	git show f773b3090ffd86cb5600fdaf3aca20ec9cc19606:docs/_content/BlazorMonaco/lib/monaco-editor/min/vs/basic-languages/pascaligo/pascaligo.min.js.gz
docs/_content/BlazorMonaco/lib/monaco-editor/min/vs/basic-languages/perl/perl.js	7079100aae275de77e053f2dc9e37397181e70e3	9088	compiled-docs-web-payload	git show f773b3090ffd86cb5600fdaf3aca20ec9cc19606:docs/_content/BlazorMonaco/lib/monaco-editor/min/vs/basic-languages/perl/perl.js
docs/_content/BlazorMonaco/lib/monaco-editor/min/vs/basic-languages/perl/perl.js.br	b3ec2b0816101e641413cb1875a280b3165ca055	3132	compiled-docs-web-payload	git show f773b3090ffd86cb5600fdaf3aca20ec9cc19606:docs/_content/BlazorMonaco/lib/monaco-editor/min/vs/basic-languages/perl/perl.js.br
docs/_content/BlazorMonaco/lib/monaco-editor/min/vs/basic-languages/perl/perl.js.gz	adf144bd488ae87cfc1660424692df662752d13d	3667	compiled-docs-web-payload	git show f773b3090ffd86cb5600fdaf3aca20ec9cc19606:docs/_content/BlazorMonaco/lib/monaco-editor/min/vs/basic-languages/perl/perl.js.gz
docs/_content/BlazorMonaco/lib/monaco-editor/min/vs/basic-languages/perl/perl.min.js	14393ad53f15054411ebcd50929a9820dd37a4d1	8577	compiled-docs-web-payload	git show f773b3090ffd86cb5600fdaf3aca20ec9cc19606:docs/_content/BlazorMonaco/lib/monaco-editor/min/vs/basic-languages/perl/perl.min.js
docs/_content/BlazorMonaco/lib/monaco-editor/min/vs/basic-languages/perl/perl.min.js.br	2630bf29d5d0ce181e9e94d2b9246fb826abe1fc	2942	compiled-docs-web-payload	git show f773b3090ffd86cb5600fdaf3aca20ec9cc19606:docs/_content/BlazorMonaco/lib/monaco-editor/min/vs/basic-languages/perl/perl.min.js.br
docs/_content/BlazorMonaco/lib/monaco-editor/min/vs/basic-languages/perl/perl.min.js.gz	c0d6fdeb49130e0dbd1a464094976ca27b547dd0	3421	compiled-docs-web-payload	git show f773b3090ffd86cb5600fdaf3aca20ec9cc19606:docs/_content/BlazorMonaco/lib/monaco-editor/min/vs/basic-languages/perl/perl.min.js.gz
docs/_content/BlazorMonaco/lib/monaco-editor/min/vs/basic-languages/pgsql/pgsql.js	445a07366a6d12bf032eabd9150bd7f03e19f0a3	14299	compiled-docs-web-payload	git show f773b3090ffd86cb5600fdaf3aca20ec9cc19606:docs/_content/BlazorMonaco/lib/monaco-editor/min/vs/basic-languages/pgsql/pgsql.js
docs/_content/BlazorMonaco/lib/monaco-editor/min/vs/basic-languages/pgsql/pgsql.js.br	cea2ea9634ff1ea8f378f4f777827ec7e762f450	4267	compiled-docs-web-payload	git show f773b3090ffd86cb5600fdaf3aca20ec9cc19606:docs/_content/BlazorMonaco/lib/monaco-editor/min/vs/basic-languages/pgsql/pgsql.js.br
docs/_content/BlazorMonaco/lib/monaco-editor/min/vs/basic-languages/pgsql/pgsql.js.gz	d5dbbc0e7e0596b1674db928c3454aad963338b0	5038	compiled-docs-web-payload	git show f773b3090ffd86cb5600fdaf3aca20ec9cc19606:docs/_content/BlazorMonaco/lib/monaco-editor/min/vs/basic-languages/pgsql/pgsql.js.gz
docs/_content/BlazorMonaco/lib/monaco-editor/min/vs/basic-languages/pgsql/pgsql.min.js	e6877c028a7010f2621f66c77eaa08e422441b8f	13788	compiled-docs-web-payload	git show f773b3090ffd86cb5600fdaf3aca20ec9cc19606:docs/_content/BlazorMonaco/lib/monaco-editor/min/vs/basic-languages/pgsql/pgsql.min.js
docs/_content/BlazorMonaco/lib/monaco-editor/min/vs/basic-languages/pgsql/pgsql.min.js.br	969fcf495461f94d0fe5ac78866eda351623bb1f	4063	compiled-docs-web-payload	git show f773b3090ffd86cb5600fdaf3aca20ec9cc19606:docs/_content/BlazorMonaco/lib/monaco-editor/min/vs/basic-languages/pgsql/pgsql.min.js.br
docs/_content/BlazorMonaco/lib/monaco-editor/min/vs/basic-languages/pgsql/pgsql.min.js.gz	c321f4d40c0f60ac725731a4d2534e677c15a4b8	4793	compiled-docs-web-payload	git show f773b3090ffd86cb5600fdaf3aca20ec9cc19606:docs/_content/BlazorMonaco/lib/monaco-editor/min/vs/basic-languages/pgsql/pgsql.min.js.gz
docs/_content/BlazorMonaco/lib/monaco-editor/min/vs/basic-languages/php/php.js	8a4097939c5ec18f671f4b82076298b6bb05d849	8858	compiled-docs-web-payload	git show f773b3090ffd86cb5600fdaf3aca20ec9cc19606:docs/_content/BlazorMonaco/lib/monaco-editor/min/vs/basic-languages/php/php.js
docs/_content/BlazorMonaco/lib/monaco-editor/min/vs/basic-languages/php/php.js.br	e90b1850ac78d6485b22427a93a830d52c8e8f17	2188	compiled-docs-web-payload	git show f773b3090ffd86cb5600fdaf3aca20ec9cc19606:docs/_content/BlazorMonaco/lib/monaco-editor/min/vs/basic-languages/php/php.js.br
docs/_content/BlazorMonaco/lib/monaco-editor/min/vs/basic-languages/php/php.js.gz	dc113fa13bf5f5a89907ac5ae59aa251cdea24ec	2542	compiled-docs-web-payload	git show f773b3090ffd86cb5600fdaf3aca20ec9cc19606:docs/_content/BlazorMonaco/lib/monaco-editor/min/vs/basic-languages/php/php.js.gz
docs/_content/BlazorMonaco/lib/monaco-editor/min/vs/basic-languages/php/php.min.js	281f5f7db6d57c05b0a938e993736e8103410ecd	8347	compiled-docs-web-payload	git show f773b3090ffd86cb5600fdaf3aca20ec9cc19606:docs/_content/BlazorMonaco/lib/monaco-editor/min/vs/basic-languages/php/php.min.js
docs/_content/BlazorMonaco/lib/monaco-editor/min/vs/basic-languages/php/php.min.js.br	590cac5c43023a223c125ab080ed947ce66d55f9	2004	compiled-docs-web-payload	git show f773b3090ffd86cb5600fdaf3aca20ec9cc19606:docs/_content/BlazorMonaco/lib/monaco-editor/min/vs/basic-languages/php/php.min.js.br
docs/_content/BlazorMonaco/lib/monaco-editor/min/vs/basic-languages/php/php.min.js.gz	464dae9cb8a84a291c5d5ed2372728e37dc7403f	2298	compiled-docs-web-payload	git show f773b3090ffd86cb5600fdaf3aca20ec9cc19606:docs/_content/BlazorMonaco/lib/monaco-editor/min/vs/basic-languages/php/php.min.js.gz
docs/_content/BlazorMonaco/lib/monaco-editor/min/vs/basic-languages/pla/pla.js	37c8fad24148e1c26a70f05242800952c82756c0	2514	compiled-docs-web-payload	git show f773b3090ffd86cb5600fdaf3aca20ec9cc19606:docs/_content/BlazorMonaco/lib/monaco-editor/min/vs/basic-languages/pla/pla.js
docs/_content/BlazorMonaco/lib/monaco-editor/min/vs/basic-languages/pla/pla.js.br	45cf40dd2b45ba9905fa564ca5c6e60e050445ba	959	compiled-docs-web-payload	git show f773b3090ffd86cb5600fdaf3aca20ec9cc19606:docs/_content/BlazorMonaco/lib/monaco-editor/min/vs/basic-languages/pla/pla.js.br
docs/_content/BlazorMonaco/lib/monaco-editor/min/vs/basic-languages/pla/pla.js.gz	369c74e0418b8d7c46a401c825ea74a5513938a5	1101	compiled-docs-web-payload	git show f773b3090ffd86cb5600fdaf3aca20ec9cc19606:docs/_content/BlazorMonaco/lib/monaco-editor/min/vs/basic-languages/pla/pla.js.gz
docs/_content/BlazorMonaco/lib/monaco-editor/min/vs/basic-languages/pla/pla.min.js	bfa6eb261ac6f71f0375bb7d05c54556a578dd31	2003	compiled-docs-web-payload	git show f773b3090ffd86cb5600fdaf3aca20ec9cc19606:docs/_content/BlazorMonaco/lib/monaco-editor/min/vs/basic-languages/pla/pla.min.js
docs/_content/BlazorMonaco/lib/monaco-editor/min/vs/basic-languages/pla/pla.min.js.br	e3d3d40b3b23d4ca230c525c541ace97696fa3a8	761	compiled-docs-web-payload	git show f773b3090ffd86cb5600fdaf3aca20ec9cc19606:docs/_content/BlazorMonaco/lib/monaco-editor/min/vs/basic-languages/pla/pla.min.js.br
docs/_content/BlazorMonaco/lib/monaco-editor/min/vs/basic-languages/pla/pla.min.js.gz	71e5dc49f305b221d3f4755327102102f0ce8e8c	859	compiled-docs-web-payload	git show f773b3090ffd86cb5600fdaf3aca20ec9cc19606:docs/_content/BlazorMonaco/lib/monaco-editor/min/vs/basic-languages/pla/pla.min.js.gz
docs/_content/BlazorMonaco/lib/monaco-editor/min/vs/basic-languages/postiats/postiats.js	0f794b784e3f02e6264b6251e0a4dc12c14766ec	8697	compiled-docs-web-payload	git show f773b3090ffd86cb5600fdaf3aca20ec9cc19606:docs/_content/BlazorMonaco/lib/monaco-editor/min/vs/basic-languages/postiats/postiats.js
docs/_content/BlazorMonaco/lib/monaco-editor/min/vs/basic-languages/postiats/postiats.js.br	30713f7b5e201178451fd92f1e3d9a1ff23d163b	2582	compiled-docs-web-payload	git show f773b3090ffd86cb5600fdaf3aca20ec9cc19606:docs/_content/BlazorMonaco/lib/monaco-editor/min/vs/basic-languages/postiats/postiats.js.br
docs/_content/BlazorMonaco/lib/monaco-editor/min/vs/basic-languages/postiats/postiats.js.gz	12bdee93bad86d52ceb92591aa3fd1493b2bbb27	2919	compiled-docs-web-payload	git show f773b3090ffd86cb5600fdaf3aca20ec9cc19606:docs/_content/BlazorMonaco/lib/monaco-editor/min/vs/basic-languages/postiats/postiats.js.gz
docs/_content/BlazorMonaco/lib/monaco-editor/min/vs/basic-languages/postiats/postiats.min.js	8b331ce404fd9c7b39efb6f29de20ee763e53455	8186	compiled-docs-web-payload	git show f773b3090ffd86cb5600fdaf3aca20ec9cc19606:docs/_content/BlazorMonaco/lib/monaco-editor/min/vs/basic-languages/postiats/postiats.min.js
docs/_content/BlazorMonaco/lib/monaco-editor/min/vs/basic-languages/postiats/postiats.min.js.br	6d39cc016e6d080760b9babb0e3ad2e67184c7d8	2414	compiled-docs-web-payload	git show f773b3090ffd86cb5600fdaf3aca20ec9cc19606:docs/_content/BlazorMonaco/lib/monaco-editor/min/vs/basic-languages/postiats/postiats.min.js.br
docs/_content/BlazorMonaco/lib/monaco-editor/min/vs/basic-languages/postiats/postiats.min.js.gz	15c849f76759533cf0afe853b1caf2a9bd35ccde	2670	compiled-docs-web-payload	git show f773b3090ffd86cb5600fdaf3aca20ec9cc19606:docs/_content/BlazorMonaco/lib/monaco-editor/min/vs/basic-languages/postiats/postiats.min.js.gz
docs/_content/BlazorMonaco/lib/monaco-editor/min/vs/basic-languages/powerquery/powerquery.js	b0cf123ae2a182c6da42e79ae0c6e43cd672d8f1	17784	compiled-docs-web-payload	git show f773b3090ffd86cb5600fdaf3aca20ec9cc19606:docs/_content/BlazorMonaco/lib/monaco-editor/min/vs/basic-languages/powerquery/powerquery.js
docs/_content/BlazorMonaco/lib/monaco-editor/min/vs/basic-languages/powerquery/powerquery.js.br	cea84b79bedc908dc1e0133dce5110baeffc4012	4590	compiled-docs-web-payload	git show f773b3090ffd86cb5600fdaf3aca20ec9cc19606:docs/_content/BlazorMonaco/lib/monaco-editor/min/vs/basic-languages/powerquery/powerquery.js.br
docs/_content/BlazorMonaco/lib/monaco-editor/min/vs/basic-languages/powerquery/powerquery.js.gz	d095e49cdcf4df2e40a69702a646e1d49a86e795	5361	compiled-docs-web-payload	git show f773b3090ffd86cb5600fdaf3aca20ec9cc19606:docs/_content/BlazorMonaco/lib/monaco-editor/min/vs/basic-languages/powerquery/powerquery.js.gz
docs/_content/BlazorMonaco/lib/monaco-editor/min/vs/basic-languages/powerquery/powerquery.min.js	02de3a05c2a523340601283a376a2bce6016f67b	17273	compiled-docs-web-payload	git show f773b3090ffd86cb5600fdaf3aca20ec9cc19606:docs/_content/BlazorMonaco/lib/monaco-editor/min/vs/basic-languages/powerquery/powerquery.min.js
docs/_content/BlazorMonaco/lib/monaco-editor/min/vs/basic-languages/powerquery/powerquery.min.js.br	fd7a68b5f14bcf06b499a627e9048db14fb05594	4437	compiled-docs-web-payload	git show f773b3090ffd86cb5600fdaf3aca20ec9cc19606:docs/_content/BlazorMonaco/lib/monaco-editor/min/vs/basic-languages/powerquery/powerquery.min.js.br
docs/_content/BlazorMonaco/lib/monaco-editor/min/vs/basic-languages/powerquery/powerquery.min.js.gz	1c8dc363e1b0dd4100db432fac91bfd001813354	5113	compiled-docs-web-payload	git show f773b3090ffd86cb5600fdaf3aca20ec9cc19606:docs/_content/BlazorMonaco/lib/monaco-editor/min/vs/basic-languages/powerquery/powerquery.min.js.gz
docs/_content/BlazorMonaco/lib/monaco-editor/min/vs/basic-languages/powershell/powershell.js	63e903658166234bcfe4f234391a581efc8789c3	4114	compiled-docs-web-payload	git show f773b3090ffd86cb5600fdaf3aca20ec9cc19606:docs/_content/BlazorMonaco/lib/monaco-editor/min/vs/basic-languages/powershell/powershell.js
docs/_content/BlazorMonaco/lib/monaco-editor/min/vs/basic-languages/powershell/powershell.js.br	f891d9900c69cfd0b14e7e65a5db1c73989edab8	1572	compiled-docs-web-payload	git show f773b3090ffd86cb5600fdaf3aca20ec9cc19606:docs/_content/BlazorMonaco/lib/monaco-editor/min/vs/basic-languages/powershell/powershell.js.br
docs/_content/BlazorMonaco/lib/monaco-editor/min/vs/basic-languages/powershell/powershell.js.gz	8bb65ee5a34fa22a53d5aea2fb99b6ce58dabb2f	1846	compiled-docs-web-payload	git show f773b3090ffd86cb5600fdaf3aca20ec9cc19606:docs/_content/BlazorMonaco/lib/monaco-editor/min/vs/basic-languages/powershell/powershell.js.gz
docs/_content/BlazorMonaco/lib/monaco-editor/min/vs/basic-languages/powershell/powershell.min.js	5018d641e468886aa7dc280be1121fbd7c649584	3603	compiled-docs-web-payload	git show f773b3090ffd86cb5600fdaf3aca20ec9cc19606:docs/_content/BlazorMonaco/lib/monaco-editor/min/vs/basic-languages/powershell/powershell.min.js
docs/_content/BlazorMonaco/lib/monaco-editor/min/vs/basic-languages/powershell/powershell.min.js.br	f60e79fd320612093d8a185bb6a3642fecd801db	1385	compiled-docs-web-payload	git show f773b3090ffd86cb5600fdaf3aca20ec9cc19606:docs/_content/BlazorMonaco/lib/monaco-editor/min/vs/basic-languages/powershell/powershell.min.js.br
docs/_content/BlazorMonaco/lib/monaco-editor/min/vs/basic-languages/powershell/powershell.min.js.gz	1fc0727ff46c5f8f846243aa0f3aee7fc7614285	1606	compiled-docs-web-payload	git show f773b3090ffd86cb5600fdaf3aca20ec9cc19606:docs/_content/BlazorMonaco/lib/monaco-editor/min/vs/basic-languages/powershell/powershell.min.js.gz
docs/_content/BlazorMonaco/lib/monaco-editor/min/vs/basic-languages/protobuf/protobuf.js	dc2e73ce9f8ae69a29c40a50ccfe5dd053b2601a	9888	compiled-docs-web-payload	git show f773b3090ffd86cb5600fdaf3aca20ec9cc19606:docs/_content/BlazorMonaco/lib/monaco-editor/min/vs/basic-languages/protobuf/protobuf.js
docs/_content/BlazorMonaco/lib/monaco-editor/min/vs/basic-languages/protobuf/protobuf.js.br	63e7fe32ded2586036fcaca3192246be173783c8	2239	compiled-docs-web-payload	git show f773b3090ffd86cb5600fdaf3aca20ec9cc19606:docs/_content/BlazorMonaco/lib/monaco-editor/min/vs/basic-languages/protobuf/protobuf.js.br
docs/_content/BlazorMonaco/lib/monaco-editor/min/vs/basic-languages/protobuf/protobuf.js.gz	7e2417291f6dd08e2323865d4709732418e24422	2548	compiled-docs-web-payload	git show f773b3090ffd86cb5600fdaf3aca20ec9cc19606:docs/_content/BlazorMonaco/lib/monaco-editor/min/vs/basic-languages/protobuf/protobuf.js.gz
docs/_content/BlazorMonaco/lib/monaco-editor/min/vs/basic-languages/protobuf/protobuf.min.js	7359600ef6db9505796ffe138aded00a7dacdf15	9373	compiled-docs-web-payload	git show f773b3090ffd86cb5600fdaf3aca20ec9cc19606:docs/_content/BlazorMonaco/lib/monaco-editor/min/vs/basic-languages/protobuf/protobuf.min.js
docs/_content/BlazorMonaco/lib/monaco-editor/min/vs/basic-languages/protobuf/protobuf.min.js.br	b954bef31c1130b2d739f2b6f52f8d25eccfb237	2056	compiled-docs-web-payload	git show f773b3090ffd86cb5600fdaf3aca20ec9cc19606:docs/_content/BlazorMonaco/lib/monaco-editor/min/vs/basic-languages/protobuf/protobuf.min.js.br
docs/_content/BlazorMonaco/lib/monaco-editor/min/vs/basic-languages/protobuf/protobuf.min.js.gz	235248607d8a51298166b8259676bd17951ab6aa	2304	compiled-docs-web-payload	git show f773b3090ffd86cb5600fdaf3aca20ec9cc19606:docs/_content/BlazorMonaco/lib/monaco-editor/min/vs/basic-languages/protobuf/protobuf.min.js.gz
docs/_content/BlazorMonaco/lib/monaco-editor/min/vs/basic-languages/pug/pug.js	2ffc373093c0baa19b65fa6f38b58557c5b0e4b6	5659	compiled-docs-web-payload	git show f773b3090ffd86cb5600fdaf3aca20ec9cc19606:docs/_content/BlazorMonaco/lib/monaco-editor/min/vs/basic-languages/pug/pug.js
docs/_content/BlazorMonaco/lib/monaco-editor/min/vs/basic-languages/pug/pug.js.br	3fba56b3e9d3d183d175f71d6f04e4c4a07d4773	1863	compiled-docs-web-payload	git show f773b3090ffd86cb5600fdaf3aca20ec9cc19606:docs/_content/BlazorMonaco/lib/monaco-editor/min/vs/basic-languages/pug/pug.js.br
docs/_content/BlazorMonaco/lib/monaco-editor/min/vs/basic-languages/pug/pug.js.gz	75c260871cb451712cd9d64adfc71ce232b2db5f	2119	compiled-docs-web-payload	git show f773b3090ffd86cb5600fdaf3aca20ec9cc19606:docs/_content/BlazorMonaco/lib/monaco-editor/min/vs/basic-languages/pug/pug.js.gz
docs/_content/BlazorMonaco/lib/monaco-editor/min/vs/basic-languages/pug/pug.min.js	6d7ce26f867549f449107208399f98fb7291140e	5148	compiled-docs-web-payload	git show f773b3090ffd86cb5600fdaf3aca20ec9cc19606:docs/_content/BlazorMonaco/lib/monaco-editor/min/vs/basic-languages/pug/pug.min.js
docs/_content/BlazorMonaco/lib/monaco-editor/min/vs/basic-languages/pug/pug.min.js.br	7f33848b821152fe423f7f542de20c76d83e1fdd	1686	compiled-docs-web-payload	git show f773b3090ffd86cb5600fdaf3aca20ec9cc19606:docs/_content/BlazorMonaco/lib/monaco-editor/min/vs/basic-languages/pug/pug.min.js.br
docs/_content/BlazorMonaco/lib/monaco-editor/min/vs/basic-languages/pug/pug.min.js.gz	a35949a82381d043d4dab2bd646cd57cbcf7a91e	1880	compiled-docs-web-payload	git show f773b3090ffd86cb5600fdaf3aca20ec9cc19606:docs/_content/BlazorMonaco/lib/monaco-editor/min/vs/basic-languages/pug/pug.min.js.gz
docs/_content/BlazorMonaco/lib/monaco-editor/min/vs/basic-languages/python/python.js	971ded0d00a0329028ebdff31c9783128f117a39	4679	compiled-docs-web-payload	git show f773b3090ffd86cb5600fdaf3aca20ec9cc19606:docs/_content/BlazorMonaco/lib/monaco-editor/min/vs/basic-languages/python/python.js
docs/_content/BlazorMonaco/lib/monaco-editor/min/vs/basic-languages/python/python.js.br	d0d20415eb69d16eb73ff979b2d4c52bf428bc47	1879	compiled-docs-web-payload	git show f773b3090ffd86cb5600fdaf3aca20ec9cc19606:docs/_content/BlazorMonaco/lib/monaco-editor/min/vs/basic-languages/python/python.js.br
docs/_content/BlazorMonaco/lib/monaco-editor/min/vs/basic-languages/python/python.js.gz	0ea60275df7ca87750391ac67a8c082850fe9c64	2095	compiled-docs-web-payload	git show f773b3090ffd86cb5600fdaf3aca20ec9cc19606:docs/_content/BlazorMonaco/lib/monaco-editor/min/vs/basic-languages/python/python.js.gz
docs/_content/BlazorMonaco/lib/monaco-editor/min/vs/basic-languages/python/python.min.js	1a64457b1b18b43db9c90a490391a532ea1ce64e	4114	compiled-docs-web-payload	git show f773b3090ffd86cb5600fdaf3aca20ec9cc19606:docs/_content/BlazorMonaco/lib/monaco-editor/min/vs/basic-languages/python/python.min.js
docs/_content/BlazorMonaco/lib/monaco-editor/min/vs/basic-languages/python/python.min.js.br	7be12cef4aca837f8156d0c4cac5c97b7e3420a4	1667	compiled-docs-web-payload	git show f773b3090ffd86cb5600fdaf3aca20ec9cc19606:docs/_content/BlazorMonaco/lib/monaco-editor/min/vs/basic-languages/python/python.min.js.br
docs/_content/BlazorMonaco/lib/monaco-editor/min/vs/basic-languages/python/python.min.js.gz	339b395c60867853a7c19cfaed81ccedfe9ed821	1855	compiled-docs-web-payload	git show f773b3090ffd86cb5600fdaf3aca20ec9cc19606:docs/_content/BlazorMonaco/lib/monaco-editor/min/vs/basic-languages/python/python.min.js.gz
docs/_content/BlazorMonaco/lib/monaco-editor/min/vs/basic-languages/qsharp/qsharp.js	c3ba76b4e8ae79d602b97be0ddd54f9be68c766a	3772	compiled-docs-web-payload	git show f773b3090ffd86cb5600fdaf3aca20ec9cc19606:docs/_content/BlazorMonaco/lib/monaco-editor/min/vs/basic-languages/qsharp/qsharp.js
docs/_content/BlazorMonaco/lib/monaco-editor/min/vs/basic-languages/qsharp/qsharp.js.br	160156472a6343b1d3e66073ebcd52a731805deb	1603	compiled-docs-web-payload	git show f773b3090ffd86cb5600fdaf3aca20ec9cc19606:docs/_content/BlazorMonaco/lib/monaco-editor/min/vs/basic-languages/qsharp/qsharp.js.br
docs/_content/BlazorMonaco/lib/monaco-editor/min/vs/basic-languages/qsharp/qsharp.js.gz	384ee0fd27e51ec65cc7378c52d1bf8b2462a269	1839	compiled-docs-web-payload	git show f773b3090ffd86cb5600fdaf3aca20ec9cc19606:docs/_content/BlazorMonaco/lib/monaco-editor/min/vs/basic-languages/qsharp/qsharp.js.gz
docs/_content/BlazorMonaco/lib/monaco-editor/min/vs/basic-languages/qsharp/qsharp.min.js	5b4bd49896a5582334334622a5eab1bac6079864	3261	compiled-docs-web-payload	git show f773b3090ffd86cb5600fdaf3aca20ec9cc19606:docs/_content/BlazorMonaco/lib/monaco-editor/min/vs/basic-languages/qsharp/qsharp.min.js
docs/_content/BlazorMonaco/lib/monaco-editor/min/vs/basic-languages/qsharp/qsharp.min.js.br	0c082d042b2b99903621f4292079ffe42d5d494b	1401	compiled-docs-web-payload	git show f773b3090ffd86cb5600fdaf3aca20ec9cc19606:docs/_content/BlazorMonaco/lib/monaco-editor/min/vs/basic-languages/qsharp/qsharp.min.js.br
docs/_content/BlazorMonaco/lib/monaco-editor/min/vs/basic-languages/qsharp/qsharp.min.js.gz	36d1b5426e8dab5467e85435b28f16185aa84823	1589	compiled-docs-web-payload	git show f773b3090ffd86cb5600fdaf3aca20ec9cc19606:docs/_content/BlazorMonaco/lib/monaco-editor/min/vs/basic-languages/qsharp/qsharp.min.js.gz
docs/_content/BlazorMonaco/lib/monaco-editor/min/vs/basic-languages/r/r.js	96f0b2eb193b867c8027c1ecea53db43331fddd0	3958	compiled-docs-web-payload	git show f773b3090ffd86cb5600fdaf3aca20ec9cc19606:docs/_content/BlazorMonaco/lib/monaco-editor/min/vs/basic-languages/r/r.js
docs/_content/BlazorMonaco/lib/monaco-editor/min/vs/basic-languages/r/r.js.br	a17a60e1074951186d89247e9327e8ed345decbd	1496	compiled-docs-web-payload	git show f773b3090ffd86cb5600fdaf3aca20ec9cc19606:docs/_content/BlazorMonaco/lib/monaco-editor/min/vs/basic-languages/r/r.js.br
docs/_content/BlazorMonaco/lib/monaco-editor/min/vs/basic-languages/r/r.js.gz	396666d060fc8c294c4cbc554aaad76ee445d999	1745	compiled-docs-web-payload	git show f773b3090ffd86cb5600fdaf3aca20ec9cc19606:docs/_content/BlazorMonaco/lib/monaco-editor/min/vs/basic-languages/r/r.js.gz
docs/_content/BlazorMonaco/lib/monaco-editor/min/vs/basic-languages/r/r.min.js	c8d29bbcb8eea31c7af582535b31101f558b5552	3447	compiled-docs-web-payload	git show f773b3090ffd86cb5600fdaf3aca20ec9cc19606:docs/_content/BlazorMonaco/lib/monaco-editor/min/vs/basic-languages/r/r.min.js
docs/_content/BlazorMonaco/lib/monaco-editor/min/vs/basic-languages/r/r.min.js.br	1c4cdeb3283aa9c47b0e929b9f2b7aa33d69e9f8	1304	compiled-docs-web-payload	git show f773b3090ffd86cb5600fdaf3aca20ec9cc19606:docs/_content/BlazorMonaco/lib/monaco-editor/min/vs/basic-languages/r/r.min.js.br
docs/_content/BlazorMonaco/lib/monaco-editor/min/vs/basic-languages/r/r.min.js.gz	305035a1107ab2a1ff4608af9a934e3d6522f630	1507	compiled-docs-web-payload	git show f773b3090ffd86cb5600fdaf3aca20ec9cc19606:docs/_content/BlazorMonaco/lib/monaco-editor/min/vs/basic-languages/r/r.min.js.gz
docs/_content/BlazorMonaco/lib/monaco-editor/min/vs/basic-languages/razor/razor.js	586b03437dc90a6da465c9b7aa8f6df452e3a02a	9831	compiled-docs-web-payload	git show f773b3090ffd86cb5600fdaf3aca20ec9cc19606:docs/_content/BlazorMonaco/lib/monaco-editor/min/vs/basic-languages/razor/razor.js
docs/_content/BlazorMonaco/lib/monaco-editor/min/vs/basic-languages/razor/razor.js.br	977e8a65b6657ce9bd753f6f0423b007642bfea0	2489	compiled-docs-web-payload	git show f773b3090ffd86cb5600fdaf3aca20ec9cc19606:docs/_content/BlazorMonaco/lib/monaco-editor/min/vs/basic-languages/razor/razor.js.br
docs/_content/BlazorMonaco/lib/monaco-editor/min/vs/basic-languages/razor/razor.js.gz	56afb79f53f8aa9775e9cc44d29adebb2c14a151	2811	compiled-docs-web-payload	git show f773b3090ffd86cb5600fdaf3aca20ec9cc19606:docs/_content/BlazorMonaco/lib/monaco-editor/min/vs/basic-languages/razor/razor.js.gz
docs/_content/BlazorMonaco/lib/monaco-editor/min/vs/basic-languages/razor/razor.min.js	1a6a669709bd150f8317c0165b88d67efc515243	9276	compiled-docs-web-payload	git show f773b3090ffd86cb5600fdaf3aca20ec9cc19606:docs/_content/BlazorMonaco/lib/monaco-editor/min/vs/basic-languages/razor/razor.min.js
docs/_content/BlazorMonaco/lib/monaco-editor/min/vs/basic-languages/razor/razor.min.js.br	4a6f3f7fc4e86b0f31d98f508b82522c8ab53da5	2309	compiled-docs-web-payload	git show f773b3090ffd86cb5600fdaf3aca20ec9cc19606:docs/_content/BlazorMonaco/lib/monaco-editor/min/vs/basic-languages/razor/razor.min.js.br
docs/_content/BlazorMonaco/lib/monaco-editor/min/vs/basic-languages/razor/razor.min.js.gz	9af5c40dbfb84c317589d0ad4cbc3a19030ab9f7	2582	compiled-docs-web-payload	git show f773b3090ffd86cb5600fdaf3aca20ec9cc19606:docs/_content/BlazorMonaco/lib/monaco-editor/min/vs/basic-languages/razor/razor.min.js.gz
docs/_content/BlazorMonaco/lib/monaco-editor/min/vs/basic-languages/redis/redis.js	90a79548738e818b17e0d469a1ee7fb4f87bb7fb	4391	compiled-docs-web-payload	git show f773b3090ffd86cb5600fdaf3aca20ec9cc19606:docs/_content/BlazorMonaco/lib/monaco-editor/min/vs/basic-languages/redis/redis.js
docs/_content/BlazorMonaco/lib/monaco-editor/min/vs/basic-languages/redis/redis.js.br	6d20235973a8de3c1254d6c073ac1e254b921d52	1683	compiled-docs-web-payload	git show f773b3090ffd86cb5600fdaf3aca20ec9cc19606:docs/_content/BlazorMonaco/lib/monaco-editor/min/vs/basic-languages/redis/redis.js.br
docs/_content/BlazorMonaco/lib/monaco-editor/min/vs/basic-languages/redis/redis.js.gz	6d91358b75ee679e401db713f572e625f4bdd634	1976	compiled-docs-web-payload	git show f773b3090ffd86cb5600fdaf3aca20ec9cc19606:docs/_content/BlazorMonaco/lib/monaco-editor/min/vs/basic-languages/redis/redis.js.gz
docs/_content/BlazorMonaco/lib/monaco-editor/min/vs/basic-languages/redis/redis.min.js	67d1d82287ba0f3c50b3f952f7c1625ee2e63dea	3880	compiled-docs-web-payload	git show f773b3090ffd86cb5600fdaf3aca20ec9cc19606:docs/_content/BlazorMonaco/lib/monaco-editor/min/vs/basic-languages/redis/redis.min.js
docs/_content/BlazorMonaco/lib/monaco-editor/min/vs/basic-languages/redis/redis.min.js.br	c5d992a7ac17b478eba8db9f0015edc4f88a3472	1495	compiled-docs-web-payload	git show f773b3090ffd86cb5600fdaf3aca20ec9cc19606:docs/_content/BlazorMonaco/lib/monaco-editor/min/vs/basic-languages/redis/redis.min.js.br
docs/_content/BlazorMonaco/lib/monaco-editor/min/vs/basic-languages/redis/redis.min.js.gz	268a696e0c1213209cd6363e7e1dddbfbab19a73	1721	compiled-docs-web-payload	git show f773b3090ffd86cb5600fdaf3aca20ec9cc19606:docs/_content/BlazorMonaco/lib/monaco-editor/min/vs/basic-languages/redis/redis.min.js.gz
docs/_content/BlazorMonaco/lib/monaco-editor/min/vs/basic-languages/redshift/redshift.js	68e4226273c8e7b9f4d23e4b505392d557f12882	12641	compiled-docs-web-payload	git show f773b3090ffd86cb5600fdaf3aca20ec9cc19606:docs/_content/BlazorMonaco/lib/monaco-editor/min/vs/basic-languages/redshift/redshift.js
docs/_content/BlazorMonaco/lib/monaco-editor/min/vs/basic-languages/redshift/redshift.js.br	c722b613a0dadd00f9d62278161f4eb9d7e76c4c	4104	compiled-docs-web-payload	git show f773b3090ffd86cb5600fdaf3aca20ec9cc19606:docs/_content/BlazorMonaco/lib/monaco-editor/min/vs/basic-languages/redshift/redshift.js.br
docs/_content/BlazorMonaco/lib/monaco-editor/min/vs/basic-languages/redshift/redshift.js.gz	e2fe18d7920ff41a4ca739c0bc12f23946886c77	4870	compiled-docs-web-payload	git show f773b3090ffd86cb5600fdaf3aca20ec9cc19606:docs/_content/BlazorMonaco/lib/monaco-editor/min/vs/basic-languages/redshift/redshift.js.gz
docs/_content/BlazorMonaco/lib/monaco-editor/min/vs/basic-languages/redshift/redshift.min.js	b1e847e9f45aea9c999d92c26e1d7de8dc61b922	12130	compiled-docs-web-payload	git show f773b3090ffd86cb5600fdaf3aca20ec9cc19606:docs/_content/BlazorMonaco/lib/monaco-editor/min/vs/basic-languages/redshift/redshift.min.js
docs/_content/BlazorMonaco/lib/monaco-editor/min/vs/basic-languages/redshift/redshift.min.js.br	2d090047a6819688878c3ec0707816c52c708145	3918	compiled-docs-web-payload	git show f773b3090ffd86cb5600fdaf3aca20ec9cc19606:docs/_content/BlazorMonaco/lib/monaco-editor/min/vs/basic-languages/redshift/redshift.min.js.br
docs/_content/BlazorMonaco/lib/monaco-editor/min/vs/basic-languages/redshift/redshift.min.js.gz	7104226834569f593bbaacac1c4cd49266500af5	4629	compiled-docs-web-payload	git show f773b3090ffd86cb5600fdaf3aca20ec9cc19606:docs/_content/BlazorMonaco/lib/monaco-editor/min/vs/basic-languages/redshift/redshift.min.js.gz
docs/_content/BlazorMonaco/lib/monaco-editor/min/vs/basic-languages/restructuredtext/restructuredtext.js	48705cf5b7d209d775bb926f73886ae725789d96	4750	compiled-docs-web-payload	git show f773b3090ffd86cb5600fdaf3aca20ec9cc19606:docs/_content/BlazorMonaco/lib/monaco-editor/min/vs/basic-languages/restructuredtext/restructuredtext.js
docs/_content/BlazorMonaco/lib/monaco-editor/min/vs/basic-languages/restructuredtext/restructuredtext.js.br	7369fc30661bdb7fbc8a8c6a9b298fd7b24acf21	1615	compiled-docs-web-payload	git show f773b3090ffd86cb5600fdaf3aca20ec9cc19606:docs/_content/BlazorMonaco/lib/monaco-editor/min/vs/basic-languages/restructuredtext/restructuredtext.js.br
docs/_content/BlazorMonaco/lib/monaco-editor/min/vs/basic-languages/restructuredtext/restructuredtext.js.gz	aa75cf60303cade7b90fb33ef69dde381a5c65b3	1845	compiled-docs-web-payload	git show f773b3090ffd86cb5600fdaf3aca20ec9cc19606:docs/_content/BlazorMonaco/lib/monaco-editor/min/vs/basic-languages/restructuredtext/restructuredtext.js.gz
docs/_content/BlazorMonaco/lib/monaco-editor/min/vs/basic-languages/restructuredtext/restructuredtext.min.js	2d067160d925d98bfa0c6af53e982b3e14487ec3	4251	compiled-docs-web-payload	git show f773b3090ffd86cb5600fdaf3aca20ec9cc19606:docs/_content/BlazorMonaco/lib/monaco-editor/min/vs/basic-languages/restructuredtext/restructuredtext.min.js
docs/_content/BlazorMonaco/lib/monaco-editor/min/vs/basic-languages/restructuredtext/restructuredtext.min.js.br	ebe0be60523af6346de0c2eb05754af1e31371fd	1437	compiled-docs-web-payload	git show f773b3090ffd86cb5600fdaf3aca20ec9cc19606:docs/_content/BlazorMonaco/lib/monaco-editor/min/vs/basic-languages/restructuredtext/restructuredtext.min.js.br
docs/_content/BlazorMonaco/lib/monaco-editor/min/vs/basic-languages/restructuredtext/restructuredtext.min.js.gz	8002d64616027d153a7e3b3815296e02a4c69f40	1609	compiled-docs-web-payload	git show f773b3090ffd86cb5600fdaf3aca20ec9cc19606:docs/_content/BlazorMonaco/lib/monaco-editor/min/vs/basic-languages/restructuredtext/restructuredtext.min.js.gz
docs/_content/BlazorMonaco/lib/monaco-editor/min/vs/basic-languages/ruby/ruby.js	7ab12c630d737c03016d2d56b714a9d67d20f3be	9337	compiled-docs-web-payload	git show f773b3090ffd86cb5600fdaf3aca20ec9cc19606:docs/_content/BlazorMonaco/lib/monaco-editor/min/vs/basic-languages/ruby/ruby.js
docs/_content/BlazorMonaco/lib/monaco-editor/min/vs/basic-languages/ruby/ruby.js.br	8258c356b5ae996bc4b4cc1a4d3c73aea600e161	2722	compiled-docs-web-payload	git show f773b3090ffd86cb5600fdaf3aca20ec9cc19606:docs/_content/BlazorMonaco/lib/monaco-editor/min/vs/basic-languages/ruby/ruby.js.br
docs/_content/BlazorMonaco/lib/monaco-editor/min/vs/basic-languages/ruby/ruby.js.gz	3123d0cfed7fc4ab84564eef2490fd851dee50e8	3052	compiled-docs-web-payload	git show f773b3090ffd86cb5600fdaf3aca20ec9cc19606:docs/_content/BlazorMonaco/lib/monaco-editor/min/vs/basic-languages/ruby/ruby.js.gz
docs/_content/BlazorMonaco/lib/monaco-editor/min/vs/basic-languages/ruby/ruby.min.js	400ed37276e29c7ecb48fdd1182a10b2a1a692cf	8826	compiled-docs-web-payload	git show f773b3090ffd86cb5600fdaf3aca20ec9cc19606:docs/_content/BlazorMonaco/lib/monaco-editor/min/vs/basic-languages/ruby/ruby.min.js
docs/_content/BlazorMonaco/lib/monaco-editor/min/vs/basic-languages/ruby/ruby.min.js.br	ec79efbec30589f47e39ce50cb2cdaaf6cdc8b3b	2531	compiled-docs-web-payload	git show f773b3090ffd86cb5600fdaf3aca20ec9cc19606:docs/_content/BlazorMonaco/lib/monaco-editor/min/vs/basic-languages/ruby/ruby.min.js.br
docs/_content/BlazorMonaco/lib/monaco-editor/min/vs/basic-languages/ruby/ruby.min.js.gz	b137f252246279f24a73d54e7c9960e340335eac	2809	compiled-docs-web-payload	git show f773b3090ffd86cb5600fdaf3aca20ec9cc19606:docs/_content/BlazorMonaco/lib/monaco-editor/min/vs/basic-languages/ruby/ruby.min.js.gz
docs/_content/BlazorMonaco/lib/monaco-editor/min/vs/basic-languages/rust/rust.js	31a6d6e0ff10548dcc5cc5e86fac61c2bff36277	4993	compiled-docs-web-payload	git show f773b3090ffd86cb5600fdaf3aca20ec9cc19606:docs/_content/BlazorMonaco/lib/monaco-editor/min/vs/basic-languages/rust/rust.js
docs/_content/BlazorMonaco/lib/monaco-editor/min/vs/basic-languages/rust/rust.js.br	e9a39a4ea53d8d95125b70e76ca1d83c4e691e26	2035	compiled-docs-web-payload	git show f773b3090ffd86cb5600fdaf3aca20ec9cc19606:docs/_content/BlazorMonaco/lib/monaco-editor/min/vs/basic-languages/rust/rust.js.br
docs/_content/BlazorMonaco/lib/monaco-editor/min/vs/basic-languages/rust/rust.js.gz	ffd5aab5838da29b9839d9e702162035ab1ec2c0	2308	compiled-docs-web-payload	git show f773b3090ffd86cb5600fdaf3aca20ec9cc19606:docs/_content/BlazorMonaco/lib/monaco-editor/min/vs/basic-languages/rust/rust.js.gz
docs/_content/BlazorMonaco/lib/monaco-editor/min/vs/basic-languages/rust/rust.min.js	15c5d1d049e36e7d094bf84b671e8ab54ac6e027	4482	compiled-docs-web-payload	git show f773b3090ffd86cb5600fdaf3aca20ec9cc19606:docs/_content/BlazorMonaco/lib/monaco-editor/min/vs/basic-languages/rust/rust.min.js
docs/_content/BlazorMonaco/lib/monaco-editor/min/vs/basic-languages/rust/rust.min.js.br	d915b02c824ea2c27537ed2ceeeb8bf909d4d8a5	1840	compiled-docs-web-payload	git show f773b3090ffd86cb5600fdaf3aca20ec9cc19606:docs/_content/BlazorMonaco/lib/monaco-editor/min/vs/basic-languages/rust/rust.min.js.br
docs/_content/BlazorMonaco/lib/monaco-editor/min/vs/basic-languages/rust/rust.min.js.gz	013eec5451b536b0a5f599b1b49bb295ec9f11e6	2067	compiled-docs-web-payload	git show f773b3090ffd86cb5600fdaf3aca20ec9cc19606:docs/_content/BlazorMonaco/lib/monaco-editor/min/vs/basic-languages/rust/rust.min.js.gz
docs/_content/BlazorMonaco/lib/monaco-editor/min/vs/basic-languages/sb/sb.js	a6deac180c6d9f5fcb41cdddf3dada477c8bcf6c	2658	compiled-docs-web-payload	git show f773b3090ffd86cb5600fdaf3aca20ec9cc19606:docs/_content/BlazorMonaco/lib/monaco-editor/min/vs/basic-languages/sb/sb.js
docs/_content/BlazorMonaco/lib/monaco-editor/min/vs/basic-languages/sb/sb.js.br	03b31f48060e57cd3024b6c0132829e95da98d34	1121	compiled-docs-web-payload	git show f773b3090ffd86cb5600fdaf3aca20ec9cc19606:docs/_content/BlazorMonaco/lib/monaco-editor/min/vs/basic-languages/sb/sb.js.br
docs/_content/BlazorMonaco/lib/monaco-editor/min/vs/basic-languages/sb/sb.js.gz	a509a3fac5597e9af5be8b44a9c0cd35a9f12c7e	1277	compiled-docs-web-payload	git show f773b3090ffd86cb5600fdaf3aca20ec9cc19606:docs/_content/BlazorMonaco/lib/monaco-editor/min/vs/basic-languages/sb/sb.js.gz
docs/_content/BlazorMonaco/lib/monaco-editor/min/vs/basic-languages/sb/sb.min.js	a9b12af00582a37891c02d087e409130089eef1a	2147	compiled-docs-web-payload	git show f773b3090ffd86cb5600fdaf3aca20ec9cc19606:docs/_content/BlazorMonaco/lib/monaco-editor/min/vs/basic-languages/sb/sb.min.js
docs/_content/BlazorMonaco/lib/monaco-editor/min/vs/basic-languages/sb/sb.min.js.br	068d700eac080c8e334e6b657d72a93dce338d64	928	compiled-docs-web-payload	git show f773b3090ffd86cb5600fdaf3aca20ec9cc19606:docs/_content/BlazorMonaco/lib/monaco-editor/min/vs/basic-languages/sb/sb.min.js.br
docs/_content/BlazorMonaco/lib/monaco-editor/min/vs/basic-languages/sb/sb.min.js.gz	1417d6ea3189f67240807674a61e8d2833e9ca74	1043	compiled-docs-web-payload	git show f773b3090ffd86cb5600fdaf3aca20ec9cc19606:docs/_content/BlazorMonaco/lib/monaco-editor/min/vs/basic-languages/sb/sb.min.js.gz
docs/_content/BlazorMonaco/lib/monaco-editor/min/vs/basic-languages/scala/scala.js	cf47f4838a6e141d40adae079f0d6c0fbbacf35b	8153	compiled-docs-web-payload	git show f773b3090ffd86cb5600fdaf3aca20ec9cc19606:docs/_content/BlazorMonaco/lib/monaco-editor/min/vs/basic-languages/scala/scala.js
docs/_content/BlazorMonaco/lib/monaco-editor/min/vs/basic-languages/scala/scala.js.br	79bc81da7cb950b62f00b57a6cb8ae1ad43e9962	2270	compiled-docs-web-payload	git show f773b3090ffd86cb5600fdaf3aca20ec9cc19606:docs/_content/BlazorMonaco/lib/monaco-editor/min/vs/basic-languages/scala/scala.js.br
docs/_content/BlazorMonaco/lib/monaco-editor/min/vs/basic-languages/scala/scala.js.gz	2dd8ea52e051e705dca74393cc031e53b3e356b4	2565	compiled-docs-web-payload	git show f773b3090ffd86cb5600fdaf3aca20ec9cc19606:docs/_content/BlazorMonaco/lib/monaco-editor/min/vs/basic-languages/scala/scala.js.gz
docs/_content/BlazorMonaco/lib/monaco-editor/min/vs/basic-languages/scala/scala.min.js	a472bca80b0d3cfa7efa22d8c1390c671f7ab5b6	7642	compiled-docs-web-payload	git show f773b3090ffd86cb5600fdaf3aca20ec9cc19606:docs/_content/BlazorMonaco/lib/monaco-editor/min/vs/basic-languages/scala/scala.min.js
docs/_content/BlazorMonaco/lib/monaco-editor/min/vs/basic-languages/scala/scala.min.js.br	bc9e3d1f48704dc3e44303c900e56e829e256823	2085	compiled-docs-web-payload	git show f773b3090ffd86cb5600fdaf3aca20ec9cc19606:docs/_content/BlazorMonaco/lib/monaco-editor/min/vs/basic-languages/scala/scala.min.js.br
docs/_content/BlazorMonaco/lib/monaco-editor/min/vs/basic-languages/scala/scala.min.js.gz	c71bd45e0e9c3be5a0f2716df2b2b5579b80d55d	2325	compiled-docs-web-payload	git show f773b3090ffd86cb5600fdaf3aca20ec9cc19606:docs/_content/BlazorMonaco/lib/monaco-editor/min/vs/basic-languages/scala/scala.min.js.gz
docs/_content/BlazorMonaco/lib/monaco-editor/min/vs/basic-languages/scheme/scheme.js	68d99ca5c77523a31543b530b536e52c73b7da7f	2604	compiled-docs-web-payload	git show f773b3090ffd86cb5600fdaf3aca20ec9cc19606:docs/_content/BlazorMonaco/lib/monaco-editor/min/vs/basic-languages/scheme/scheme.js
docs/_content/BlazorMonaco/lib/monaco-editor/min/vs/basic-languages/scheme/scheme.js.br	05cde3f387131a6ea3c1dd719a72135fe0fde82e	1122	compiled-docs-web-payload	git show f773b3090ffd86cb5600fdaf3aca20ec9cc19606:docs/_content/BlazorMonaco/lib/monaco-editor/min/vs/basic-languages/scheme/scheme.js.br
docs/_content/BlazorMonaco/lib/monaco-editor/min/vs/basic-languages/scheme/scheme.js.gz	a82b476c8b668cefd177b6d6cbfc8d784cc4be59	1272	compiled-docs-web-payload	git show f773b3090ffd86cb5600fdaf3aca20ec9cc19606:docs/_content/BlazorMonaco/lib/monaco-editor/min/vs/basic-languages/scheme/scheme.js.gz
docs/_content/BlazorMonaco/lib/monaco-editor/min/vs/basic-languages/scheme/scheme.min.js	12313dfc9d7c06860aef6dd4ddf5592478980b3a	2093	compiled-docs-web-payload	git show f773b3090ffd86cb5600fdaf3aca20ec9cc19606:docs/_content/BlazorMonaco/lib/monaco-editor/min/vs/basic-languages/scheme/scheme.min.js
docs/_content/BlazorMonaco/lib/monaco-editor/min/vs/basic-languages/scheme/scheme.min.js.br	dffa8ada51309ec446ff359ae214d5b6baa74be6	920	compiled-docs-web-payload	git show f773b3090ffd86cb5600fdaf3aca20ec9cc19606:docs/_content/BlazorMonaco/lib/monaco-editor/min/vs/basic-languages/scheme/scheme.min.js.br
docs/_content/BlazorMonaco/lib/monaco-editor/min/vs/basic-languages/scheme/scheme.min.js.gz	26fc1a7ce0113818d2a4b3355e7d5844db0d19aa	1029	compiled-docs-web-payload	git show f773b3090ffd86cb5600fdaf3aca20ec9cc19606:docs/_content/BlazorMonaco/lib/monaco-editor/min/vs/basic-languages/scheme/scheme.min.js.gz
docs/_content/BlazorMonaco/lib/monaco-editor/min/vs/basic-languages/scss/scss.js	0815dfa01219c989e1954c4c39a58963847f20ec	7244	compiled-docs-web-payload	git show f773b3090ffd86cb5600fdaf3aca20ec9cc19606:docs/_content/BlazorMonaco/lib/monaco-editor/min/vs/basic-languages/scss/scss.js
docs/_content/BlazorMonaco/lib/monaco-editor/min/vs/basic-languages/scss/scss.js.br	44b7ce3855a8983ac348d6cff3082c96c060832f	1950	compiled-docs-web-payload	git show f773b3090ffd86cb5600fdaf3aca20ec9cc19606:docs/_content/BlazorMonaco/lib/monaco-editor/min/vs/basic-languages/scss/scss.js.br
docs/_content/BlazorMonaco/lib/monaco-editor/min/vs/basic-languages/scss/scss.js.gz	1661249e4c2d8228e82f846dcdd6e100f8838801	2222	compiled-docs-web-payload	git show f773b3090ffd86cb5600fdaf3aca20ec9cc19606:docs/_content/BlazorMonaco/lib/monaco-editor/min/vs/basic-languages/scss/scss.js.gz
docs/_content/BlazorMonaco/lib/monaco-editor/min/vs/basic-languages/scss/scss.min.js	4451c6502208ae6b081e017586e189a5761a6c99	6732	compiled-docs-web-payload	git show f773b3090ffd86cb5600fdaf3aca20ec9cc19606:docs/_content/BlazorMonaco/lib/monaco-editor/min/vs/basic-languages/scss/scss.min.js
docs/_content/BlazorMonaco/lib/monaco-editor/min/vs/basic-languages/scss/scss.min.js.br	7957465a635294d260175ae1deea505ab32412c2	1759	compiled-docs-web-payload	git show f773b3090ffd86cb5600fdaf3aca20ec9cc19606:docs/_content/BlazorMonaco/lib/monaco-editor/min/vs/basic-languages/scss/scss.min.js.br
docs/_content/BlazorMonaco/lib/monaco-editor/min/vs/basic-languages/scss/scss.min.js.gz	3724804c1e4aadc48c57ae20c85a287dd8144d27	1979	compiled-docs-web-payload	git show f773b3090ffd86cb5600fdaf3aca20ec9cc19606:docs/_content/BlazorMonaco/lib/monaco-editor/min/vs/basic-languages/scss/scss.min.js.gz
docs/_content/BlazorMonaco/lib/monaco-editor/min/vs/basic-languages/shell/shell.js	8a586f74ad9416f6fb97c7fb9adb568f1219a723	3908	compiled-docs-web-payload	git show f773b3090ffd86cb5600fdaf3aca20ec9cc19606:docs/_content/BlazorMonaco/lib/monaco-editor/min/vs/basic-languages/shell/shell.js
docs/_content/BlazorMonaco/lib/monaco-editor/min/vs/basic-languages/shell/shell.js.br	06c00b1d60b5444f3e883378bc867a3dc6019000	1479	compiled-docs-web-payload	git show f773b3090ffd86cb5600fdaf3aca20ec9cc19606:docs/_content/BlazorMonaco/lib/monaco-editor/min/vs/basic-languages/shell/shell.js.br
docs/_content/BlazorMonaco/lib/monaco-editor/min/vs/basic-languages/shell/shell.js.gz	1a6ca970459c477fa3fc2ab02e913aaf8478e738	1676	compiled-docs-web-payload	git show f773b3090ffd86cb5600fdaf3aca20ec9cc19606:docs/_content/BlazorMonaco/lib/monaco-editor/min/vs/basic-languages/shell/shell.js.gz
docs/_content/BlazorMonaco/lib/monaco-editor/min/vs/basic-languages/shell/shell.min.js	63870d611d5e5c72f3a962bf3b950be53f481d67	3397	compiled-docs-web-payload	git show f773b3090ffd86cb5600fdaf3aca20ec9cc19606:docs/_content/BlazorMonaco/lib/monaco-editor/min/vs/basic-languages/shell/shell.min.js
docs/_content/BlazorMonaco/lib/monaco-editor/min/vs/basic-languages/shell/shell.min.js.br	f83781e60364dbd27349ad6f3aaacdb3426908fc	1269	compiled-docs-web-payload	git show f773b3090ffd86cb5600fdaf3aca20ec9cc19606:docs/_content/BlazorMonaco/lib/monaco-editor/min/vs/basic-languages/shell/shell.min.js.br
docs/_content/BlazorMonaco/lib/monaco-editor/min/vs/basic-languages/shell/shell.min.js.gz	b4848f2027188225a2c91e44cf3465d5b8c627c9	1428	compiled-docs-web-payload	git show f773b3090ffd86cb5600fdaf3aca20ec9cc19606:docs/_content/BlazorMonaco/lib/monaco-editor/min/vs/basic-languages/shell/shell.min.js.gz
docs/_content/BlazorMonaco/lib/monaco-editor/min/vs/basic-languages/solidity/solidity.js	6cc63b2fad26ddaff20f6e655f78c50a865618dd	19438	compiled-docs-web-payload	git show f773b3090ffd86cb5600fdaf3aca20ec9cc19606:docs/_content/BlazorMonaco/lib/monaco-editor/min/vs/basic-languages/solidity/solidity.js
docs/_content/BlazorMonaco/lib/monaco-editor/min/vs/basic-languages/solidity/solidity.js.br	53f6c62aa24b01cc9c616fc327b53fb41f3fd0fb	2884	compiled-docs-web-payload	git show f773b3090ffd86cb5600fdaf3aca20ec9cc19606:docs/_content/BlazorMonaco/lib/monaco-editor/min/vs/basic-languages/solidity/solidity.js.br
docs/_content/BlazorMonaco/lib/monaco-editor/min/vs/basic-languages/solidity/solidity.js.gz	fc13c8bc7e38d4aabddaf2dcc5c58fec9bb06ed1	5033	compiled-docs-web-payload	git show f773b3090ffd86cb5600fdaf3aca20ec9cc19606:docs/_content/BlazorMonaco/lib/monaco-editor/min/vs/basic-languages/solidity/solidity.js.gz
docs/_content/BlazorMonaco/lib/monaco-editor/min/vs/basic-languages/solidity/solidity.min.js	c409c6252d8523dda7530974e77ec1aa86e6cabf	18927	compiled-docs-web-payload	git show f773b3090ffd86cb5600fdaf3aca20ec9cc19606:docs/_content/BlazorMonaco/lib/monaco-editor/min/vs/basic-languages/solidity/solidity.min.js
docs/_content/BlazorMonaco/lib/monaco-editor/min/vs/basic-languages/solidity/solidity.min.js.br	17d89145a6b6a8804b9e057a44a8cd48b7f1cb84	2667	compiled-docs-web-payload	git show f773b3090ffd86cb5600fdaf3aca20ec9cc19606:docs/_content/BlazorMonaco/lib/monaco-editor/min/vs/basic-languages/solidity/solidity.min.js.br
docs/_content/BlazorMonaco/lib/monaco-editor/min/vs/basic-languages/solidity/solidity.min.js.gz	b0b9789c636b71087f7afe8555d58092d920ba72	4769	compiled-docs-web-payload	git show f773b3090ffd86cb5600fdaf3aca20ec9cc19606:docs/_content/BlazorMonaco/lib/monaco-editor/min/vs/basic-languages/solidity/solidity.min.js.gz
docs/_content/BlazorMonaco/lib/monaco-editor/min/vs/basic-languages/sophia/sophia.js	afce7fdc07daf25e26b3ce39c49d249670884ae2	3601	compiled-docs-web-payload	git show f773b3090ffd86cb5600fdaf3aca20ec9cc19606:docs/_content/BlazorMonaco/lib/monaco-editor/min/vs/basic-languages/sophia/sophia.js
docs/_content/BlazorMonaco/lib/monaco-editor/min/vs/basic-languages/sophia/sophia.js.br	7e3cd5144fa75e5e3e832c68fc6ff11675449663	1459	compiled-docs-web-payload	git show f773b3090ffd86cb5600fdaf3aca20ec9cc19606:docs/_content/BlazorMonaco/lib/monaco-editor/min/vs/basic-languages/sophia/sophia.js.br
docs/_content/BlazorMonaco/lib/monaco-editor/min/vs/basic-languages/sophia/sophia.js.gz	7a376630fd65a769ea7ec1b04464a239e352ffa4	1668	compiled-docs-web-payload	git show f773b3090ffd86cb5600fdaf3aca20ec9cc19606:docs/_content/BlazorMonaco/lib/monaco-editor/min/vs/basic-languages/sophia/sophia.js.gz
docs/_content/BlazorMonaco/lib/monaco-editor/min/vs/basic-languages/sophia/sophia.min.js	401f2f088d9b0b420112d5be7197cc743fa6c7d5	3090	compiled-docs-web-payload	git show f773b3090ffd86cb5600fdaf3aca20ec9cc19606:docs/_content/BlazorMonaco/lib/monaco-editor/min/vs/basic-languages/sophia/sophia.min.js
docs/_content/BlazorMonaco/lib/monaco-editor/min/vs/basic-languages/sophia/sophia.min.js.br	6853d9588c823404b2788bd0abdd4499b7419dd0	1277	compiled-docs-web-payload	git show f773b3090ffd86cb5600fdaf3aca20ec9cc19606:docs/_content/BlazorMonaco/lib/monaco-editor/min/vs/basic-languages/sophia/sophia.min.js.br
docs/_content/BlazorMonaco/lib/monaco-editor/min/vs/basic-languages/sophia/sophia.min.js.gz	993d1e76a0151f008e1c542d283dfe3d39722004	1426	compiled-docs-web-payload	git show f773b3090ffd86cb5600fdaf3aca20ec9cc19606:docs/_content/BlazorMonaco/lib/monaco-editor/min/vs/basic-languages/sophia/sophia.min.js.gz
docs/_content/BlazorMonaco/lib/monaco-editor/min/vs/basic-languages/sparql/sparql.js	e21c936ce863138fe8f635e7444410b66598152b	3389	compiled-docs-web-payload	git show f773b3090ffd86cb5600fdaf3aca20ec9cc19606:docs/_content/BlazorMonaco/lib/monaco-editor/min/vs/basic-languages/sparql/sparql.js
docs/_content/BlazorMonaco/lib/monaco-editor/min/vs/basic-languages/sparql/sparql.js.br	72918be4b601378bf4d4dc90ed771084abdb1b2a	1410	compiled-docs-web-payload	git show f773b3090ffd86cb5600fdaf3aca20ec9cc19606:docs/_content/BlazorMonaco/lib/monaco-editor/min/vs/basic-languages/sparql/sparql.js.br
docs/_content/BlazorMonaco/lib/monaco-editor/min/vs/basic-languages/sparql/sparql.js.gz	d585eca9b34a9c5fb142de9642961c7a57ecca0d	1629	compiled-docs-web-payload	git show f773b3090ffd86cb5600fdaf3aca20ec9cc19606:docs/_content/BlazorMonaco/lib/monaco-editor/min/vs/basic-languages/sparql/sparql.js.gz
docs/_content/BlazorMonaco/lib/monaco-editor/min/vs/basic-languages/sparql/sparql.min.js	01b5a2e9fab8f57d8ce102fcbab10818fada5fcc	2878	compiled-docs-web-payload	git show f773b3090ffd86cb5600fdaf3aca20ec9cc19606:docs/_content/BlazorMonaco/lib/monaco-editor/min/vs/basic-languages/sparql/sparql.min.js
docs/_content/BlazorMonaco/lib/monaco-editor/min/vs/basic-languages/sparql/sparql.min.js.br	34d60a8571688c13cae9b7aa1654031f02462f65	1221	compiled-docs-web-payload	git show f773b3090ffd86cb5600fdaf3aca20ec9cc19606:docs/_content/BlazorMonaco/lib/monaco-editor/min/vs/basic-languages/sparql/sparql.min.js.br
docs/_content/BlazorMonaco/lib/monaco-editor/min/vs/basic-languages/sparql/sparql.min.js.gz	55c05f23efc65a2be750d4ac7296190407aae236	1388	compiled-docs-web-payload	git show f773b3090ffd86cb5600fdaf3aca20ec9cc19606:docs/_content/BlazorMonaco/lib/monaco-editor/min/vs/basic-languages/sparql/sparql.min.js.gz
docs/_content/BlazorMonaco/lib/monaco-editor/min/vs/basic-languages/sql/sql.js	686e83d23ec6b7fa271a0ed1620c431c9b261d79	11128	compiled-docs-web-payload	git show f773b3090ffd86cb5600fdaf3aca20ec9cc19606:docs/_content/BlazorMonaco/lib/monaco-editor/min/vs/basic-languages/sql/sql.js
docs/_content/BlazorMonaco/lib/monaco-editor/min/vs/basic-languages/sql/sql.js.br	e39d82ed17c5395f3bca016bc5a471fecc881426	3736	compiled-docs-web-payload	git show f773b3090ffd86cb5600fdaf3aca20ec9cc19606:docs/_content/BlazorMonaco/lib/monaco-editor/min/vs/basic-languages/sql/sql.js.br
docs/_content/BlazorMonaco/lib/monaco-editor/min/vs/basic-languages/sql/sql.js.gz	cd0fa0acaea41b92cdcfe3527f2e63b46417bcd1	4435	compiled-docs-web-payload	git show f773b3090ffd86cb5600fdaf3aca20ec9cc19606:docs/_content/BlazorMonaco/lib/monaco-editor/min/vs/basic-languages/sql/sql.js.gz
docs/_content/BlazorMonaco/lib/monaco-editor/min/vs/basic-languages/sql/sql.min.js	6b0286434c5563f9275a3a221d454505fa01d981	10617	compiled-docs-web-payload	git show f773b3090ffd86cb5600fdaf3aca20ec9cc19606:docs/_content/BlazorMonaco/lib/monaco-editor/min/vs/basic-languages/sql/sql.min.js
docs/_content/BlazorMonaco/lib/monaco-editor/min/vs/basic-languages/sql/sql.min.js.br	089e2f7a224622f9759d70e286dd6eaad7501313	3547	compiled-docs-web-payload	git show f773b3090ffd86cb5600fdaf3aca20ec9cc19606:docs/_content/BlazorMonaco/lib/monaco-editor/min/vs/basic-languages/sql/sql.min.js.br
docs/_content/BlazorMonaco/lib/monaco-editor/min/vs/basic-languages/sql/sql.min.js.gz	91a104facac34e5db643bf770fb042cec8668c43	4164	compiled-docs-web-payload	git show f773b3090ffd86cb5600fdaf3aca20ec9cc19606:docs/_content/BlazorMonaco/lib/monaco-editor/min/vs/basic-languages/sql/sql.min.js.gz
docs/_content/BlazorMonaco/lib/monaco-editor/min/vs/basic-languages/st/st.js	ad8f487be33a7aabb9d49558d2822e59012f1e20	8232	compiled-docs-web-payload	git show f773b3090ffd86cb5600fdaf3aca20ec9cc19606:docs/_content/BlazorMonaco/lib/monaco-editor/min/vs/basic-languages/st/st.js
docs/_content/BlazorMonaco/lib/monaco-editor/min/vs/basic-languages/st/st.js.br	77c38c851dbdef6d272a89a08a67532a46370c60	2370	compiled-docs-web-payload	git show f773b3090ffd86cb5600fdaf3aca20ec9cc19606:docs/_content/BlazorMonaco/lib/monaco-editor/min/vs/basic-languages/st/st.js.br
docs/_content/BlazorMonaco/lib/monaco-editor/min/vs/basic-languages/st/st.js.gz	c619fd78d1bdc11e527e61accaca66f1afdc55ea	2718	compiled-docs-web-payload	git show f773b3090ffd86cb5600fdaf3aca20ec9cc19606:docs/_content/BlazorMonaco/lib/monaco-editor/min/vs/basic-languages/st/st.js.gz
docs/_content/BlazorMonaco/lib/monaco-editor/min/vs/basic-languages/st/st.min.js	6f455cbff5db6a65d916c7859578b61b9b0227eb	7717	compiled-docs-web-payload	git show f773b3090ffd86cb5600fdaf3aca20ec9cc19606:docs/_content/BlazorMonaco/lib/monaco-editor/min/vs/basic-languages/st/st.min.js
docs/_content/BlazorMonaco/lib/monaco-editor/min/vs/basic-languages/st/st.min.js.br	6ab8629cfb315c2c6e2d880082b6c1cdc255523a	2179	compiled-docs-web-payload	git show f773b3090ffd86cb5600fdaf3aca20ec9cc19606:docs/_content/BlazorMonaco/lib/monaco-editor/min/vs/basic-languages/st/st.min.js.br
docs/_content/BlazorMonaco/lib/monaco-editor/min/vs/basic-languages/st/st.min.js.gz	60493288c090a828d8277359c021e488d8189ccd	2476	compiled-docs-web-payload	git show f773b3090ffd86cb5600fdaf3aca20ec9cc19606:docs/_content/BlazorMonaco/lib/monaco-editor/min/vs/basic-languages/st/st.min.js.gz
docs/_content/BlazorMonaco/lib/monaco-editor/min/vs/basic-languages/swift/swift.js	de5b1d5fe96e705ec0d5037552140f0c10dd668f	6010	compiled-docs-web-payload	git show f773b3090ffd86cb5600fdaf3aca20ec9cc19606:docs/_content/BlazorMonaco/lib/monaco-editor/min/vs/basic-languages/swift/swift.js
docs/_content/BlazorMonaco/lib/monaco-editor/min/vs/basic-languages/swift/swift.js.br	aae6fda4f2a868a8c5167615e9c0c1bca0aa68fc	2183	compiled-docs-web-payload	git show f773b3090ffd86cb5600fdaf3aca20ec9cc19606:docs/_content/BlazorMonaco/lib/monaco-editor/min/vs/basic-languages/swift/swift.js.br
docs/_content/BlazorMonaco/lib/monaco-editor/min/vs/basic-languages/swift/swift.js.gz	ecfd5f642c8254aab269b21e1929bca8356dbb20	2543	compiled-docs-web-payload	git show f773b3090ffd86cb5600fdaf3aca20ec9cc19606:docs/_content/BlazorMonaco/lib/monaco-editor/min/vs/basic-languages/swift/swift.js.gz
docs/_content/BlazorMonaco/lib/monaco-editor/min/vs/basic-languages/swift/swift.min.js	9fc37a972be2c0971650d7bbad599a0f44a37581	5236	compiled-docs-web-payload	git show f773b3090ffd86cb5600fdaf3aca20ec9cc19606:docs/_content/BlazorMonaco/lib/monaco-editor/min/vs/basic-languages/swift/swift.min.js
docs/_content/BlazorMonaco/lib/monaco-editor/min/vs/basic-languages/swift/swift.min.js.br	259cb3c9d3e4e7d41c72cc51a5e76652ad013f13	1952	compiled-docs-web-payload	git show f773b3090ffd86cb5600fdaf3aca20ec9cc19606:docs/_content/BlazorMonaco/lib/monaco-editor/min/vs/basic-languages/swift/swift.min.js.br
docs/_content/BlazorMonaco/lib/monaco-editor/min/vs/basic-languages/swift/swift.min.js.gz	65eca3be48cfe88cc04872c3f0df39345bc95e39	2262	compiled-docs-web-payload	git show f773b3090ffd86cb5600fdaf3aca20ec9cc19606:docs/_content/BlazorMonaco/lib/monaco-editor/min/vs/basic-languages/swift/swift.min.js.gz
docs/_content/BlazorMonaco/lib/monaco-editor/min/vs/basic-languages/systemverilog/systemverilog.js	1695c1b2563a664ad578e595f3553ab0361e0bf4	8454	compiled-docs-web-payload	git show f773b3090ffd86cb5600fdaf3aca20ec9cc19606:docs/_content/BlazorMonaco/lib/monaco-editor/min/vs/basic-languages/systemverilog/systemverilog.js
docs/_content/BlazorMonaco/lib/monaco-editor/min/vs/basic-languages/systemverilog/systemverilog.js.br	66b9f313bcdf6e4e12c96fec0ebc8535d6597d83	2863	compiled-docs-web-payload	git show f773b3090ffd86cb5600fdaf3aca20ec9cc19606:docs/_content/BlazorMonaco/lib/monaco-editor/min/vs/basic-languages/systemverilog/systemverilog.js.br
docs/_content/BlazorMonaco/lib/monaco-editor/min/vs/basic-languages/systemverilog/systemverilog.js.gz	f378adf8fedd040c136aa8ed0e4f46e71ec263b2	3248	compiled-docs-web-payload	git show f773b3090ffd86cb5600fdaf3aca20ec9cc19606:docs/_content/BlazorMonaco/lib/monaco-editor/min/vs/basic-languages/systemverilog/systemverilog.js.gz
docs/_content/BlazorMonaco/lib/monaco-editor/min/vs/basic-languages/systemverilog/systemverilog.min.js	eb1dc14ea543e667ecd19539f864f471f7c39c2f	7943	compiled-docs-web-payload	git show f773b3090ffd86cb5600fdaf3aca20ec9cc19606:docs/_content/BlazorMonaco/lib/monaco-editor/min/vs/basic-languages/systemverilog/systemverilog.min.js
docs/_content/BlazorMonaco/lib/monaco-editor/min/vs/basic-languages/systemverilog/systemverilog.min.js.br	33cd8d7029aec7ef6284c9ed75d9a10ff37e576b	2667	compiled-docs-web-payload	git show f773b3090ffd86cb5600fdaf3aca20ec9cc19606:docs/_content/BlazorMonaco/lib/monaco-editor/min/vs/basic-languages/systemverilog/systemverilog.min.js.br
docs/_content/BlazorMonaco/lib/monaco-editor/min/vs/basic-languages/systemverilog/systemverilog.min.js.gz	cb4bb13abd0227c84905543ce6d0ce3acc1603e1	2996	compiled-docs-web-payload	git show f773b3090ffd86cb5600fdaf3aca20ec9cc19606:docs/_content/BlazorMonaco/lib/monaco-editor/min/vs/basic-languages/systemverilog/systemverilog.min.js.gz
docs/_content/BlazorMonaco/lib/monaco-editor/min/vs/basic-languages/tcl/tcl.js	1ad2a1424357f34df92b82a2d9ae362cc3238c29	4402	compiled-docs-web-payload	git show f773b3090ffd86cb5600fdaf3aca20ec9cc19606:docs/_content/BlazorMonaco/lib/monaco-editor/min/vs/basic-languages/tcl/tcl.js
docs/_content/BlazorMonaco/lib/monaco-editor/min/vs/basic-languages/tcl/tcl.js.br	e729044148f5a41d430e317a45ff40a85ce2a84e	1615	compiled-docs-web-payload	git show f773b3090ffd86cb5600fdaf3aca20ec9cc19606:docs/_content/BlazorMonaco/lib/monaco-editor/min/vs/basic-languages/tcl/tcl.js.br
docs/_content/BlazorMonaco/lib/monaco-editor/min/vs/basic-languages/tcl/tcl.js.gz	ddbee4833ade57361162ca1f972b640ac38865c1	1843	compiled-docs-web-payload	git show f773b3090ffd86cb5600fdaf3aca20ec9cc19606:docs/_content/BlazorMonaco/lib/monaco-editor/min/vs/basic-languages/tcl/tcl.js.gz
docs/_content/BlazorMonaco/lib/monaco-editor/min/vs/basic-languages/tcl/tcl.min.js	ca6b9700a38807659a1939fe30f402205c95fda0	3891	compiled-docs-web-payload	git show f773b3090ffd86cb5600fdaf3aca20ec9cc19606:docs/_content/BlazorMonaco/lib/monaco-editor/min/vs/basic-languages/tcl/tcl.min.js
docs/_content/BlazorMonaco/lib/monaco-editor/min/vs/basic-languages/tcl/tcl.min.js.br	c715deabf0afd9e87ee6ff87bd83c8ff0660e137	1413	compiled-docs-web-payload	git show f773b3090ffd86cb5600fdaf3aca20ec9cc19606:docs/_content/BlazorMonaco/lib/monaco-editor/min/vs/basic-languages/tcl/tcl.min.js.br
docs/_content/BlazorMonaco/lib/monaco-editor/min/vs/basic-languages/tcl/tcl.min.js.gz	72a508862dcc17f3f44dbc49ba1227f791f98e96	1602	compiled-docs-web-payload	git show f773b3090ffd86cb5600fdaf3aca20ec9cc19606:docs/_content/BlazorMonaco/lib/monaco-editor/min/vs/basic-languages/tcl/tcl.min.js.gz
docs/_content/BlazorMonaco/lib/monaco-editor/min/vs/basic-languages/twig/twig.js	0df11a69964d5b247a0f0d2455ffd996e693c200	6806	compiled-docs-web-payload	git show f773b3090ffd86cb5600fdaf3aca20ec9cc19606:docs/_content/BlazorMonaco/lib/monaco-editor/min/vs/basic-languages/twig/twig.js
docs/_content/BlazorMonaco/lib/monaco-editor/min/vs/basic-languages/twig/twig.js.br	0e949da0da68ed9b2b47bf2bf787ac68364776f6	1737	compiled-docs-web-payload	git show f773b3090ffd86cb5600fdaf3aca20ec9cc19606:docs/_content/BlazorMonaco/lib/monaco-editor/min/vs/basic-languages/twig/twig.js.br
docs/_content/BlazorMonaco/lib/monaco-editor/min/vs/basic-languages/twig/twig.js.gz	29d27b8908a534d3de6e65a301d8293ceda9f24c	1992	compiled-docs-web-payload	git show f773b3090ffd86cb5600fdaf3aca20ec9cc19606:docs/_content/BlazorMonaco/lib/monaco-editor/min/vs/basic-languages/twig/twig.js.gz
docs/_content/BlazorMonaco/lib/monaco-editor/min/vs/basic-languages/twig/twig.min.js	211324db33c7b03819efc0598809d5cd8bc6e530	6301	compiled-docs-web-payload	git show f773b3090ffd86cb5600fdaf3aca20ec9cc19606:docs/_content/BlazorMonaco/lib/monaco-editor/min/vs/basic-languages/twig/twig.min.js
docs/_content/BlazorMonaco/lib/monaco-editor/min/vs/basic-languages/twig/twig.min.js.br	8559df1e8614a0e8fae1743d3000d8c017d0b704	1562	compiled-docs-web-payload	git show f773b3090ffd86cb5600fdaf3aca20ec9cc19606:docs/_content/BlazorMonaco/lib/monaco-editor/min/vs/basic-languages/twig/twig.min.js.br
docs/_content/BlazorMonaco/lib/monaco-editor/min/vs/basic-languages/twig/twig.min.js.gz	9e322f393c8a4a69b502597aa2bf2fa031f30d5c	1754	compiled-docs-web-payload	git show f773b3090ffd86cb5600fdaf3aca20ec9cc19606:docs/_content/BlazorMonaco/lib/monaco-editor/min/vs/basic-languages/twig/twig.min.js.gz
docs/_content/BlazorMonaco/lib/monaco-editor/min/vs/basic-languages/typescript/typescript.js	22568c18f1be2b09f477a98ddbfc03edb98c9db1	6470	compiled-docs-web-payload	git show f773b3090ffd86cb5600fdaf3aca20ec9cc19606:docs/_content/BlazorMonaco/lib/monaco-editor/min/vs/basic-languages/typescript/typescript.js
docs/_content/BlazorMonaco/lib/monaco-editor/min/vs/basic-languages/typescript/typescript.js.br	291269a8cc32dda655f870858926576b09ec5759	2389	compiled-docs-web-payload	git show f773b3090ffd86cb5600fdaf3aca20ec9cc19606:docs/_content/BlazorMonaco/lib/monaco-editor/min/vs/basic-languages/typescript/typescript.js.br
docs/_content/BlazorMonaco/lib/monaco-editor/min/vs/basic-languages/typescript/typescript.js.gz	b96e926009045d1c4e2e6cd636b7d9d86f453254	2677	compiled-docs-web-payload	git show f773b3090ffd86cb5600fdaf3aca20ec9cc19606:docs/_content/BlazorMonaco/lib/monaco-editor/min/vs/basic-languages/typescript/typescript.js.gz
docs/_content/BlazorMonaco/lib/monaco-editor/min/vs/basic-languages/typescript/typescript.min.js	0c8451b2524aa4bcd0f6c3f29649adcb744fbd5f	5905	compiled-docs-web-payload	git show f773b3090ffd86cb5600fdaf3aca20ec9cc19606:docs/_content/BlazorMonaco/lib/monaco-editor/min/vs/basic-languages/typescript/typescript.min.js
docs/_content/BlazorMonaco/lib/monaco-editor/min/vs/basic-languages/typescript/typescript.min.js.br	2504d0907e72a87efc29cd5c9b36802cc8ecd255	2187	compiled-docs-web-payload	git show f773b3090ffd86cb5600fdaf3aca20ec9cc19606:docs/_content/BlazorMonaco/lib/monaco-editor/min/vs/basic-languages/typescript/typescript.min.js.br
docs/_content/BlazorMonaco/lib/monaco-editor/min/vs/basic-languages/typescript/typescript.min.js.gz	73d932d2a1380838a8a4d169e1cdfa8563a0f785	2442	compiled-docs-web-payload	git show f773b3090ffd86cb5600fdaf3aca20ec9cc19606:docs/_content/BlazorMonaco/lib/monaco-editor/min/vs/basic-languages/typescript/typescript.min.js.gz
docs/_content/BlazorMonaco/lib/monaco-editor/min/vs/basic-languages/vb/vb.js	8324152664ca916468d80a441c2eb3ef58352fbc	6620	compiled-docs-web-payload	git show f773b3090ffd86cb5600fdaf3aca20ec9cc19606:docs/_content/BlazorMonaco/lib/monaco-editor/min/vs/basic-languages/vb/vb.js
docs/_content/BlazorMonaco/lib/monaco-editor/min/vs/basic-languages/vb/vb.js.br	2d1441090ad369a02ef98bdca354cee2c22be12f	2228	compiled-docs-web-payload	git show f773b3090ffd86cb5600fdaf3aca20ec9cc19606:docs/_content/BlazorMonaco/lib/monaco-editor/min/vs/basic-languages/vb/vb.js.br
docs/_content/BlazorMonaco/lib/monaco-editor/min/vs/basic-languages/vb/vb.js.gz	d9da537e6d80672cff5948b07c91f5260de9836c	2542	compiled-docs-web-payload	git show f773b3090ffd86cb5600fdaf3aca20ec9cc19606:docs/_content/BlazorMonaco/lib/monaco-editor/min/vs/basic-languages/vb/vb.js.gz
docs/_content/BlazorMonaco/lib/monaco-editor/min/vs/basic-languages/vb/vb.min.js	48f420ea0235fbb8f3661b9a7b6854251d1fbb61	6109	compiled-docs-web-payload	git show f773b3090ffd86cb5600fdaf3aca20ec9cc19606:docs/_content/BlazorMonaco/lib/monaco-editor/min/vs/basic-languages/vb/vb.min.js
docs/_content/BlazorMonaco/lib/monaco-editor/min/vs/basic-languages/vb/vb.min.js.br	90c170bcc254d8e91fd174d46c23ba1a54cef1db	2032	compiled-docs-web-payload	git show f773b3090ffd86cb5600fdaf3aca20ec9cc19606:docs/_content/BlazorMonaco/lib/monaco-editor/min/vs/basic-languages/vb/vb.min.js.br
docs/_content/BlazorMonaco/lib/monaco-editor/min/vs/basic-languages/vb/vb.min.js.gz	2575522c62b99a6f4fa3dadb4746b8bdd8892e35	2292	compiled-docs-web-payload	git show f773b3090ffd86cb5600fdaf3aca20ec9cc19606:docs/_content/BlazorMonaco/lib/monaco-editor/min/vs/basic-languages/vb/vb.min.js.gz
docs/_content/BlazorMonaco/lib/monaco-editor/min/vs/basic-languages/wgsl/wgsl.js	c6f19dec04e48e31dec6a31addad9f9e48c0a57d	8453	compiled-docs-web-payload	git show f773b3090ffd86cb5600fdaf3aca20ec9cc19606:docs/_content/BlazorMonaco/lib/monaco-editor/min/vs/basic-languages/wgsl/wgsl.js
docs/_content/BlazorMonaco/lib/monaco-editor/min/vs/basic-languages/wgsl/wgsl.js.br	a5c48b7349bbb625cb942c3afe7504aeb5cc79d7	2772	compiled-docs-web-payload	git show f773b3090ffd86cb5600fdaf3aca20ec9cc19606:docs/_content/BlazorMonaco/lib/monaco-editor/min/vs/basic-languages/wgsl/wgsl.js.br
docs/_content/BlazorMonaco/lib/monaco-editor/min/vs/basic-languages/wgsl/wgsl.js.gz	acdfaf5f781e111b5edc9e8286b36dea7a647892	3231	compiled-docs-web-payload	git show f773b3090ffd86cb5600fdaf3aca20ec9cc19606:docs/_content/BlazorMonaco/lib/monaco-editor/min/vs/basic-languages/wgsl/wgsl.js.gz
docs/_content/BlazorMonaco/lib/monaco-editor/min/vs/basic-languages/wgsl/wgsl.min.js	d50e7f9f2502b08cc5d91ee9bf6a22ffa2d5427e	7906	compiled-docs-web-payload	git show f773b3090ffd86cb5600fdaf3aca20ec9cc19606:docs/_content/BlazorMonaco/lib/monaco-editor/min/vs/basic-languages/wgsl/wgsl.min.js
docs/_content/BlazorMonaco/lib/monaco-editor/min/vs/basic-languages/wgsl/wgsl.min.js.br	1ad15520f03384903e83e7097f1be0332b3a69df	2533	compiled-docs-web-payload	git show f773b3090ffd86cb5600fdaf3aca20ec9cc19606:docs/_content/BlazorMonaco/lib/monaco-editor/min/vs/basic-languages/wgsl/wgsl.min.js.br
docs/_content/BlazorMonaco/lib/monaco-editor/min/vs/basic-languages/wgsl/wgsl.min.js.gz	d487534f7a109606e28a6c81f95a07956c116702	2961	compiled-docs-web-payload	git show f773b3090ffd86cb5600fdaf3aca20ec9cc19606:docs/_content/BlazorMonaco/lib/monaco-editor/min/vs/basic-languages/wgsl/wgsl.min.js.gz
docs/_content/BlazorMonaco/lib/monaco-editor/min/vs/basic-languages/xml/xml.js	a026dddbf35bab23ce45d7ff3c52aabc4f47aeda	3462	compiled-docs-web-payload	git show f773b3090ffd86cb5600fdaf3aca20ec9cc19606:docs/_content/BlazorMonaco/lib/monaco-editor/min/vs/basic-languages/xml/xml.js
docs/_content/BlazorMonaco/lib/monaco-editor/min/vs/basic-languages/xml/xml.js.br	d70888e3c3f67bff48b94f1b1a48eac38e9eb12c	1296	compiled-docs-web-payload	git show f773b3090ffd86cb5600fdaf3aca20ec9cc19606:docs/_content/BlazorMonaco/lib/monaco-editor/min/vs/basic-languages/xml/xml.js.br
docs/_content/BlazorMonaco/lib/monaco-editor/min/vs/basic-languages/xml/xml.js.gz	d722731ca664e2b4ca8dc8db6d8216ddff8aeae9	1459	compiled-docs-web-payload	git show f773b3090ffd86cb5600fdaf3aca20ec9cc19606:docs/_content/BlazorMonaco/lib/monaco-editor/min/vs/basic-languages/xml/xml.js.gz
docs/_content/BlazorMonaco/lib/monaco-editor/min/vs/basic-languages/xml/xml.min.js	230bc9a48412ae35c92f25e440c139c517415948	2903	compiled-docs-web-payload	git show f773b3090ffd86cb5600fdaf3aca20ec9cc19606:docs/_content/BlazorMonaco/lib/monaco-editor/min/vs/basic-languages/xml/xml.min.js
docs/_content/BlazorMonaco/lib/monaco-editor/min/vs/basic-languages/xml/xml.min.js.br	5be5f305fbe135548dae37452d7c257a4709b370	1103	compiled-docs-web-payload	git show f773b3090ffd86cb5600fdaf3aca20ec9cc19606:docs/_content/BlazorMonaco/lib/monaco-editor/min/vs/basic-languages/xml/xml.min.js.br
docs/_content/BlazorMonaco/lib/monaco-editor/min/vs/basic-languages/xml/xml.min.js.gz	fed0be12bd307141649944fee9f0b5e673376d2d	1231	compiled-docs-web-payload	git show f773b3090ffd86cb5600fdaf3aca20ec9cc19606:docs/_content/BlazorMonaco/lib/monaco-editor/min/vs/basic-languages/xml/xml.min.js.gz
docs/_content/BlazorMonaco/lib/monaco-editor/min/vs/basic-languages/yaml/yaml.js	a3e3a5939145a570cb74f706f53de09454c31d84	5066	compiled-docs-web-payload	git show f773b3090ffd86cb5600fdaf3aca20ec9cc19606:docs/_content/BlazorMonaco/lib/monaco-editor/min/vs/basic-languages/yaml/yaml.js
docs/_content/BlazorMonaco/lib/monaco-editor/min/vs/basic-languages/yaml/yaml.js.br	4d01a9b6b865ca5e847d938de1deb8f542ad1a79	1799	compiled-docs-web-payload	git show f773b3090ffd86cb5600fdaf3aca20ec9cc19606:docs/_content/BlazorMonaco/lib/monaco-editor/min/vs/basic-languages/yaml/yaml.js.br
docs/_content/BlazorMonaco/lib/monaco-editor/min/vs/basic-languages/yaml/yaml.js.gz	296dca3b095d29bcac29d7128afdaaf4aed19ab5	2012	compiled-docs-web-payload	git show f773b3090ffd86cb5600fdaf3aca20ec9cc19606:docs/_content/BlazorMonaco/lib/monaco-editor/min/vs/basic-languages/yaml/yaml.js.gz
docs/_content/BlazorMonaco/lib/monaco-editor/min/vs/basic-languages/yaml/yaml.min.js	0161571dd384c2be73e9b28b0a7ee7395d7b3baa	4501	compiled-docs-web-payload	git show f773b3090ffd86cb5600fdaf3aca20ec9cc19606:docs/_content/BlazorMonaco/lib/monaco-editor/min/vs/basic-languages/yaml/yaml.min.js
docs/_content/BlazorMonaco/lib/monaco-editor/min/vs/basic-languages/yaml/yaml.min.js.br	6556d45bf94ee6b0a4c5e7dd72ca39b215789901	1613	compiled-docs-web-payload	git show f773b3090ffd86cb5600fdaf3aca20ec9cc19606:docs/_content/BlazorMonaco/lib/monaco-editor/min/vs/basic-languages/yaml/yaml.min.js.br
docs/_content/BlazorMonaco/lib/monaco-editor/min/vs/basic-languages/yaml/yaml.min.js.gz	9a44ae80f7c94249e9b5ae463ad3fe1c83fe4294	1784	compiled-docs-web-payload	git show f773b3090ffd86cb5600fdaf3aca20ec9cc19606:docs/_content/BlazorMonaco/lib/monaco-editor/min/vs/basic-languages/yaml/yaml.min.js.gz
docs/_content/BlazorMonaco/lib/monaco-editor/min/vs/editor/editor.main.css	1ee971d1e8d992c64f3d7b2e771baa2c4f384c06	119796	compiled-docs-web-payload	git show f773b3090ffd86cb5600fdaf3aca20ec9cc19606:docs/_content/BlazorMonaco/lib/monaco-editor/min/vs/editor/editor.main.css
docs/_content/BlazorMonaco/lib/monaco-editor/min/vs/editor/editor.main.css.br	85c4844c80618980a868f4573385c9873f89133c	16529	compiled-docs-web-payload	git show f773b3090ffd86cb5600fdaf3aca20ec9cc19606:docs/_content/BlazorMonaco/lib/monaco-editor/min/vs/editor/editor.main.css.br
docs/_content/BlazorMonaco/lib/monaco-editor/min/vs/editor/editor.main.css.gz	c0dd0fe37e491c6dd889fdc0dbb76038e5eb2208	19391	compiled-docs-web-payload	git show f773b3090ffd86cb5600fdaf3aca20ec9cc19606:docs/_content/BlazorMonaco/lib/monaco-editor/min/vs/editor/editor.main.css.gz
docs/_content/BlazorMonaco/lib/monaco-editor/min/vs/editor/editor.main.js	d1b98b9f44486c98a5dfa77b75d03d69d5963ee5	3521500	compiled-docs-web-payload	git show f773b3090ffd86cb5600fdaf3aca20ec9cc19606:docs/_content/BlazorMonaco/lib/monaco-editor/min/vs/editor/editor.main.js
docs/_content/BlazorMonaco/lib/monaco-editor/min/vs/editor/editor.main.js.br	99d840883a02d6469341ad2a3b123f3a3ef5c049	689322	compiled-docs-web-payload	git show f773b3090ffd86cb5600fdaf3aca20ec9cc19606:docs/_content/BlazorMonaco/lib/monaco-editor/min/vs/editor/editor.main.js.br
docs/_content/BlazorMonaco/lib/monaco-editor/min/vs/editor/editor.main.js.gz	ca929866f587382fc9b711c3fd3e152e799edaaf	899845	compiled-docs-web-payload	git show f773b3090ffd86cb5600fdaf3aca20ec9cc19606:docs/_content/BlazorMonaco/lib/monaco-editor/min/vs/editor/editor.main.js.gz
docs/_content/BlazorMonaco/lib/monaco-editor/min/vs/editor/editor.main.min.css	fee6a2425e6ff930b2c07eaca9fd424935cf961d	119699	compiled-docs-web-payload	git show f773b3090ffd86cb5600fdaf3aca20ec9cc19606:docs/_content/BlazorMonaco/lib/monaco-editor/min/vs/editor/editor.main.min.css
docs/_content/BlazorMonaco/lib/monaco-editor/min/vs/editor/editor.main.min.css.br	a59d6b051e14312d9d38ddb38b7d67407a7881bd	16514	compiled-docs-web-payload	git show f773b3090ffd86cb5600fdaf3aca20ec9cc19606:docs/_content/BlazorMonaco/lib/monaco-editor/min/vs/editor/editor.main.min.css.br
docs/_content/BlazorMonaco/lib/monaco-editor/min/vs/editor/editor.main.min.css.gz	31cc43ba7dcc40cf43ca25353de1d48d3d17049a	19381	compiled-docs-web-payload	git show f773b3090ffd86cb5600fdaf3aca20ec9cc19606:docs/_content/BlazorMonaco/lib/monaco-editor/min/vs/editor/editor.main.min.css.gz
docs/_content/BlazorMonaco/lib/monaco-editor/min/vs/editor/editor.main.min.js	619b0869f5c8a7b8d25fb18df3fea37eda68ff74	3427481	compiled-docs-web-payload	git show f773b3090ffd86cb5600fdaf3aca20ec9cc19606:docs/_content/BlazorMonaco/lib/monaco-editor/min/vs/editor/editor.main.min.js
docs/_content/BlazorMonaco/lib/monaco-editor/min/vs/editor/editor.main.min.js.br	fd54ca84dcf436ac1ac727da7e0a349fb96ed0cc	647526	compiled-docs-web-payload	git show f773b3090ffd86cb5600fdaf3aca20ec9cc19606:docs/_content/BlazorMonaco/lib/monaco-editor/min/vs/editor/editor.main.min.js.br
docs/_content/BlazorMonaco/lib/monaco-editor/min/vs/editor/editor.main.min.js.gz	de518687f55252af1d168d285370e18f4bb64971	856601	compiled-docs-web-payload	git show f773b3090ffd86cb5600fdaf3aca20ec9cc19606:docs/_content/BlazorMonaco/lib/monaco-editor/min/vs/editor/editor.main.min.js.gz
docs/_content/BlazorMonaco/lib/monaco-editor/min/vs/editor/editor.main.nls.de.js	7e453f192c4dc47dd7ccc73a016a2e4e54eb8902	121045	compiled-docs-web-payload	git show f773b3090ffd86cb5600fdaf3aca20ec9cc19606:docs/_content/BlazorMonaco/lib/monaco-editor/min/vs/editor/editor.main.nls.de.js
docs/_content/BlazorMonaco/lib/monaco-editor/min/vs/editor/editor.main.nls.de.js.br	216fbce448fdf2f8e14c437bd0bf8c8ae48f7e8a	23984	compiled-docs-web-payload	git show f773b3090ffd86cb5600fdaf3aca20ec9cc19606:docs/_content/BlazorMonaco/lib/monaco-editor/min/vs/editor/editor.main.nls.de.js.br
docs/_content/BlazorMonaco/lib/monaco-editor/min/vs/editor/editor.main.nls.de.js.gz	c272cdba896a4d090217acbfc8eee4e806a74a26	27567	compiled-docs-web-payload	git show f773b3090ffd86cb5600fdaf3aca20ec9cc19606:docs/_content/BlazorMonaco/lib/monaco-editor/min/vs/editor/editor.main.nls.de.js.gz
docs/_content/BlazorMonaco/lib/monaco-editor/min/vs/editor/editor.main.nls.de.min.js	e2e08796997a4f6377fb10b009d899ae80d11190	117280	compiled-docs-web-payload	git show f773b3090ffd86cb5600fdaf3aca20ec9cc19606:docs/_content/BlazorMonaco/lib/monaco-editor/min/vs/editor/editor.main.nls.de.min.js
docs/_content/BlazorMonaco/lib/monaco-editor/min/vs/editor/editor.main.nls.de.min.js.br	2862623933c9396c833e0899ac90d53c6183372b	23701	compiled-docs-web-payload	git show f773b3090ffd86cb5600fdaf3aca20ec9cc19606:docs/_content/BlazorMonaco/lib/monaco-editor/min/vs/editor/editor.main.nls.de.min.js.br
docs/_content/BlazorMonaco/lib/monaco-editor/min/vs/editor/editor.main.nls.de.min.js.gz	9fc81a34a34d9b39fbd6d6a365e5cd595cbddae6	27219	compiled-docs-web-payload	git show f773b3090ffd86cb5600fdaf3aca20ec9cc19606:docs/_content/BlazorMonaco/lib/monaco-editor/min/vs/editor/editor.main.nls.de.min.js.gz
docs/_content/BlazorMonaco/lib/monaco-editor/min/vs/editor/editor.main.nls.es.js	05ae4c5db5d7d24c0d4d12f1dd7f81511cf8c286	121480	compiled-docs-web-payload	git show f773b3090ffd86cb5600fdaf3aca20ec9cc19606:docs/_content/BlazorMonaco/lib/monaco-editor/min/vs/editor/editor.main.nls.es.js
docs/_content/BlazorMonaco/lib/monaco-editor/min/vs/editor/editor.main.nls.es.js.br	ed212ff4960eabd79dacef39612f44a0401a9617	21977	compiled-docs-web-payload	git show f773b3090ffd86cb5600fdaf3aca20ec9cc19606:docs/_content/BlazorMonaco/lib/monaco-editor/min/vs/editor/editor.main.nls.es.js.br
docs/_content/BlazorMonaco/lib/monaco-editor/min/vs/editor/editor.main.nls.es.js.gz	3f8a9762262aba77e21b1939a69497e80b2b5b9f	25793	compiled-docs-web-payload	git show f773b3090ffd86cb5600fdaf3aca20ec9cc19606:docs/_content/BlazorMonaco/lib/monaco-editor/min/vs/editor/editor.main.nls.es.js.gz
docs/_content/BlazorMonaco/lib/monaco-editor/min/vs/editor/editor.main.nls.es.min.js	2b315f76d3798b524d322335f74e1ff5fe5f7a69	117618	compiled-docs-web-payload	git show f773b3090ffd86cb5600fdaf3aca20ec9cc19606:docs/_content/BlazorMonaco/lib/monaco-editor/min/vs/editor/editor.main.nls.es.min.js
docs/_content/BlazorMonaco/lib/monaco-editor/min/vs/editor/editor.main.nls.es.min.js.br	d190a334d56c07ddd0e9962ace9bd8db0c1b9d6b	21600	compiled-docs-web-payload	git show f773b3090ffd86cb5600fdaf3aca20ec9cc19606:docs/_content/BlazorMonaco/lib/monaco-editor/min/vs/editor/editor.main.nls.es.min.js.br
docs/_content/BlazorMonaco/lib/monaco-editor/min/vs/editor/editor.main.nls.es.min.js.gz	a5ffda0044cab348393cda57b6ddc19025be6a36	25451	compiled-docs-web-payload	git show f773b3090ffd86cb5600fdaf3aca20ec9cc19606:docs/_content/BlazorMonaco/lib/monaco-editor/min/vs/editor/editor.main.nls.es.min.js.gz
docs/_content/BlazorMonaco/lib/monaco-editor/min/vs/editor/editor.main.nls.fr.js	0b02ccde0366d496b8c55408ef79394d9346c2b2	133333	compiled-docs-web-payload	git show f773b3090ffd86cb5600fdaf3aca20ec9cc19606:docs/_content/BlazorMonaco/lib/monaco-editor/min/vs/editor/editor.main.nls.fr.js
docs/_content/BlazorMonaco/lib/monaco-editor/min/vs/editor/editor.main.nls.fr.js.br	e1c9b0434d15177bb6f3a9c8390ecde8f231bdb2	23354	compiled-docs-web-payload	git show f773b3090ffd86cb5600fdaf3aca20ec9cc19606:docs/_content/BlazorMonaco/lib/monaco-editor/min/vs/editor/editor.main.nls.fr.js.br
docs/_content/BlazorMonaco/lib/monaco-editor/min/vs/editor/editor.main.nls.fr.js.gz	2493319e6177ef9ad6ee882f89f71f4128a91564	27172	compiled-docs-web-payload	git show f773b3090ffd86cb5600fdaf3aca20ec9cc19606:docs/_content/BlazorMonaco/lib/monaco-editor/min/vs/editor/editor.main.nls.fr.js.gz
docs/_content/BlazorMonaco/lib/monaco-editor/min/vs/editor/editor.main.nls.fr.min.js	97c3e7253283e8a41ed94ebcf1aa036952b3baf3	125223	compiled-docs-web-payload	git show f773b3090ffd86cb5600fdaf3aca20ec9cc19606:docs/_content/BlazorMonaco/lib/monaco-editor/min/vs/editor/editor.main.nls.fr.min.js
docs/_content/BlazorMonaco/lib/monaco-editor/min/vs/editor/editor.main.nls.fr.min.js.br	a6479fa74f22c46276cb83f5cc607658430f94e6	22877	compiled-docs-web-payload	git show f773b3090ffd86cb5600fdaf3aca20ec9cc19606:docs/_content/BlazorMonaco/lib/monaco-editor/min/vs/editor/editor.main.nls.fr.min.js.br
docs/_content/BlazorMonaco/lib/monaco-editor/min/vs/editor/editor.main.nls.fr.min.js.gz	f526c0a24b4d50af6e37ed16f554cfb460c4531f	26642	compiled-docs-web-payload	git show f773b3090ffd86cb5600fdaf3aca20ec9cc19606:docs/_content/BlazorMonaco/lib/monaco-editor/min/vs/editor/editor.main.nls.fr.min.js.gz
docs/_content/BlazorMonaco/lib/monaco-editor/min/vs/editor/editor.main.nls.it.js	6075683e40c57e6887fc1d48e3766137f457cd77	123032	compiled-docs-web-payload	git show f773b3090ffd86cb5600fdaf3aca20ec9cc19606:docs/_content/BlazorMonaco/lib/monaco-editor/min/vs/editor/editor.main.nls.it.js
docs/_content/BlazorMonaco/lib/monaco-editor/min/vs/editor/editor.main.nls.it.js.br	ec01dd15917a23696ed2b6c9f2a94b83aaee5283	21786	compiled-docs-web-payload	git show f773b3090ffd86cb5600fdaf3aca20ec9cc19606:docs/_content/BlazorMonaco/lib/monaco-editor/min/vs/editor/editor.main.nls.it.js.br
docs/_content/BlazorMonaco/lib/monaco-editor/min/vs/editor/editor.main.nls.it.js.gz	23b92cc7113656d93ac93fba03ac8cc39a5ce85f	25331	compiled-docs-web-payload	git show f773b3090ffd86cb5600fdaf3aca20ec9cc19606:docs/_content/BlazorMonaco/lib/monaco-editor/min/vs/editor/editor.main.nls.it.js.gz
docs/_content/BlazorMonaco/lib/monaco-editor/min/vs/editor/editor.main.nls.it.min.js	6a67c3ae111b5add2f3c78868108bb323fb266f9	121737	compiled-docs-web-payload	git show f773b3090ffd86cb5600fdaf3aca20ec9cc19606:docs/_content/BlazorMonaco/lib/monaco-editor/min/vs/editor/editor.main.nls.it.min.js
docs/_content/BlazorMonaco/lib/monaco-editor/min/vs/editor/editor.main.nls.it.min.js.br	1a40f9cba9ddde99f37e24eefe0aa3de3c923472	21579	compiled-docs-web-payload	git show f773b3090ffd86cb5600fdaf3aca20ec9cc19606:docs/_content/BlazorMonaco/lib/monaco-editor/min/vs/editor/editor.main.nls.it.min.js.br
docs/_content/BlazorMonaco/lib/monaco-editor/min/vs/editor/editor.main.nls.it.min.js.gz	6d30467d8f616c69f573daae0b5181914547fff2	25075	compiled-docs-web-payload	git show f773b3090ffd86cb5600fdaf3aca20ec9cc19606:docs/_content/BlazorMonaco/lib/monaco-editor/min/vs/editor/editor.main.nls.it.min.js.gz
docs/_content/BlazorMonaco/lib/monaco-editor/min/vs/editor/editor.main.nls.ja.js	644f9863edbcc36fdc0b347c3f0d0b19b0d38796	249884	compiled-docs-web-payload	git show f773b3090ffd86cb5600fdaf3aca20ec9cc19606:docs/_content/BlazorMonaco/lib/monaco-editor/min/vs/editor/editor.main.nls.ja.js
docs/_content/BlazorMonaco/lib/monaco-editor/min/vs/editor/editor.main.nls.ja.js.br	4c85e6bde744ea32ced929e14a5f0a740b2b952f	24165	compiled-docs-web-payload	git show f773b3090ffd86cb5600fdaf3aca20ec9cc19606:docs/_content/BlazorMonaco/lib/monaco-editor/min/vs/editor/editor.main.nls.ja.js.br
docs/_content/BlazorMonaco/lib/monaco-editor/min/vs/editor/editor.main.nls.ja.js.gz	18695b05363ffeb0a347a2fa886179d85a9aa9fd	31366	compiled-docs-web-payload	git show f773b3090ffd86cb5600fdaf3aca20ec9cc19606:docs/_content/BlazorMonaco/lib/monaco-editor/min/vs/editor/editor.main.nls.ja.js.gz
docs/_content/BlazorMonaco/lib/monaco-editor/min/vs/editor/editor.main.nls.ja.min.js	3bb60f3a670710f962a4138dafcca50bcb27cd49	134609	compiled-docs-web-payload	git show f773b3090ffd86cb5600fdaf3aca20ec9cc19606:docs/_content/BlazorMonaco/lib/monaco-editor/min/vs/editor/editor.main.nls.ja.min.js
docs/_content/BlazorMonaco/lib/monaco-editor/min/vs/editor/editor.main.nls.ja.min.js.br	18ffa952da986e7ced11b8984af7a25c59c5b140	21893	compiled-docs-web-payload	git show f773b3090ffd86cb5600fdaf3aca20ec9cc19606:docs/_content/BlazorMonaco/lib/monaco-editor/min/vs/editor/editor.main.nls.ja.min.js.br
docs/_content/BlazorMonaco/lib/monaco-editor/min/vs/editor/editor.main.nls.ja.min.js.gz	fa39b7123d24a6de9e86cfd92a89c5a519544ae8	26472	compiled-docs-web-payload	git show f773b3090ffd86cb5600fdaf3aca20ec9cc19606:docs/_content/BlazorMonaco/lib/monaco-editor/min/vs/editor/editor.main.nls.ja.min.js.gz
docs/_content/BlazorMonaco/lib/monaco-editor/min/vs/editor/editor.main.nls.js	87fa0d8849a065b9e3c7f45891237a3dbdcabd06	96549	compiled-docs-web-payload	git show f773b3090ffd86cb5600fdaf3aca20ec9cc19606:docs/_content/BlazorMonaco/lib/monaco-editor/min/vs/editor/editor.main.nls.js
docs/_content/BlazorMonaco/lib/monaco-editor/min/vs/editor/editor.main.nls.js.br	09d0c3688d49ccf2a409510a71f4c3a8eb2dd15e	18297	compiled-docs-web-payload	git show f773b3090ffd86cb5600fdaf3aca20ec9cc19606:docs/_content/BlazorMonaco/lib/monaco-editor/min/vs/editor/editor.main.nls.js.br
docs/_content/BlazorMonaco/lib/monaco-editor/min/vs/editor/editor.main.nls.js.gz	6a4d2f5b77b41f02b3b3cdd0f1ab773f6a94218a	22001	compiled-docs-web-payload	git show f773b3090ffd86cb5600fdaf3aca20ec9cc19606:docs/_content/BlazorMonaco/lib/monaco-editor/min/vs/editor/editor.main.nls.js.gz
docs/_content/BlazorMonaco/lib/monaco-editor/min/vs/editor/editor.main.nls.ko.js	051073c2e986359780de56bb24709dc7c61f45d1	206085	compiled-docs-web-payload	git show f773b3090ffd86cb5600fdaf3aca20ec9cc19606:docs/_content/BlazorMonaco/lib/monaco-editor/min/vs/editor/editor.main.nls.ko.js
docs/_content/BlazorMonaco/lib/monaco-editor/min/vs/editor/editor.main.nls.ko.js.br	894d7a04afd46668a20c066bf21b43406b7e2158	22848	compiled-docs-web-payload	git show f773b3090ffd86cb5600fdaf3aca20ec9cc19606:docs/_content/BlazorMonaco/lib/monaco-editor/min/vs/editor/editor.main.nls.ko.js.br
docs/_content/BlazorMonaco/lib/monaco-editor/min/vs/editor/editor.main.nls.ko.js.gz	55a7432d8efffe890669dc9d1a396c7a2329217a	28824	compiled-docs-web-payload	git show f773b3090ffd86cb5600fdaf3aca20ec9cc19606:docs/_content/BlazorMonaco/lib/monaco-editor/min/vs/editor/editor.main.nls.ko.js.gz
docs/_content/BlazorMonaco/lib/monaco-editor/min/vs/editor/editor.main.nls.ko.min.js	f15bd9be7f106cdceec168dcb788ce1a6f460a55	117000	compiled-docs-web-payload	git show f773b3090ffd86cb5600fdaf3aca20ec9cc19606:docs/_content/BlazorMonaco/lib/monaco-editor/min/vs/editor/editor.main.nls.ko.min.js
docs/_content/BlazorMonaco/lib/monaco-editor/min/vs/editor/editor.main.nls.ko.min.js.br	7d75cb0f6c9d68a64e4b34624634b418fff3d4b8	20877	compiled-docs-web-payload	git show f773b3090ffd86cb5600fdaf3aca20ec9cc19606:docs/_content/BlazorMonaco/lib/monaco-editor/min/vs/editor/editor.main.nls.ko.min.js.br
docs/_content/BlazorMonaco/lib/monaco-editor/min/vs/editor/editor.main.nls.ko.min.js.gz	75c0faf70f5d0928deca4a9f14b49188fb2f3ab3	24895	compiled-docs-web-payload	git show f773b3090ffd86cb5600fdaf3aca20ec9cc19606:docs/_content/BlazorMonaco/lib/monaco-editor/min/vs/editor/editor.main.nls.ko.min.js.gz
docs/_content/BlazorMonaco/lib/monaco-editor/min/vs/editor/editor.main.nls.min.js	5d9dad1a75071cb4e8dd67ad8b58ae41662575da	96127	compiled-docs-web-payload	git show f773b3090ffd86cb5600fdaf3aca20ec9cc19606:docs/_content/BlazorMonaco/lib/monaco-editor/min/vs/editor/editor.main.nls.min.js
docs/_content/BlazorMonaco/lib/monaco-editor/min/vs/editor/editor.main.nls.min.js.br	35925b04ef3e754272b322ef21da4c9165591a89	18132	compiled-docs-web-payload	git show f773b3090ffd86cb5600fdaf3aca20ec9cc19606:docs/_content/BlazorMonaco/lib/monaco-editor/min/vs/editor/editor.main.nls.min.js.br
docs/_content/BlazorMonaco/lib/monaco-editor/min/vs/editor/editor.main.nls.min.js.gz	1021c16066dd3419b95f33ed6ac40f433cb886a7	21767	compiled-docs-web-payload	git show f773b3090ffd86cb5600fdaf3aca20ec9cc19606:docs/_content/BlazorMonaco/lib/monaco-editor/min/vs/editor/editor.main.nls.min.js.gz
docs/_content/BlazorMonaco/lib/monaco-editor/min/vs/editor/editor.main.nls.ru.js	d3159cf25d55d6cc38d653ed3c0bd6f34edd8f49	514550	compiled-docs-web-payload	git show f773b3090ffd86cb5600fdaf3aca20ec9cc19606:docs/_content/BlazorMonaco/lib/monaco-editor/min/vs/editor/editor.main.nls.ru.js
docs/_content/BlazorMonaco/lib/monaco-editor/min/vs/editor/editor.main.nls.ru.js.br	d2caa19e366d9f4587b634a94dab116805ccf8a9	29202	compiled-docs-web-payload	git show f773b3090ffd86cb5600fdaf3aca20ec9cc19606:docs/_content/BlazorMonaco/lib/monaco-editor/min/vs/editor/editor.main.nls.ru.js.br
docs/_content/BlazorMonaco/lib/monaco-editor/min/vs/editor/editor.main.nls.ru.js.gz	3b20d6f63b6c8767f61bcdd0beedf329a089fbc2	41674	compiled-docs-web-payload	git show f773b3090ffd86cb5600fdaf3aca20ec9cc19606:docs/_content/BlazorMonaco/lib/monaco-editor/min/vs/editor/editor.main.nls.ru.js.gz
docs/_content/BlazorMonaco/lib/monaco-editor/min/vs/editor/editor.main.nls.ru.min.js	52943f9c9df77dcf0c233830b421632207d72f57	191966	compiled-docs-web-payload	git show f773b3090ffd86cb5600fdaf3aca20ec9cc19606:docs/_content/BlazorMonaco/lib/monaco-editor/min/vs/editor/editor.main.nls.ru.min.js
docs/_content/BlazorMonaco/lib/monaco-editor/min/vs/editor/editor.main.nls.ru.min.js.br	05e0088782bab59cd17d446a263164e78baa2728	25293	compiled-docs-web-payload	git show f773b3090ffd86cb5600fdaf3aca20ec9cc19606:docs/_content/BlazorMonaco/lib/monaco-editor/min/vs/editor/editor.main.nls.ru.min.js.br
docs/_content/BlazorMonaco/lib/monaco-editor/min/vs/editor/editor.main.nls.ru.min.js.gz	8b231691ba49e982ef4aee8037f93c5c9ceb8dbc	31792	compiled-docs-web-payload	git show f773b3090ffd86cb5600fdaf3aca20ec9cc19606:docs/_content/BlazorMonaco/lib/monaco-editor/min/vs/editor/editor.main.nls.ru.min.js.gz
docs/_content/BlazorMonaco/lib/monaco-editor/min/vs/editor/editor.main.nls.zh-cn.js	ed368c20f8c1869d91ae01917078871ec499e837	156489	compiled-docs-web-payload	git show f773b3090ffd86cb5600fdaf3aca20ec9cc19606:docs/_content/BlazorMonaco/lib/monaco-editor/min/vs/editor/editor.main.nls.zh-cn.js
docs/_content/BlazorMonaco/lib/monaco-editor/min/vs/editor/editor.main.nls.zh-cn.js.br	32e4abbee3282ff4c76378086f44cfd3f0acd335	21830	compiled-docs-web-payload	git show f773b3090ffd86cb5600fdaf3aca20ec9cc19606:docs/_content/BlazorMonaco/lib/monaco-editor/min/vs/editor/editor.main.nls.zh-cn.js.br
docs/_content/BlazorMonaco/lib/monaco-editor/min/vs/editor/editor.main.nls.zh-cn.js.gz	f181715088279eea18d54c4f6ab86d41814243af	26876	compiled-docs-web-payload	git show f773b3090ffd86cb5600fdaf3aca20ec9cc19606:docs/_content/BlazorMonaco/lib/monaco-editor/min/vs/editor/editor.main.nls.zh-cn.js.gz
docs/_content/BlazorMonaco/lib/monaco-editor/min/vs/editor/editor.main.nls.zh-cn.min.js	6ae0484debbdc6de4823b764ff3aa30d8a0b42c4	87330	compiled-docs-web-payload	git show f773b3090ffd86cb5600fdaf3aca20ec9cc19606:docs/_content/BlazorMonaco/lib/monaco-editor/min/vs/editor/editor.main.nls.zh-cn.min.js
docs/_content/BlazorMonaco/lib/monaco-editor/min/vs/editor/editor.main.nls.zh-cn.min.js.br	46453ea034c7fe1162f79d0d625ca8e55ed1b148	19361	compiled-docs-web-payload	git show f773b3090ffd86cb5600fdaf3aca20ec9cc19606:docs/_content/BlazorMonaco/lib/monaco-editor/min/vs/editor/editor.main.nls.zh-cn.min.js.br
docs/_content/BlazorMonaco/lib/monaco-editor/min/vs/editor/editor.main.nls.zh-cn.min.js.gz	0fd68add4fdeb296195ea26c63342c9d3b9c83c1	23724	compiled-docs-web-payload	git show f773b3090ffd86cb5600fdaf3aca20ec9cc19606:docs/_content/BlazorMonaco/lib/monaco-editor/min/vs/editor/editor.main.nls.zh-cn.min.js.gz
docs/_content/BlazorMonaco/lib/monaco-editor/min/vs/editor/editor.main.nls.zh-tw.js	01e8f69f67bbe816b0958eeff6047d3701935af9	159942	compiled-docs-web-payload	git show f773b3090ffd86cb5600fdaf3aca20ec9cc19606:docs/_content/BlazorMonaco/lib/monaco-editor/min/vs/editor/editor.main.nls.zh-tw.js
docs/_content/BlazorMonaco/lib/monaco-editor/min/vs/editor/editor.main.nls.zh-tw.js.br	cea9578e9c33c5f79d27680830ea00c00728f13c	22029	compiled-docs-web-payload	git show f773b3090ffd86cb5600fdaf3aca20ec9cc19606:docs/_content/BlazorMonaco/lib/monaco-editor/min/vs/editor/editor.main.nls.zh-tw.js.br
docs/_content/BlazorMonaco/lib/monaco-editor/min/vs/editor/editor.main.nls.zh-tw.js.gz	ffe82811553a314501a8becf576c58789b30a2fe	27322	compiled-docs-web-payload	git show f773b3090ffd86cb5600fdaf3aca20ec9cc19606:docs/_content/BlazorMonaco/lib/monaco-editor/min/vs/editor/editor.main.nls.zh-tw.js.gz
docs/_content/BlazorMonaco/lib/monaco-editor/min/vs/editor/editor.main.nls.zh-tw.min.js	4f6d87abe82266ba117b78873e654fd14bd403ee	89553	compiled-docs-web-payload	git show f773b3090ffd86cb5600fdaf3aca20ec9cc19606:docs/_content/BlazorMonaco/lib/monaco-editor/min/vs/editor/editor.main.nls.zh-tw.min.js
docs/_content/BlazorMonaco/lib/monaco-editor/min/vs/editor/editor.main.nls.zh-tw.min.js.br	fd979c4c351ff4ee64788b608d70f08944713647	19795	compiled-docs-web-payload	git show f773b3090ffd86cb5600fdaf3aca20ec9cc19606:docs/_content/BlazorMonaco/lib/monaco-editor/min/vs/editor/editor.main.nls.zh-tw.min.js.br
docs/_content/BlazorMonaco/lib/monaco-editor/min/vs/editor/editor.main.nls.zh-tw.min.js.gz	f1185fdd2713a7079cbeff6adc57b023c044aed4	24020	compiled-docs-web-payload	git show f773b3090ffd86cb5600fdaf3aca20ec9cc19606:docs/_content/BlazorMonaco/lib/monaco-editor/min/vs/editor/editor.main.nls.zh-tw.min.js.gz
docs/_content/BlazorMonaco/lib/monaco-editor/min/vs/language/css/cssMode.js	143a582ed744f6ebb25a29a76c683a7939b3ff31	34391	compiled-docs-web-payload	git show f773b3090ffd86cb5600fdaf3aca20ec9cc19606:docs/_content/BlazorMonaco/lib/monaco-editor/min/vs/language/css/cssMode.js
docs/_content/BlazorMonaco/lib/monaco-editor/min/vs/language/css/cssMode.js.br	aae0a80930e268f0eeed14872bcc08fb880fbccb	8208	compiled-docs-web-payload	git show f773b3090ffd86cb5600fdaf3aca20ec9cc19606:docs/_content/BlazorMonaco/lib/monaco-editor/min/vs/language/css/cssMode.js.br
docs/_content/BlazorMonaco/lib/monaco-editor/min/vs/language/css/cssMode.js.gz	503264c424520c861b57aae84ae1940183aec3ea	9274	compiled-docs-web-payload	git show f773b3090ffd86cb5600fdaf3aca20ec9cc19606:docs/_content/BlazorMonaco/lib/monaco-editor/min/vs/language/css/cssMode.js.gz
docs/_content/BlazorMonaco/lib/monaco-editor/min/vs/language/css/cssMode.min.js	c2c1ba447d9916741b95a3452eff237b2fcbbed8	26636	compiled-docs-web-payload	git show f773b3090ffd86cb5600fdaf3aca20ec9cc19606:docs/_content/BlazorMonaco/lib/monaco-editor/min/vs/language/css/cssMode.min.js
docs/_content/BlazorMonaco/lib/monaco-editor/min/vs/language/css/cssMode.min.js.br	9fad92b1b8c7a803da24235297e004eb516299e7	6484	compiled-docs-web-payload	git show f773b3090ffd86cb5600fdaf3aca20ec9cc19606:docs/_content/BlazorMonaco/lib/monaco-editor/min/vs/language/css/cssMode.min.js.br
docs/_content/BlazorMonaco/lib/monaco-editor/min/vs/language/css/cssMode.min.js.gz	a73aa1a4797495f8d5d5828a6d281954b57a3ada	7253	compiled-docs-web-payload	git show f773b3090ffd86cb5600fdaf3aca20ec9cc19606:docs/_content/BlazorMonaco/lib/monaco-editor/min/vs/language/css/cssMode.min.js.gz
docs/_content/BlazorMonaco/lib/monaco-editor/min/vs/language/css/cssWorker.js	bea682759b2f0b84d3f499fd58ce4825196eaa9b	775537	compiled-docs-web-payload	git show f773b3090ffd86cb5600fdaf3aca20ec9cc19606:docs/_content/BlazorMonaco/lib/monaco-editor/min/vs/language/css/cssWorker.js
docs/_content/BlazorMonaco/lib/monaco-editor/min/vs/language/css/cssWorker.js.br	3d727fc8574299921a8ed8b8491c761a465e141b	116386	compiled-docs-web-payload	git show f773b3090ffd86cb5600fdaf3aca20ec9cc19606:docs/_content/BlazorMonaco/lib/monaco-editor/min/vs/language/css/cssWorker.js.br
docs/_content/BlazorMonaco/lib/monaco-editor/min/vs/language/css/cssWorker.js.gz	69b3e7b8b575eba0759425a6584e1c68ec768d33	157228	compiled-docs-web-payload	git show f773b3090ffd86cb5600fdaf3aca20ec9cc19606:docs/_content/BlazorMonaco/lib/monaco-editor/min/vs/language/css/cssWorker.js.gz
docs/_content/BlazorMonaco/lib/monaco-editor/min/vs/language/css/cssWorker.min.js	c40b72bb8dc04e51aaaaef738bba589365ab4dbf	761506	compiled-docs-web-payload	git show f773b3090ffd86cb5600fdaf3aca20ec9cc19606:docs/_content/BlazorMonaco/lib/monaco-editor/min/vs/language/css/cssWorker.min.js
docs/_content/BlazorMonaco/lib/monaco-editor/min/vs/language/css/cssWorker.min.js.br	6c36a548b7c04bc81d29b3ac34af62d64bf2f053	114401	compiled-docs-web-payload	git show f773b3090ffd86cb5600fdaf3aca20ec9cc19606:docs/_content/BlazorMonaco/lib/monaco-editor/min/vs/language/css/cssWorker.min.js.br
docs/_content/BlazorMonaco/lib/monaco-editor/min/vs/language/css/cssWorker.min.js.gz	8d9210f710fa5ceda5a8d44bce76b2af2916f1ec	155129	compiled-docs-web-payload	git show f773b3090ffd86cb5600fdaf3aca20ec9cc19606:docs/_content/BlazorMonaco/lib/monaco-editor/min/vs/language/css/cssWorker.min.js.gz
docs/_content/BlazorMonaco/lib/monaco-editor/min/vs/language/html/htmlMode.js	dae94fe50757d6fe042972c6d44ec3e41c07ddbb	34927	compiled-docs-web-payload	git show f773b3090ffd86cb5600fdaf3aca20ec9cc19606:docs/_content/BlazorMonaco/lib/monaco-editor/min/vs/language/html/htmlMode.js
docs/_content/BlazorMonaco/lib/monaco-editor/min/vs/language/html/htmlMode.js.br	9da18770e6c5cf425f002be210d8f10cee1825da	8282	compiled-docs-web-payload	git show f773b3090ffd86cb5600fdaf3aca20ec9cc19606:docs/_content/BlazorMonaco/lib/monaco-editor/min/vs/language/html/htmlMode.js.br
docs/_content/BlazorMonaco/lib/monaco-editor/min/vs/language/html/htmlMode.js.gz	50624ccc1da4ae5ba24f08328a2deb6610350930	9406	compiled-docs-web-payload	git show f773b3090ffd86cb5600fdaf3aca20ec9cc19606:docs/_content/BlazorMonaco/lib/monaco-editor/min/vs/language/html/htmlMode.js.gz
docs/_content/BlazorMonaco/lib/monaco-editor/min/vs/language/html/htmlMode.min.js	2d38ea1606092e8a6a79b4b81b1e3ee1856836bd	27179	compiled-docs-web-payload	git show f773b3090ffd86cb5600fdaf3aca20ec9cc19606:docs/_content/BlazorMonaco/lib/monaco-editor/min/vs/language/html/htmlMode.min.js
docs/_content/BlazorMonaco/lib/monaco-editor/min/vs/language/html/htmlMode.min.js.br	aeb71417f99c434061b277d5f4163817d78ae3cf	6559	compiled-docs-web-payload	git show f773b3090ffd86cb5600fdaf3aca20ec9cc19606:docs/_content/BlazorMonaco/lib/monaco-editor/min/vs/language/html/htmlMode.min.js.br
docs/_content/BlazorMonaco/lib/monaco-editor/min/vs/language/html/htmlMode.min.js.gz	0b3c4c2de20b786a789b92899ae2817209827eef	7362	compiled-docs-web-payload	git show f773b3090ffd86cb5600fdaf3aca20ec9cc19606:docs/_content/BlazorMonaco/lib/monaco-editor/min/vs/language/html/htmlMode.min.js.gz
docs/_content/BlazorMonaco/lib/monaco-editor/min/vs/language/html/htmlWorker.js	202744aa2f6df65ea5aad646a6f6f7f411110ea7	445984	compiled-docs-web-payload	git show f773b3090ffd86cb5600fdaf3aca20ec9cc19606:docs/_content/BlazorMonaco/lib/monaco-editor/min/vs/language/html/htmlWorker.js
docs/_content/BlazorMonaco/lib/monaco-editor/min/vs/language/html/htmlWorker.js.br	b9a64354a468bdc20ec8044642e3c1e150ed027e	85460	compiled-docs-web-payload	git show f773b3090ffd86cb5600fdaf3aca20ec9cc19606:docs/_content/BlazorMonaco/lib/monaco-editor/min/vs/language/html/htmlWorker.js.br
docs/_content/BlazorMonaco/lib/monaco-editor/min/vs/language/html/htmlWorker.js.gz	279642306e19ac2398664cb5f18bcf8c0d2eab5b	106032	compiled-docs-web-payload	git show f773b3090ffd86cb5600fdaf3aca20ec9cc19606:docs/_content/BlazorMonaco/lib/monaco-editor/min/vs/language/html/htmlWorker.js.gz
docs/_content/BlazorMonaco/lib/monaco-editor/min/vs/language/html/htmlWorker.min.js	65d1694a36bc394da699b5fdc68566babf0ff6c9	427782	compiled-docs-web-payload	git show f773b3090ffd86cb5600fdaf3aca20ec9cc19606:docs/_content/BlazorMonaco/lib/monaco-editor/min/vs/language/html/htmlWorker.min.js
docs/_content/BlazorMonaco/lib/monaco-editor/min/vs/language/html/htmlWorker.min.js.br	69492d786a0409acaa3cae59e36c26a3912decad	82360	compiled-docs-web-payload	git show f773b3090ffd86cb5600fdaf3aca20ec9cc19606:docs/_content/BlazorMonaco/lib/monaco-editor/min/vs/language/html/htmlWorker.min.js.br
docs/_content/BlazorMonaco/lib/monaco-editor/min/vs/language/html/htmlWorker.min.js.gz	263a8ac605f27f3675c7651d28a4ce1211b1ec93	102317	compiled-docs-web-payload	git show f773b3090ffd86cb5600fdaf3aca20ec9cc19606:docs/_content/BlazorMonaco/lib/monaco-editor/min/vs/language/html/htmlWorker.min.js.gz
docs/_content/BlazorMonaco/lib/monaco-editor/min/vs/language/json/jsonMode.js	86d2eb3e39df913a02833d12b51532ae5fe48356	40458	compiled-docs-web-payload	git show f773b3090ffd86cb5600fdaf3aca20ec9cc19606:docs/_content/BlazorMonaco/lib/monaco-editor/min/vs/language/json/jsonMode.js
docs/_content/BlazorMonaco/lib/monaco-editor/min/vs/language/json/jsonMode.js.br	414cdcfafe3004ecd0d709d77b8017ca197fd242	10218	compiled-docs-web-payload	git show f773b3090ffd86cb5600fdaf3aca20ec9cc19606:docs/_content/BlazorMonaco/lib/monaco-editor/min/vs/language/json/jsonMode.js.br
docs/_content/BlazorMonaco/lib/monaco-editor/min/vs/language/json/jsonMode.js.gz	35f510f5d0f47429c115681f73c6ec546671b605	11520	compiled-docs-web-payload	git show f773b3090ffd86cb5600fdaf3aca20ec9cc19606:docs/_content/BlazorMonaco/lib/monaco-editor/min/vs/language/json/jsonMode.js.gz
docs/_content/BlazorMonaco/lib/monaco-editor/min/vs/language/json/jsonMode.min.js	d73871d6a505bca66c12b1fd9f87ecabc61dcdef	32493	compiled-docs-web-payload	git show f773b3090ffd86cb5600fdaf3aca20ec9cc19606:docs/_content/BlazorMonaco/lib/monaco-editor/min/vs/language/json/jsonMode.min.js
docs/_content/BlazorMonaco/lib/monaco-editor/min/vs/language/json/jsonMode.min.js.br	462bf9e91fd183eb8d0a74cdcf562fcc8516ca5a	8436	compiled-docs-web-payload	git show f773b3090ffd86cb5600fdaf3aca20ec9cc19606:docs/_content/BlazorMonaco/lib/monaco-editor/min/vs/language/json/jsonMode.min.js.br
docs/_content/BlazorMonaco/lib/monaco-editor/min/vs/language/json/jsonMode.min.js.gz	4b41767bd74bf6b9e5df22cc3aa0372423ea8aa2	9437	compiled-docs-web-payload	git show f773b3090ffd86cb5600fdaf3aca20ec9cc19606:docs/_content/BlazorMonaco/lib/monaco-editor/min/vs/language/json/jsonMode.min.js.gz
docs/_content/BlazorMonaco/lib/monaco-editor/min/vs/language/json/jsonWorker.js	d75db043ae9fdacb9f7018b6d56ddc5c79395c91	129197	compiled-docs-web-payload	git show f773b3090ffd86cb5600fdaf3aca20ec9cc19606:docs/_content/BlazorMonaco/lib/monaco-editor/min/vs/language/json/jsonWorker.js
docs/_content/BlazorMonaco/lib/monaco-editor/min/vs/language/json/jsonWorker.js.br	3f0dbfdb3e949f3ad6c383dc49f97b17dd6c02e6	31885	compiled-docs-web-payload	git show f773b3090ffd86cb5600fdaf3aca20ec9cc19606:docs/_content/BlazorMonaco/lib/monaco-editor/min/vs/language/json/jsonWorker.js.br
docs/_content/BlazorMonaco/lib/monaco-editor/min/vs/language/json/jsonWorker.js.gz	f0b6d304694bcddc0ae0291c8e4b4fd7da5a0c17	37040	compiled-docs-web-payload	git show f773b3090ffd86cb5600fdaf3aca20ec9cc19606:docs/_content/BlazorMonaco/lib/monaco-editor/min/vs/language/json/jsonWorker.js.gz
docs/_content/BlazorMonaco/lib/monaco-editor/min/vs/language/json/jsonWorker.min.js	c361e58c8e05ce71d8e431be4bab3548f908d58c	118657	compiled-docs-web-payload	git show f773b3090ffd86cb5600fdaf3aca20ec9cc19606:docs/_content/BlazorMonaco/lib/monaco-editor/min/vs/language/json/jsonWorker.min.js
docs/_content/BlazorMonaco/lib/monaco-editor/min/vs/language/json/jsonWorker.min.js.br	8bc361cc336e19664b491463beecee8541bdfbd6	29438	compiled-docs-web-payload	git show f773b3090ffd86cb5600fdaf3aca20ec9cc19606:docs/_content/BlazorMonaco/lib/monaco-editor/min/vs/language/json/jsonWorker.min.js.br
docs/_content/BlazorMonaco/lib/monaco-editor/min/vs/language/json/jsonWorker.min.js.gz	a47dce5e3bfbb987a99d604058e8c7a197a950d4	34093	compiled-docs-web-payload	git show f773b3090ffd86cb5600fdaf3aca20ec9cc19606:docs/_content/BlazorMonaco/lib/monaco-editor/min/vs/language/json/jsonWorker.min.js.gz
docs/_content/BlazorMonaco/lib/monaco-editor/min/vs/language/typescript/tsMode.js	a57abffaae8c3efe344c14dbeb7bdc403c64412c	23602	compiled-docs-web-payload	git show f773b3090ffd86cb5600fdaf3aca20ec9cc19606:docs/_content/BlazorMonaco/lib/monaco-editor/min/vs/language/typescript/tsMode.js
docs/_content/BlazorMonaco/lib/monaco-editor/min/vs/language/typescript/tsMode.js.br	8a6e054ddfe1e68527b6574377a3c57555eb0820	6135	compiled-docs-web-payload	git show f773b3090ffd86cb5600fdaf3aca20ec9cc19606:docs/_content/BlazorMonaco/lib/monaco-editor/min/vs/language/typescript/tsMode.js.br
docs/_content/BlazorMonaco/lib/monaco-editor/min/vs/language/typescript/tsMode.js.gz	f82b391dfce20c36f97510bfaf57d18868973970	6935	compiled-docs-web-payload	git show f773b3090ffd86cb5600fdaf3aca20ec9cc19606:docs/_content/BlazorMonaco/lib/monaco-editor/min/vs/language/typescript/tsMode.js.gz
docs/_content/BlazorMonaco/lib/monaco-editor/min/vs/language/typescript/tsWorker.js	35ca0ed1ec5f6d042b42cd2677d5215f77ba880d	4637462	compiled-docs-web-payload	git show f773b3090ffd86cb5600fdaf3aca20ec9cc19606:docs/_content/BlazorMonaco/lib/monaco-editor/min/vs/language/typescript/tsWorker.js
docs/_content/BlazorMonaco/lib/monaco-editor/min/vs/language/typescript/tsWorker.js.br	39f3b664a69d0045a81265e720a197af4c17b4c6	826087	compiled-docs-web-payload	git show f773b3090ffd86cb5600fdaf3aca20ec9cc19606:docs/_content/BlazorMonaco/lib/monaco-editor/min/vs/language/typescript/tsWorker.js.br
docs/_content/BlazorMonaco/lib/monaco-editor/min/vs/language/typescript/tsWorker.js.gz	5fd74351f40ad0b0005c188a59adb486355ce61c	1119720	compiled-docs-web-payload	git show f773b3090ffd86cb5600fdaf3aca20ec9cc19606:docs/_content/BlazorMonaco/lib/monaco-editor/min/vs/language/typescript/tsWorker.js.gz
docs/_content/BlazorMonaco/lib/monaco-editor/min/vs/language/typescript/tsWorker.min.js	0e8ab67a5a24555488507469511394d5c64372f3	4451566	compiled-docs-web-payload	git show f773b3090ffd86cb5600fdaf3aca20ec9cc19606:docs/_content/BlazorMonaco/lib/monaco-editor/min/vs/language/typescript/tsWorker.min.js
docs/_content/BlazorMonaco/lib/monaco-editor/min/vs/language/typescript/tsWorker.min.js.br	e4f9f34864d672000428cd012d520e4c97e10ae9	778822	compiled-docs-web-payload	git show f773b3090ffd86cb5600fdaf3aca20ec9cc19606:docs/_content/BlazorMonaco/lib/monaco-editor/min/vs/language/typescript/tsWorker.min.js.br
docs/_content/BlazorMonaco/lib/monaco-editor/min/vs/language/typescript/tsWorker.min.js.gz	3ce2c81ce54c9997fa72640c97aa709a9f50aae8	1077150	compiled-docs-web-payload	git show f773b3090ffd86cb5600fdaf3aca20ec9cc19606:docs/_content/BlazorMonaco/lib/monaco-editor/min/vs/language/typescript/tsWorker.min.js.gz
docs/_content/BlazorMonaco/lib/monaco-editor/min/vs/loader.js	27be9a12bf930c515248a4ce6225e66354379e24	30061	compiled-docs-web-payload	git show f773b3090ffd86cb5600fdaf3aca20ec9cc19606:docs/_content/BlazorMonaco/lib/monaco-editor/min/vs/loader.js
docs/_content/BlazorMonaco/lib/monaco-editor/min/vs/loader.js.br	d44f13a2cf4ce601ff8952fdd4ac48e55fa2bef7	8246	compiled-docs-web-payload	git show f773b3090ffd86cb5600fdaf3aca20ec9cc19606:docs/_content/BlazorMonaco/lib/monaco-editor/min/vs/loader.js.br
docs/_content/BlazorMonaco/lib/monaco-editor/min/vs/loader.js.gz	c7163b140e419407bfb259ef41f87a555cb464e6	9323	compiled-docs-web-payload	git show f773b3090ffd86cb5600fdaf3aca20ec9cc19606:docs/_content/BlazorMonaco/lib/monaco-editor/min/vs/loader.js.gz
docs/_content/BlazorMonaco/lib/monaco-editor/min/vs/loader.min.js	c63f6bddc6e28542fed1fbf60651983423217ae1	29156	compiled-docs-web-payload	git show f773b3090ffd86cb5600fdaf3aca20ec9cc19606:docs/_content/BlazorMonaco/lib/monaco-editor/min/vs/loader.min.js
docs/_content/BlazorMonaco/lib/monaco-editor/min/vs/loader.min.js.br	f851cc2d395abb90e22f3e5bdeb9b5468ab6be67	7814	compiled-docs-web-payload	git show f773b3090ffd86cb5600fdaf3aca20ec9cc19606:docs/_content/BlazorMonaco/lib/monaco-editor/min/vs/loader.min.js.br
docs/_content/BlazorMonaco/lib/monaco-editor/min/vs/loader.min.js.gz	588a4b48b852f09b7ea39b53832f9a6b9506430c	8835	compiled-docs-web-payload	git show f773b3090ffd86cb5600fdaf3aca20ec9cc19606:docs/_content/BlazorMonaco/lib/monaco-editor/min/vs/loader.min.js.gz
docs/_content/MudBlazor/MudBlazor.min.css	7fd4d96882e1024f781d4cd13d4c234246a6aeac	595613	compiled-docs-web-payload	git show f773b3090ffd86cb5600fdaf3aca20ec9cc19606:docs/_content/MudBlazor/MudBlazor.min.css
docs/_content/MudBlazor/MudBlazor.min.css.br	da45b2be71a22d659852ba1653c8a121bb21484b	40570	compiled-docs-web-payload	git show f773b3090ffd86cb5600fdaf3aca20ec9cc19606:docs/_content/MudBlazor/MudBlazor.min.css.br
docs/_content/MudBlazor/MudBlazor.min.css.gz	ab749e278c50faacf8399aa0063409906b756918	64513	compiled-docs-web-payload	git show f773b3090ffd86cb5600fdaf3aca20ec9cc19606:docs/_content/MudBlazor/MudBlazor.min.css.gz
docs/_content/MudBlazor/MudBlazor.min.js	42222c8e7fc4cb23b827b09364e60ddb8766d449	55249	compiled-docs-web-payload	git show f773b3090ffd86cb5600fdaf3aca20ec9cc19606:docs/_content/MudBlazor/MudBlazor.min.js
docs/_content/MudBlazor/MudBlazor.min.js.br	1afdb29aa0db5fa6ed9ab18255eb3d4f3ac4b707	10409	compiled-docs-web-payload	git show f773b3090ffd86cb5600fdaf3aca20ec9cc19606:docs/_content/MudBlazor/MudBlazor.min.js.br
docs/_content/MudBlazor/MudBlazor.min.js.gz	4693ab47256e316cb92589bb6528c2e27468c67f	11737	compiled-docs-web-payload	git show f773b3090ffd86cb5600fdaf3aca20ec9cc19606:docs/_content/MudBlazor/MudBlazor.min.js.gz
docs/_framework/BlazorMonaco.ef1a4jimsf.wasm	f83f44e9c999367100d26ffc4ee81bc0f9d0a941	227093	compiled-docs-web-payload	git show f773b3090ffd86cb5600fdaf3aca20ec9cc19606:docs/_framework/BlazorMonaco.ef1a4jimsf.wasm
docs/_framework/BlazorMonaco.ef1a4jimsf.wasm.br	0275c00b6c05ca52d2dfc0d0ba3955273355de39	57451	compiled-docs-web-payload	git show f773b3090ffd86cb5600fdaf3aca20ec9cc19606:docs/_framework/BlazorMonaco.ef1a4jimsf.wasm.br
docs/_framework/BlazorMonaco.ef1a4jimsf.wasm.gz	c0400ba989a9544b11a1dfc01bf74cda216ed159	80245	compiled-docs-web-payload	git show f773b3090ffd86cb5600fdaf3aca20ec9cc19606:docs/_framework/BlazorMonaco.ef1a4jimsf.wasm.gz
docs/_framework/Bolero.Html.6aqvb3guwg.wasm	a5125cebe69399457a9b32c3c63abeec125bdb80	9493	compiled-docs-web-payload	git show f773b3090ffd86cb5600fdaf3aca20ec9cc19606:docs/_framework/Bolero.Html.6aqvb3guwg.wasm
docs/_framework/Bolero.Html.6aqvb3guwg.wasm.br	3204baf21d51bc283f3015038a5f45557cfef610	3319	compiled-docs-web-payload	git show f773b3090ffd86cb5600fdaf3aca20ec9cc19606:docs/_framework/Bolero.Html.6aqvb3guwg.wasm.br
docs/_framework/Bolero.Html.6aqvb3guwg.wasm.gz	33f7b8f284f1dc2ef3f8e839dbdd4ab6e2bcf0f3	4182	compiled-docs-web-payload	git show f773b3090ffd86cb5600fdaf3aca20ec9cc19606:docs/_framework/Bolero.Html.6aqvb3guwg.wasm.gz
docs/_framework/Bolero.wshgoci8vw.wasm	c539cd1ddc0d235c9267abb308b2afba848bd592	35605	compiled-docs-web-payload	git show f773b3090ffd86cb5600fdaf3aca20ec9cc19606:docs/_framework/Bolero.wshgoci8vw.wasm
docs/_framework/Bolero.wshgoci8vw.wasm.br	c9d69d4ad861cdb17e3e69b0c4ffcefe3a16454e	13345	compiled-docs-web-payload	git show f773b3090ffd86cb5600fdaf3aca20ec9cc19606:docs/_framework/Bolero.wshgoci8vw.wasm.br
docs/_framework/Bolero.wshgoci8vw.wasm.gz	e8e83c2617036cf5081c0a0e6fc3af8522474b63	15698	compiled-docs-web-payload	git show f773b3090ffd86cb5600fdaf3aca20ec9cc19606:docs/_framework/Bolero.wshgoci8vw.wasm.gz
docs/_framework/Elmish.2g8jgsxlrc.wasm	546e236d86df68ac3a51364008df33f00a511694	50453	compiled-docs-web-payload	git show f773b3090ffd86cb5600fdaf3aca20ec9cc19606:docs/_framework/Elmish.2g8jgsxlrc.wasm
docs/_framework/Elmish.2g8jgsxlrc.wasm.br	7b4a62940923ff5b86e68195451b83359923b39a	17479	compiled-docs-web-payload	git show f773b3090ffd86cb5600fdaf3aca20ec9cc19606:docs/_framework/Elmish.2g8jgsxlrc.wasm.br
docs/_framework/Elmish.2g8jgsxlrc.wasm.gz	5558bdb59c9ee055e2116e6a8af9dd7cd377d26d	21168	compiled-docs-web-payload	git show f773b3090ffd86cb5600fdaf3aca20ec9cc19606:docs/_framework/Elmish.2g8jgsxlrc.wasm.gz
docs/_framework/FSharp.Core.om2m8sbe30.wasm	502a35c81ae623dc9792ca4db078cf7f16b956e3	1560341	compiled-docs-web-payload	git show f773b3090ffd86cb5600fdaf3aca20ec9cc19606:docs/_framework/FSharp.Core.om2m8sbe30.wasm
docs/_framework/FSharp.Core.om2m8sbe30.wasm.br	ea2f391daedb0b3c0cb03bc77b48e7e0ee791d3e	386143	compiled-docs-web-payload	git show f773b3090ffd86cb5600fdaf3aca20ec9cc19606:docs/_framework/FSharp.Core.om2m8sbe30.wasm.br
docs/_framework/FSharp.Core.om2m8sbe30.wasm.gz	db076794f3ea920720ab65681f43477085b2cd23	511356	compiled-docs-web-payload	git show f773b3090ffd86cb5600fdaf3aca20ec9cc19606:docs/_framework/FSharp.Core.om2m8sbe30.wasm.gz
docs/_framework/FSharp.SystemTextJson.yngbwu0lng.wasm	1182e05fca1ca6d99ad3643a0a48007e9856bf42	60181	compiled-docs-web-payload	git show f773b3090ffd86cb5600fdaf3aca20ec9cc19606:docs/_framework/FSharp.SystemTextJson.yngbwu0lng.wasm
docs/_framework/FSharp.SystemTextJson.yngbwu0lng.wasm.br	67c4e42b5e1285484764b05bb8426fb94edf1168	22724	compiled-docs-web-payload	git show f773b3090ffd86cb5600fdaf3aca20ec9cc19606:docs/_framework/FSharp.SystemTextJson.yngbwu0lng.wasm.br
docs/_framework/FSharp.SystemTextJson.yngbwu0lng.wasm.gz	8eb8448ba3744afaf659a9e5e5a6b5313ee9d8f8	26676	compiled-docs-web-payload	git show f773b3090ffd86cb5600fdaf3aca20ec9cc19606:docs/_framework/FSharp.SystemTextJson.yngbwu0lng.wasm.gz
docs/_framework/FsAssay.Web.Client.37w8l6xx5k.wasm	4205218dedf3efff2fbdb9b4bbcb082cf3f71f39	44309	compiled-docs-web-payload	git show f773b3090ffd86cb5600fdaf3aca20ec9cc19606:docs/_framework/FsAssay.Web.Client.37w8l6xx5k.wasm
docs/_framework/FsAssay.Web.Client.37w8l6xx5k.wasm.br	d5dbad0b9aa377ade6dfaf630e9c96abb3017c33	18012	compiled-docs-web-payload	git show f773b3090ffd86cb5600fdaf3aca20ec9cc19606:docs/_framework/FsAssay.Web.Client.37w8l6xx5k.wasm.br
docs/_framework/FsAssay.Web.Client.37w8l6xx5k.wasm.gz	9e605e7fde7244a3945e45663d09a7b864ad2fec	21329	compiled-docs-web-payload	git show f773b3090ffd86cb5600fdaf3aca20ec9cc19606:docs/_framework/FsAssay.Web.Client.37w8l6xx5k.wasm.gz
docs/_framework/Microsoft.AspNetCore.Components.Web.zs8swhzrh1.wasm	79dc9bcfc62024bb7fd17ffb58dc7f80c0e1a9ce	59669	compiled-docs-web-payload	git show f773b3090ffd86cb5600fdaf3aca20ec9cc19606:docs/_framework/Microsoft.AspNetCore.Components.Web.zs8swhzrh1.wasm
docs/_framework/Microsoft.AspNetCore.Components.Web.zs8swhzrh1.wasm.br	18f0cf3fb5ebaeeb8959bba2531a230bb522b19b	20329	compiled-docs-web-payload	git show f773b3090ffd86cb5600fdaf3aca20ec9cc19606:docs/_framework/Microsoft.AspNetCore.Components.Web.zs8swhzrh1.wasm.br
docs/_framework/Microsoft.AspNetCore.Components.Web.zs8swhzrh1.wasm.gz	e9013d7c0109776d785f150906c34384e3cdf918	24863	compiled-docs-web-payload	git show f773b3090ffd86cb5600fdaf3aca20ec9cc19606:docs/_framework/Microsoft.AspNetCore.Components.Web.zs8swhzrh1.wasm.gz
docs/_framework/Microsoft.AspNetCore.Components.WebAssembly.iynn4uwnck.wasm	6fce8f1fdd4cdb043fa6480b15026cb356088d86	73493	compiled-docs-web-payload	git show f773b3090ffd86cb5600fdaf3aca20ec9cc19606:docs/_framework/Microsoft.AspNetCore.Components.WebAssembly.iynn4uwnck.wasm
docs/_framework/Microsoft.AspNetCore.Components.WebAssembly.iynn4uwnck.wasm.br	3f4f05f7f7f44cc1549f44489bea6fe915547a3e	26988	compiled-docs-web-payload	git show f773b3090ffd86cb5600fdaf3aca20ec9cc19606:docs/_framework/Microsoft.AspNetCore.Components.WebAssembly.iynn4uwnck.wasm.br
docs/_framework/Microsoft.AspNetCore.Components.WebAssembly.iynn4uwnck.wasm.gz	fa5b43d62164cd5ac50793135a1b55b381027f62	31448	compiled-docs-web-payload	git show f773b3090ffd86cb5600fdaf3aca20ec9cc19606:docs/_framework/Microsoft.AspNetCore.Components.WebAssembly.iynn4uwnck.wasm.gz
docs/_framework/Microsoft.AspNetCore.Components.mkba3kehdq.wasm	066add2dbd15f5f29bc2905b7386f48bd704db73	147221	compiled-docs-web-payload	git show f773b3090ffd86cb5600fdaf3aca20ec9cc19606:docs/_framework/Microsoft.AspNetCore.Components.mkba3kehdq.wasm
docs/_framework/Microsoft.AspNetCore.Components.mkba3kehdq.wasm.br	31eb287bcc987c3f533fbc70f9cc452c936d7a14	52984	compiled-docs-web-payload	git show f773b3090ffd86cb5600fdaf3aca20ec9cc19606:docs/_framework/Microsoft.AspNetCore.Components.mkba3kehdq.wasm.br
docs/_framework/Microsoft.AspNetCore.Components.mkba3kehdq.wasm.gz	bc757f75e3df0afe7ad5c6457168001d23fefe34	62304	compiled-docs-web-payload	git show f773b3090ffd86cb5600fdaf3aca20ec9cc19606:docs/_framework/Microsoft.AspNetCore.Components.mkba3kehdq.wasm.gz
docs/_framework/Microsoft.Extensions.Configuration.8pvavhimuq.wasm	47f099da00ac0af4c7005d9877b88a90463b099a	9493	compiled-docs-web-payload	git show f773b3090ffd86cb5600fdaf3aca20ec9cc19606:docs/_framework/Microsoft.Extensions.Configuration.8pvavhimuq.wasm
docs/_framework/Microsoft.Extensions.Configuration.8pvavhimuq.wasm.br	2d5a63adfea0c9fc07934be458538f8df6e951c4	3761	compiled-docs-web-payload	git show f773b3090ffd86cb5600fdaf3aca20ec9cc19606:docs/_framework/Microsoft.Extensions.Configuration.8pvavhimuq.wasm.br
docs/_framework/Microsoft.Extensions.Configuration.8pvavhimuq.wasm.gz	71f19ba22a0ce8333e96ddc7532cd466e4982ffa	4372	compiled-docs-web-payload	git show f773b3090ffd86cb5600fdaf3aca20ec9cc19606:docs/_framework/Microsoft.Extensions.Configuration.8pvavhimuq.wasm.gz
docs/_framework/Microsoft.Extensions.Configuration.Abstractions.qmkmcck29i.wasm	483f684633b588bcd2ae8cc467883c89951e5ace	6421	compiled-docs-web-payload	git show f773b3090ffd86cb5600fdaf3aca20ec9cc19606:docs/_framework/Microsoft.Extensions.Configuration.Abstractions.qmkmcck29i.wasm
docs/_framework/Microsoft.Extensions.Configuration.Abstractions.qmkmcck29i.wasm.br	97c8ce12f6b4360bae1e4ea5cd06898d5a7e538d	2315	compiled-docs-web-payload	git show f773b3090ffd86cb5600fdaf3aca20ec9cc19606:docs/_framework/Microsoft.Extensions.Configuration.Abstractions.qmkmcck29i.wasm.br
docs/_framework/Microsoft.Extensions.Configuration.Abstractions.qmkmcck29i.wasm.gz	e9728bfd5966675c144665bee19cd6a73af0605a	2693	compiled-docs-web-payload	git show f773b3090ffd86cb5600fdaf3aca20ec9cc19606:docs/_framework/Microsoft.Extensions.Configuration.Abstractions.qmkmcck29i.wasm.gz
docs/_framework/Microsoft.Extensions.Configuration.Json.7smls8uilt.wasm	079dc9048c7b61c4b4d220203e9486e76541c81e	9493	compiled-docs-web-payload	git show f773b3090ffd86cb5600fdaf3aca20ec9cc19606:docs/_framework/Microsoft.Extensions.Configuration.Json.7smls8uilt.wasm
docs/_framework/Microsoft.Extensions.Configuration.Json.7smls8uilt.wasm.br	b07f967f14ce1dca55e4a5d8688cd4fe6b6e714a	3804	compiled-docs-web-payload	git show f773b3090ffd86cb5600fdaf3aca20ec9cc19606:docs/_framework/Microsoft.Extensions.Configuration.Json.7smls8uilt.wasm.br
docs/_framework/Microsoft.Extensions.Configuration.Json.7smls8uilt.wasm.gz	526833f973adfcfbae2de02301ac6fd032e75c31	4400	compiled-docs-web-payload	git show f773b3090ffd86cb5600fdaf3aca20ec9cc19606:docs/_framework/Microsoft.Extensions.Configuration.Json.7smls8uilt.wasm.gz
docs/_framework/Microsoft.Extensions.DependencyInjection.Abstractions.ie4kxy8mp3.wasm	ea5470d83cce74a139a33e1e413ffdefe7dd2608	26901	compiled-docs-web-payload	git show f773b3090ffd86cb5600fdaf3aca20ec9cc19606:docs/_framework/Microsoft.Extensions.DependencyInjection.Abstractions.ie4kxy8mp3.wasm
docs/_framework/Microsoft.Extensions.DependencyInjection.Abstractions.ie4kxy8mp3.wasm.br	9b3d0a0be02ce9b4f718db66e2e12ab9982dbc0a	10016	compiled-docs-web-payload	git show f773b3090ffd86cb5600fdaf3aca20ec9cc19606:docs/_framework/Microsoft.Extensions.DependencyInjection.Abstractions.ie4kxy8mp3.wasm.br
docs/_framework/Microsoft.Extensions.DependencyInjection.Abstractions.ie4kxy8mp3.wasm.gz	16e800d20133a3bdc547033a22165cb5e9d564b8	11754	compiled-docs-web-payload	git show f773b3090ffd86cb5600fdaf3aca20ec9cc19606:docs/_framework/Microsoft.Extensions.DependencyInjection.Abstractions.ie4kxy8mp3.wasm.gz
docs/_framework/Microsoft.Extensions.DependencyInjection.robeas4psm.wasm	697a30c6601088f0fbcd4ec946f34e954ac2fa9f	44821	compiled-docs-web-payload	git show f773b3090ffd86cb5600fdaf3aca20ec9cc19606:docs/_framework/Microsoft.Extensions.DependencyInjection.robeas4psm.wasm
docs/_framework/Microsoft.Extensions.DependencyInjection.robeas4psm.wasm.br	0a6b8ec132b03568759db5d87bf7779cb8dc795c	18704	compiled-docs-web-payload	git show f773b3090ffd86cb5600fdaf3aca20ec9cc19606:docs/_framework/Microsoft.Extensions.DependencyInjection.robeas4psm.wasm.br
docs/_framework/Microsoft.Extensions.DependencyInjection.robeas4psm.wasm.gz	70e7e3311d21b3eb287515f63dc83365c5ca86fa	21823	compiled-docs-web-payload	git show f773b3090ffd86cb5600fdaf3aca20ec9cc19606:docs/_framework/Microsoft.Extensions.DependencyInjection.robeas4psm.wasm.gz
docs/_framework/Microsoft.Extensions.Localization.Abstractions.ae89paw0py.wasm	76a1a39cd1be6503ab6c79cdc0fe466c72c7133c	7445	compiled-docs-web-payload	git show f773b3090ffd86cb5600fdaf3aca20ec9cc19606:docs/_framework/Microsoft.Extensions.Localization.Abstractions.ae89paw0py.wasm
docs/_framework/Microsoft.Extensions.Localization.Abstractions.ae89paw0py.wasm.br	85c8b35c90c013182649a2908961648dd0767419	2690	compiled-docs-web-payload	git show f773b3090ffd86cb5600fdaf3aca20ec9cc19606:docs/_framework/Microsoft.Extensions.Localization.Abstractions.ae89paw0py.wasm.br
docs/_framework/Microsoft.Extensions.Localization.Abstractions.ae89paw0py.wasm.gz	a71f118d13fdca7ef2f6fd92fd692bf8fd42dbac	3065	compiled-docs-web-payload	git show f773b3090ffd86cb5600fdaf3aca20ec9cc19606:docs/_framework/Microsoft.Extensions.Localization.Abstractions.ae89paw0py.wasm.gz
docs/_framework/Microsoft.Extensions.Localization.bvn14pws96.wasm	9fc18f7a1d9086c467a8f210dc94c609ad249c49	21269	compiled-docs-web-payload	git show f773b3090ffd86cb5600fdaf3aca20ec9cc19606:docs/_framework/Microsoft.Extensions.Localization.bvn14pws96.wasm
docs/_framework/Microsoft.Extensions.Localization.bvn14pws96.wasm.br	3b65cc925c44cd453956c603f092028e3222633d	8912	compiled-docs-web-payload	git show f773b3090ffd86cb5600fdaf3aca20ec9cc19606:docs/_framework/Microsoft.Extensions.Localization.bvn14pws96.wasm.br
docs/_framework/Microsoft.Extensions.Localization.bvn14pws96.wasm.gz	23b41cc7a8281f07d47fda2120c896780acf689a	10094	compiled-docs-web-payload	git show f773b3090ffd86cb5600fdaf3aca20ec9cc19606:docs/_framework/Microsoft.Extensions.Localization.bvn14pws96.wasm.gz
docs/_framework/Microsoft.Extensions.Logging.Abstractions.6rzkggi6zc.wasm	81dfd6f44286e6ef32d842e30a4925436f06a986	29973	compiled-docs-web-payload	git show f773b3090ffd86cb5600fdaf3aca20ec9cc19606:docs/_framework/Microsoft.Extensions.Logging.Abstractions.6rzkggi6zc.wasm
docs/_framework/Microsoft.Extensions.Logging.Abstractions.6rzkggi6zc.wasm.br	cbe35581098d333f1d1292af149315827c882938	11953	compiled-docs-web-payload	git show f773b3090ffd86cb5600fdaf3aca20ec9cc19606:docs/_framework/Microsoft.Extensions.Logging.Abstractions.6rzkggi6zc.wasm.br
docs/_framework/Microsoft.Extensions.Logging.Abstractions.6rzkggi6zc.wasm.gz	584035f37040e67e94e29a5e0703a419c68a3845	14160	compiled-docs-web-payload	git show f773b3090ffd86cb5600fdaf3aca20ec9cc19606:docs/_framework/Microsoft.Extensions.Logging.Abstractions.6rzkggi6zc.wasm.gz
docs/_framework/Microsoft.Extensions.Logging.eqhkfrhsc3.wasm	44e4cb032e5b52a3717a5fc83f3c1b2e82a04f86	17173	compiled-docs-web-payload	git show f773b3090ffd86cb5600fdaf3aca20ec9cc19606:docs/_framework/Microsoft.Extensions.Logging.eqhkfrhsc3.wasm
docs/_framework/Microsoft.Extensions.Logging.eqhkfrhsc3.wasm.br	1199e63358baaf04fd7d66a18b581b210dfd3ac5	7463	compiled-docs-web-payload	git show f773b3090ffd86cb5600fdaf3aca20ec9cc19606:docs/_framework/Microsoft.Extensions.Logging.eqhkfrhsc3.wasm.br
docs/_framework/Microsoft.Extensions.Logging.eqhkfrhsc3.wasm.gz	8dec1cc08a9d380fa19e05fec07b00382d324239	8577	compiled-docs-web-payload	git show f773b3090ffd86cb5600fdaf3aca20ec9cc19606:docs/_framework/Microsoft.Extensions.Logging.eqhkfrhsc3.wasm.gz
docs/_framework/Microsoft.Extensions.Options.yqbr4imbd0.wasm	225b149d8db1dc3d775b537fdbfffda610d9062a	18197	compiled-docs-web-payload	git show f773b3090ffd86cb5600fdaf3aca20ec9cc19606:docs/_framework/Microsoft.Extensions.Options.yqbr4imbd0.wasm
docs/_framework/Microsoft.Extensions.Options.yqbr4imbd0.wasm.br	d9a4e1e83730ee699332065c887e178dfe82e3fc	7647	compiled-docs-web-payload	git show f773b3090ffd86cb5600fdaf3aca20ec9cc19606:docs/_framework/Microsoft.Extensions.Options.yqbr4imbd0.wasm.br
docs/_framework/Microsoft.Extensions.Options.yqbr4imbd0.wasm.gz	fa7bca47fc5ffddb44cbb422b09ae77e454d1105	8727	compiled-docs-web-payload	git show f773b3090ffd86cb5600fdaf3aca20ec9cc19606:docs/_framework/Microsoft.Extensions.Options.yqbr4imbd0.wasm.gz
docs/_framework/Microsoft.Extensions.Primitives.eds8m5mm6q.wasm	b86efe16d2c3202444652ef0a983b7f621d4542d	8981	compiled-docs-web-payload	git show f773b3090ffd86cb5600fdaf3aca20ec9cc19606:docs/_framework/Microsoft.Extensions.Primitives.eds8m5mm6q.wasm
docs/_framework/Microsoft.Extensions.Primitives.eds8m5mm6q.wasm.br	a1fa017329e4fdf4bb9a585d0d551c8a5fdf6668	3375	compiled-docs-web-payload	git show f773b3090ffd86cb5600fdaf3aca20ec9cc19606:docs/_framework/Microsoft.Extensions.Primitives.eds8m5mm6q.wasm.br
docs/_framework/Microsoft.Extensions.Primitives.eds8m5mm6q.wasm.gz	0cf0a35eaf6de54d0072201e78a088c8d79f309d	3875	compiled-docs-web-payload	git show f773b3090ffd86cb5600fdaf3aca20ec9cc19606:docs/_framework/Microsoft.Extensions.Primitives.eds8m5mm6q.wasm.gz
docs/_framework/Microsoft.JSInterop.WebAssembly.hvsthvqq9c.wasm	29c3b99824922e38a25c77bbbf131f3a0eb54ace	10005	compiled-docs-web-payload	git show f773b3090ffd86cb5600fdaf3aca20ec9cc19606:docs/_framework/Microsoft.JSInterop.WebAssembly.hvsthvqq9c.wasm
docs/_framework/Microsoft.JSInterop.WebAssembly.hvsthvqq9c.wasm.br	3ec843b16bf8e57558c8de538a16fc7c74a66519	4170	compiled-docs-web-payload	git show f773b3090ffd86cb5600fdaf3aca20ec9cc19606:docs/_framework/Microsoft.JSInterop.WebAssembly.hvsthvqq9c.wasm.br
docs/_framework/Microsoft.JSInterop.WebAssembly.hvsthvqq9c.wasm.gz	1041cab15c33a92e638cc8055f250bd9271ee35b	4814	compiled-docs-web-payload	git show f773b3090ffd86cb5600fdaf3aca20ec9cc19606:docs/_framework/Microsoft.JSInterop.WebAssembly.hvsthvqq9c.wasm.gz
docs/_framework/Microsoft.JSInterop.mpq2c2ybmn.wasm	4a80f7a26685808da57e61a3cf5622c855afb5f9	43797	compiled-docs-web-payload	git show f773b3090ffd86cb5600fdaf3aca20ec9cc19606:docs/_framework/Microsoft.JSInterop.mpq2c2ybmn.wasm
docs/_framework/Microsoft.JSInterop.mpq2c2ybmn.wasm.br	fe45137dc1c9c28fa4473ca75fd085190abfafe5	17115	compiled-docs-web-payload	git show f773b3090ffd86cb5600fdaf3aca20ec9cc19606:docs/_framework/Microsoft.JSInterop.mpq2c2ybmn.wasm.br
docs/_framework/Microsoft.JSInterop.mpq2c2ybmn.wasm.gz	e60823946ddf4cc99e44bf6de12b6d66d99af115	19876	compiled-docs-web-payload	git show f773b3090ffd86cb5600fdaf3aca20ec9cc19606:docs/_framework/Microsoft.JSInterop.mpq2c2ybmn.wasm.gz
docs/_framework/MudBlazor.7jb2j263as.wasm	a56a709b7158ee6cc08c711ef406cd07227365fa	369429	compiled-docs-web-payload	git show f773b3090ffd86cb5600fdaf3aca20ec9cc19606:docs/_framework/MudBlazor.7jb2j263as.wasm
docs/_framework/MudBlazor.7jb2j263as.wasm.br	721ec96ab50e15ab7ea71c5f2ca0f6d960838f25	99319	compiled-docs-web-payload	git show f773b3090ffd86cb5600fdaf3aca20ec9cc19606:docs/_framework/MudBlazor.7jb2j263as.wasm.br
docs/_framework/MudBlazor.7jb2j263as.wasm.gz	ed38f1bfd197af1bd04f22f548ab62eee9c83989	129977	compiled-docs-web-payload	git show f773b3090ffd86cb5600fdaf3aca20ec9cc19606:docs/_framework/MudBlazor.7jb2j263as.wasm.gz
docs/_framework/System.Collections.Concurrent.3x6o7fto5g.wasm	b83791f7fe2b74c3869e2d1dd79701b56623dcb0	23317	compiled-docs-web-payload	git show f773b3090ffd86cb5600fdaf3aca20ec9cc19606:docs/_framework/System.Collections.Concurrent.3x6o7fto5g.wasm
docs/_framework/System.Collections.Concurrent.3x6o7fto5g.wasm.br	f29813b06d22c1d0badd2a3e685ac060c9345930	9542	compiled-docs-web-payload	git show f773b3090ffd86cb5600fdaf3aca20ec9cc19606:docs/_framework/System.Collections.Concurrent.3x6o7fto5g.wasm.br
docs/_framework/System.Collections.Concurrent.3x6o7fto5g.wasm.gz	2ddad8fd24e8ee6b71f96b4f8c437415f4e77fcf	10811	compiled-docs-web-payload	git show f773b3090ffd86cb5600fdaf3aca20ec9cc19606:docs/_framework/System.Collections.Concurrent.3x6o7fto5g.wasm.gz
docs/_framework/System.Collections.Immutable.icmfzyd4vp.wasm	b1fc78ad9cf7cf2cc934f8378fe80fa17f7bb6a1	55061	compiled-docs-web-payload	git show f773b3090ffd86cb5600fdaf3aca20ec9cc19606:docs/_framework/System.Collections.Immutable.icmfzyd4vp.wasm
docs/_framework/System.Collections.Immutable.icmfzyd4vp.wasm.br	8608d1bf4ed744c0c7190feb5fe3542f8f7c7ddd	20361	compiled-docs-web-payload	git show f773b3090ffd86cb5600fdaf3aca20ec9cc19606:docs/_framework/System.Collections.Immutable.icmfzyd4vp.wasm.br
docs/_framework/System.Collections.Immutable.icmfzyd4vp.wasm.gz	ab2e6abea5190677606e34b641a6fc6079765817	24264	compiled-docs-web-payload	git show f773b3090ffd86cb5600fdaf3aca20ec9cc19606:docs/_framework/System.Collections.Immutable.icmfzyd4vp.wasm.gz
docs/_framework/System.Collections.NonGeneric.rrtq52uwie.wasm	f7a6e6fd62030f280f079709c4898ac534c66230	6421	compiled-docs-web-payload	git show f773b3090ffd86cb5600fdaf3aca20ec9cc19606:docs/_framework/System.Collections.NonGeneric.rrtq52uwie.wasm
docs/_framework/System.Collections.NonGeneric.rrtq52uwie.wasm.br	1bdda7e834bc7e9f679cda421fd19678b420978a	2501	compiled-docs-web-payload	git show f773b3090ffd86cb5600fdaf3aca20ec9cc19606:docs/_framework/System.Collections.NonGeneric.rrtq52uwie.wasm.br
docs/_framework/System.Collections.NonGeneric.rrtq52uwie.wasm.gz	88ea2ddc6d087ae53abf831c7a674f0c0767bf6a	2800	compiled-docs-web-payload	git show f773b3090ffd86cb5600fdaf3aca20ec9cc19606:docs/_framework/System.Collections.NonGeneric.rrtq52uwie.wasm.gz
docs/_framework/System.Collections.g6sdt2f885.wasm	c07a7c76f43675b93ffb64d923890a4029c98bd7	26901	compiled-docs-web-payload	git show f773b3090ffd86cb5600fdaf3aca20ec9cc19606:docs/_framework/System.Collections.g6sdt2f885.wasm
docs/_framework/System.Collections.g6sdt2f885.wasm.br	00729c572359a480f76bb9d6ccd14b741ca3c4a5	9989	compiled-docs-web-payload	git show f773b3090ffd86cb5600fdaf3aca20ec9cc19606:docs/_framework/System.Collections.g6sdt2f885.wasm.br
docs/_framework/System.Collections.g6sdt2f885.wasm.gz	af1753b57fd837889dbc1e632bc0c72a00796963	11469	compiled-docs-web-payload	git show f773b3090ffd86cb5600fdaf3aca20ec9cc19606:docs/_framework/System.Collections.g6sdt2f885.wasm.gz
docs/_framework/System.ComponentModel.EventBasedAsync.v9ntbqgczo.wasm	1f5789936cf2608f60c7552dae59a85099cdadb7	5397	compiled-docs-web-payload	git show f773b3090ffd86cb5600fdaf3aca20ec9cc19606:docs/_framework/System.ComponentModel.EventBasedAsync.v9ntbqgczo.wasm
docs/_framework/System.ComponentModel.EventBasedAsync.v9ntbqgczo.wasm.br	692bd4d7c79db0110629707d87594651bf48dc01	2003	compiled-docs-web-payload	git show f773b3090ffd86cb5600fdaf3aca20ec9cc19606:docs/_framework/System.ComponentModel.EventBasedAsync.v9ntbqgczo.wasm.br
docs/_framework/System.ComponentModel.EventBasedAsync.v9ntbqgczo.wasm.gz	04827ce88bccc9ae55027235e18be159ef7030c6	2266	compiled-docs-web-payload	git show f773b3090ffd86cb5600fdaf3aca20ec9cc19606:docs/_framework/System.ComponentModel.EventBasedAsync.v9ntbqgczo.wasm.gz
docs/_framework/System.ComponentModel.Primitives.nz6zwy4eoe.wasm	2f7260a3abaa8423bb22f4ee1b8c30df55a5dbdd	5909	compiled-docs-web-payload	git show f773b3090ffd86cb5600fdaf3aca20ec9cc19606:docs/_framework/System.ComponentModel.Primitives.nz6zwy4eoe.wasm
docs/_framework/System.ComponentModel.Primitives.nz6zwy4eoe.wasm.br	054adb73925d6c5b2df5f08ada41da7224f6809d	2244	compiled-docs-web-payload	git show f773b3090ffd86cb5600fdaf3aca20ec9cc19606:docs/_framework/System.ComponentModel.Primitives.nz6zwy4eoe.wasm.br
docs/_framework/System.ComponentModel.Primitives.nz6zwy4eoe.wasm.gz	c1c6c91b90656fdf12f8c1edc0d8ea9c80d31a0a	2556	compiled-docs-web-payload	git show f773b3090ffd86cb5600fdaf3aca20ec9cc19606:docs/_framework/System.ComponentModel.Primitives.nz6zwy4eoe.wasm.gz
docs/_framework/System.ComponentModel.e6bm8wniqf.wasm	1078604e32468234c1d8766bf5980978bdf053d3	4885	compiled-docs-web-payload	git show f773b3090ffd86cb5600fdaf3aca20ec9cc19606:docs/_framework/System.ComponentModel.e6bm8wniqf.wasm
docs/_framework/System.ComponentModel.e6bm8wniqf.wasm.br	dc64af3cb33109892b41cff5cdc32ac00bcbbb92	1728	compiled-docs-web-payload	git show f773b3090ffd86cb5600fdaf3aca20ec9cc19606:docs/_framework/System.ComponentModel.e6bm8wniqf.wasm.br
docs/_framework/System.ComponentModel.e6bm8wniqf.wasm.gz	27e1924d24f6ebafdfcf862d955c482a191274b2	1947	compiled-docs-web-payload	git show f773b3090ffd86cb5600fdaf3aca20ec9cc19606:docs/_framework/System.ComponentModel.e6bm8wniqf.wasm.gz
docs/_framework/System.Console.nmhd0c89an.wasm	dc3c783c57ea583f3e8ffb5e415a4a6fbe803aa7	15637	compiled-docs-web-payload	git show f773b3090ffd86cb5600fdaf3aca20ec9cc19606:docs/_framework/System.Console.nmhd0c89an.wasm
docs/_framework/System.Console.nmhd0c89an.wasm.br	1179dfac950510e3b229ebb8d361e87726aeba41	6422	compiled-docs-web-payload	git show f773b3090ffd86cb5600fdaf3aca20ec9cc19606:docs/_framework/System.Console.nmhd0c89an.wasm.br
docs/_framework/System.Console.nmhd0c89an.wasm.gz	7575697b3ad22a2450999c365df4333675fe008b	7642	compiled-docs-web-payload	git show f773b3090ffd86cb5600fdaf3aca20ec9cc19606:docs/_framework/System.Console.nmhd0c89an.wasm.gz
docs/_framework/System.Diagnostics.TraceSource.ic3ek14qde.wasm	98faa9b26c9841f3faac1a9ca0b89f7472aeb1c0	16149	compiled-docs-web-payload	git show f773b3090ffd86cb5600fdaf3aca20ec9cc19606:docs/_framework/System.Diagnostics.TraceSource.ic3ek14qde.wasm
docs/_framework/System.Diagnostics.TraceSource.ic3ek14qde.wasm.br	8fac83dd67936b53bea82d3f8c3b175f7ca9f98d	6922	compiled-docs-web-payload	git show f773b3090ffd86cb5600fdaf3aca20ec9cc19606:docs/_framework/System.Diagnostics.TraceSource.ic3ek14qde.wasm.br
docs/_framework/System.Diagnostics.TraceSource.ic3ek14qde.wasm.gz	71e58dfe118fa2c3c3aa67251b98e4d7622a00f0	7953	compiled-docs-web-payload	git show f773b3090ffd86cb5600fdaf3aca20ec9cc19606:docs/_framework/System.Diagnostics.TraceSource.ic3ek14qde.wasm.gz
docs/_framework/System.IO.Pipelines.s624opig07.wasm	fb1bf5bd4ceaa51d728bf9d8b6aa1d246f2d839b	5909	compiled-docs-web-payload	git show f773b3090ffd86cb5600fdaf3aca20ec9cc19606:docs/_framework/System.IO.Pipelines.s624opig07.wasm
docs/_framework/System.IO.Pipelines.s624opig07.wasm.br	487d2c50cadca8ca0b779a1ea641ac19a8df7b27	2370	compiled-docs-web-payload	git show f773b3090ffd86cb5600fdaf3aca20ec9cc19606:docs/_framework/System.IO.Pipelines.s624opig07.wasm.br
docs/_framework/System.IO.Pipelines.s624opig07.wasm.gz	33a638e7bd7836a7721d5af3ba04b1774638e0c9	2741	compiled-docs-web-payload	git show f773b3090ffd86cb5600fdaf3aca20ec9cc19606:docs/_framework/System.IO.Pipelines.s624opig07.wasm.gz
docs/_framework/System.Linq.Expressions.u2hqqb3hzb.wasm	805bc5853f52ee771ef82660ed42788c44a6f1ba	360725	compiled-docs-web-payload	git show f773b3090ffd86cb5600fdaf3aca20ec9cc19606:docs/_framework/System.Linq.Expressions.u2hqqb3hzb.wasm
docs/_framework/System.Linq.Expressions.u2hqqb3hzb.wasm.br	b7841e0336d34760a77540df88445e45ff4eabef	114148	compiled-docs-web-payload	git show f773b3090ffd86cb5600fdaf3aca20ec9cc19606:docs/_framework/System.Linq.Expressions.u2hqqb3hzb.wasm.br
docs/_framework/System.Linq.Expressions.u2hqqb3hzb.wasm.gz	ffb651f2c660761f8a1322f7eea995ca44490263	139622	compiled-docs-web-payload	git show f773b3090ffd86cb5600fdaf3aca20ec9cc19606:docs/_framework/System.Linq.Expressions.u2hqqb3hzb.wasm.gz
docs/_framework/System.Linq.Queryable.nu83qkgwlw.wasm	edfd34873fb7cf95317fd850e7140478ea00c630	30997	compiled-docs-web-payload	git show f773b3090ffd86cb5600fdaf3aca20ec9cc19606:docs/_framework/System.Linq.Queryable.nu83qkgwlw.wasm
docs/_framework/System.Linq.Queryable.nu83qkgwlw.wasm.br	718f41fa8e5dff1a24b2992a4933ce96496aec32	10777	compiled-docs-web-payload	git show f773b3090ffd86cb5600fdaf3aca20ec9cc19606:docs/_framework/System.Linq.Queryable.nu83qkgwlw.wasm.br
docs/_framework/System.Linq.Queryable.nu83qkgwlw.wasm.gz	2d737b03bf62a897cdb8ef3ce43af72e16cc86f1	12744	compiled-docs-web-payload	git show f773b3090ffd86cb5600fdaf3aca20ec9cc19606:docs/_framework/System.Linq.Queryable.nu83qkgwlw.wasm.gz
docs/_framework/System.Linq.hi94cowmsw.wasm	18d7f094417480d7eff8466090ab9da0bbf328ce	86805	compiled-docs-web-payload	git show f773b3090ffd86cb5600fdaf3aca20ec9cc19606:docs/_framework/System.Linq.hi94cowmsw.wasm
docs/_framework/System.Linq.hi94cowmsw.wasm.br	43838573688bc63d89f43b1b26742971c18d1eca	30602	compiled-docs-web-payload	git show f773b3090ffd86cb5600fdaf3aca20ec9cc19606:docs/_framework/System.Linq.hi94cowmsw.wasm.br
docs/_framework/System.Linq.hi94cowmsw.wasm.gz	2560236a8c858cb727f1919f5e57cb3fa5482781	37099	compiled-docs-web-payload	git show f773b3090ffd86cb5600fdaf3aca20ec9cc19606:docs/_framework/System.Linq.hi94cowmsw.wasm.gz
docs/_framework/System.Memory.x7ua0pxau4.wasm	e7629f2ef41f542d521aec709e45659bc73d8bdd	14613	compiled-docs-web-payload	git show f773b3090ffd86cb5600fdaf3aca20ec9cc19606:docs/_framework/System.Memory.x7ua0pxau4.wasm
docs/_framework/System.Memory.x7ua0pxau4.wasm.br	d8db6232b1152916c74a995d9c0e6767471436e9	6156	compiled-docs-web-payload	git show f773b3090ffd86cb5600fdaf3aca20ec9cc19606:docs/_framework/System.Memory.x7ua0pxau4.wasm.br
docs/_framework/System.Memory.x7ua0pxau4.wasm.gz	f5ef7fe38899894e17e2b841873dc1484a3b6d05	6933	compiled-docs-web-payload	git show f773b3090ffd86cb5600fdaf3aca20ec9cc19606:docs/_framework/System.Memory.x7ua0pxau4.wasm.gz
docs/_framework/System.Net.Http.7igp6ozv68.wasm	81f42105bf0daff447c7306f56ea64b2876dc8b6	7957	compiled-docs-web-payload	git show f773b3090ffd86cb5600fdaf3aca20ec9cc19606:docs/_framework/System.Net.Http.7igp6ozv68.wasm
docs/_framework/System.Net.Http.7igp6ozv68.wasm.br	52c1d53963af183e937b8abff1dce10c1df3a31a	3195	compiled-docs-web-payload	git show f773b3090ffd86cb5600fdaf3aca20ec9cc19606:docs/_framework/System.Net.Http.7igp6ozv68.wasm.br
docs/_framework/System.Net.Http.7igp6ozv68.wasm.gz	d9a077bd74363ed3406ea08c39cc3b372c2b3fd4	3663	compiled-docs-web-payload	git show f773b3090ffd86cb5600fdaf3aca20ec9cc19606:docs/_framework/System.Net.Http.7igp6ozv68.wasm.gz
docs/_framework/System.Net.Primitives.lv8qczx8kq.wasm	7ae276e6a09e74e08e2cb5ba35079265d14ad592	5397	compiled-docs-web-payload	git show f773b3090ffd86cb5600fdaf3aca20ec9cc19606:docs/_framework/System.Net.Primitives.lv8qczx8kq.wasm
docs/_framework/System.Net.Primitives.lv8qczx8kq.wasm.br	7563e28810ba477b6294d98bf2d39f19d37d9667	1903	compiled-docs-web-payload	git show f773b3090ffd86cb5600fdaf3aca20ec9cc19606:docs/_framework/System.Net.Primitives.lv8qczx8kq.wasm.br
docs/_framework/System.Net.Primitives.lv8qczx8kq.wasm.gz	33294132479fbbac806380218d89287889f4e154	2190	compiled-docs-web-payload	git show f773b3090ffd86cb5600fdaf3aca20ec9cc19606:docs/_framework/System.Net.Primitives.lv8qczx8kq.wasm.gz
docs/_framework/System.Net.Requests.2nedp9efct.wasm	d7021f90c75af51e845f06f00e7e943ed2266236	6933	compiled-docs-web-payload	git show f773b3090ffd86cb5600fdaf3aca20ec9cc19606:docs/_framework/System.Net.Requests.2nedp9efct.wasm
docs/_framework/System.Net.Requests.2nedp9efct.wasm.br	5535ef797bd9854f74c42190ed47f10a25d32647	2523	compiled-docs-web-payload	git show f773b3090ffd86cb5600fdaf3aca20ec9cc19606:docs/_framework/System.Net.Requests.2nedp9efct.wasm.br
docs/_framework/System.Net.Requests.2nedp9efct.wasm.gz	8719b1af8d4ae2b58366a19717399832fe6d1720	2952	compiled-docs-web-payload	git show f773b3090ffd86cb5600fdaf3aca20ec9cc19606:docs/_framework/System.Net.Requests.2nedp9efct.wasm.gz
docs/_framework/System.Net.WebClient.dcq6kyxo8y.wasm	b3af67c67f66c9ad6a9c5f923000efcba30b0f4c	6421	compiled-docs-web-payload	git show f773b3090ffd86cb5600fdaf3aca20ec9cc19606:docs/_framework/System.Net.WebClient.dcq6kyxo8y.wasm
docs/_framework/System.Net.WebClient.dcq6kyxo8y.wasm.br	687c765b028a8cde1a34018dfeafb29bff0bbcc3	2240	compiled-docs-web-payload	git show f773b3090ffd86cb5600fdaf3aca20ec9cc19606:docs/_framework/System.Net.WebClient.dcq6kyxo8y.wasm.br
docs/_framework/System.Net.WebClient.dcq6kyxo8y.wasm.gz	f17f4d647c4ba58a5e04dde6aca320e474b01470	2549	compiled-docs-web-payload	git show f773b3090ffd86cb5600fdaf3aca20ec9cc19606:docs/_framework/System.Net.WebClient.dcq6kyxo8y.wasm.gz
docs/_framework/System.Private.CoreLib.7skrd57vcr.wasm	2003d99f44c05b3984f549f67e22a887b46734d7	1759509	compiled-docs-web-payload	git show f773b3090ffd86cb5600fdaf3aca20ec9cc19606:docs/_framework/System.Private.CoreLib.7skrd57vcr.wasm
docs/_framework/System.Private.CoreLib.7skrd57vcr.wasm.br	0a2dc6c47600d51cfc638c928b4a4d9dc72f3eac	545192	compiled-docs-web-payload	git show f773b3090ffd86cb5600fdaf3aca20ec9cc19606:docs/_framework/System.Private.CoreLib.7skrd57vcr.wasm.br
docs/_framework/System.Private.CoreLib.7skrd57vcr.wasm.gz	b9cb43f0d9de7a1102bbf5ceba0b25f1d8aa607b	677575	compiled-docs-web-payload	git show f773b3090ffd86cb5600fdaf3aca20ec9cc19606:docs/_framework/System.Private.CoreLib.7skrd57vcr.wasm.gz
docs/_framework/System.Private.Uri.z5rdduugy0.wasm	f5e5ab5f70b583ab92edc660689280af9902f9df	62741	compiled-docs-web-payload	git show f773b3090ffd86cb5600fdaf3aca20ec9cc19606:docs/_framework/System.Private.Uri.z5rdduugy0.wasm
docs/_framework/System.Private.Uri.z5rdduugy0.wasm.br	38c032259d3949e6128840da131829d0460becf9	25427	compiled-docs-web-payload	git show f773b3090ffd86cb5600fdaf3aca20ec9cc19606:docs/_framework/System.Private.Uri.z5rdduugy0.wasm.br
docs/_framework/System.Private.Uri.z5rdduugy0.wasm.gz	e1346c69af0d0e0e87d9b63adbc1b0eed8356170	28979	compiled-docs-web-payload	git show f773b3090ffd86cb5600fdaf3aca20ec9cc19606:docs/_framework/System.Private.Uri.z5rdduugy0.wasm.gz
docs/_framework/System.Runtime.InteropServices.JavaScript.8iglodhrwt.wasm	c2933e533b8fb546494892a7f7ff47706151e9bb	43285	compiled-docs-web-payload	git show f773b3090ffd86cb5600fdaf3aca20ec9cc19606:docs/_framework/System.Runtime.InteropServices.JavaScript.8iglodhrwt.wasm
docs/_framework/System.Runtime.InteropServices.JavaScript.8iglodhrwt.wasm.br	120bf0482964fa226c8eea0d455c2f4d159e29a2	16746	compiled-docs-web-payload	git show f773b3090ffd86cb5600fdaf3aca20ec9cc19606:docs/_framework/System.Runtime.InteropServices.JavaScript.8iglodhrwt.wasm.br
docs/_framework/System.Runtime.InteropServices.JavaScript.8iglodhrwt.wasm.gz	3c06ab7730b6878d2f4805ab0773c4ecd03912b3	19669	compiled-docs-web-payload	git show f773b3090ffd86cb5600fdaf3aca20ec9cc19606:docs/_framework/System.Runtime.InteropServices.JavaScript.8iglodhrwt.wasm.gz
docs/_framework/System.Runtime.Numerics.wxqp0p55m7.wasm	3eeee1c8d5274387b107545e424909d544578b38	87317	compiled-docs-web-payload	git show f773b3090ffd86cb5600fdaf3aca20ec9cc19606:docs/_framework/System.Runtime.Numerics.wxqp0p55m7.wasm
docs/_framework/System.Runtime.Numerics.wxqp0p55m7.wasm.br	270192a066d7852cecb5ba2a952243e2347a84c0	30797	compiled-docs-web-payload	git show f773b3090ffd86cb5600fdaf3aca20ec9cc19606:docs/_framework/System.Runtime.Numerics.wxqp0p55m7.wasm.br
docs/_framework/System.Runtime.Numerics.wxqp0p55m7.wasm.gz	9ac8734afa0c064f9213051cd5551acefcd1091c	35951	compiled-docs-web-payload	git show f773b3090ffd86cb5600fdaf3aca20ec9cc19606:docs/_framework/System.Runtime.Numerics.wxqp0p55m7.wasm.gz
docs/_framework/System.Runtime.tjgbdaed9k.wasm	69157493ba3815152b4d5b092d1d83584a5048d2	8469	compiled-docs-web-payload	git show f773b3090ffd86cb5600fdaf3aca20ec9cc19606:docs/_framework/System.Runtime.tjgbdaed9k.wasm
docs/_framework/System.Runtime.tjgbdaed9k.wasm.br	949fc3bcdce5e224444eda59c6fa0bf883547336	2651	compiled-docs-web-payload	git show f773b3090ffd86cb5600fdaf3aca20ec9cc19606:docs/_framework/System.Runtime.tjgbdaed9k.wasm.br
docs/_framework/System.Runtime.tjgbdaed9k.wasm.gz	ff4ab60c00a9d15c774c52194c5f3fd51e962073	3098	compiled-docs-web-payload	git show f773b3090ffd86cb5600fdaf3aca20ec9cc19606:docs/_framework/System.Runtime.tjgbdaed9k.wasm.gz
docs/_framework/System.Security.Cryptography.mvynz373qo.wasm	f030afa62fe7377576dbbc61c0f103155a541a5c	6933	compiled-docs-web-payload	git show f773b3090ffd86cb5600fdaf3aca20ec9cc19606:docs/_framework/System.Security.Cryptography.mvynz373qo.wasm
docs/_framework/System.Security.Cryptography.mvynz373qo.wasm.br	faae6e16b91929fd45d466e4fdf11034ccfc1f56	2791	compiled-docs-web-payload	git show f773b3090ffd86cb5600fdaf3aca20ec9cc19606:docs/_framework/System.Security.Cryptography.mvynz373qo.wasm.br
docs/_framework/System.Security.Cryptography.mvynz373qo.wasm.gz	6e43462463b1061ec1b3613b8ffa8f37d25d15b4	3198	compiled-docs-web-payload	git show f773b3090ffd86cb5600fdaf3aca20ec9cc19606:docs/_framework/System.Security.Cryptography.mvynz373qo.wasm.gz
docs/_framework/System.Text.Encodings.Web.paer4h7dy2.wasm	f869d3fbd015c3e5d56824caf235afa6d49557d2	29461	compiled-docs-web-payload	git show f773b3090ffd86cb5600fdaf3aca20ec9cc19606:docs/_framework/System.Text.Encodings.Web.paer4h7dy2.wasm
docs/_framework/System.Text.Encodings.Web.paer4h7dy2.wasm.br	31dc8f62d48034026e9b95a3992f7f21895bc865	9672	compiled-docs-web-payload	git show f773b3090ffd86cb5600fdaf3aca20ec9cc19606:docs/_framework/System.Text.Encodings.Web.paer4h7dy2.wasm.br
docs/_framework/System.Text.Encodings.Web.paer4h7dy2.wasm.gz	1fa94fec0038e9ad112eadcbf49644fb07a097e7	11170	compiled-docs-web-payload	git show f773b3090ffd86cb5600fdaf3aca20ec9cc19606:docs/_framework/System.Text.Encodings.Web.paer4h7dy2.wasm.gz
docs/_framework/System.Text.Json.jtbvvlrba8.wasm	08edcd554ccf2e64d001b6bdd33dcf1d7a92dd9b	386837	compiled-docs-web-payload	git show f773b3090ffd86cb5600fdaf3aca20ec9cc19606:docs/_framework/System.Text.Json.jtbvvlrba8.wasm
docs/_framework/System.Text.Json.jtbvvlrba8.wasm.br	f6f6705fc5d9c078f087c6d73621955d08e0d6a1	128168	compiled-docs-web-payload	git show f773b3090ffd86cb5600fdaf3aca20ec9cc19606:docs/_framework/System.Text.Json.jtbvvlrba8.wasm.br
docs/_framework/System.Text.Json.jtbvvlrba8.wasm.gz	ed7e52455e7c87f6fdfea4d15ce8df3495b68f31	154763	compiled-docs-web-payload	git show f773b3090ffd86cb5600fdaf3aca20ec9cc19606:docs/_framework/System.Text.Json.jtbvvlrba8.wasm.gz
docs/_framework/System.Text.RegularExpressions.w4hpgfy7ok.wasm	9370637d7308a3dab8cd9a50510195bf280bc913	158997	compiled-docs-web-payload	git show f773b3090ffd86cb5600fdaf3aca20ec9cc19606:docs/_framework/System.Text.RegularExpressions.w4hpgfy7ok.wasm
docs/_framework/System.Text.RegularExpressions.w4hpgfy7ok.wasm.br	18d93d1232cc2336d60cbe9413558d430a3ffa5f	57522	compiled-docs-web-payload	git show f773b3090ffd86cb5600fdaf3aca20ec9cc19606:docs/_framework/System.Text.RegularExpressions.w4hpgfy7ok.wasm.br
docs/_framework/System.Text.RegularExpressions.w4hpgfy7ok.wasm.gz	ab07074405474fe949b886bb38d1cfdc50d70a5d	70384	compiled-docs-web-payload	git show f773b3090ffd86cb5600fdaf3aca20ec9cc19606:docs/_framework/System.Text.RegularExpressions.w4hpgfy7ok.wasm.gz
docs/_framework/System.Threading.Tasks.Parallel.a1cifu3yn8.wasm	ca800ace99bd942cabad8519a9f292f9cdc9a00f	13589	compiled-docs-web-payload	git show f773b3090ffd86cb5600fdaf3aca20ec9cc19606:docs/_framework/System.Threading.Tasks.Parallel.a1cifu3yn8.wasm
docs/_framework/System.Threading.Tasks.Parallel.a1cifu3yn8.wasm.br	2f299d8a10590fabd06d050f5c406416feab697f	6157	compiled-docs-web-payload	git show f773b3090ffd86cb5600fdaf3aca20ec9cc19606:docs/_framework/System.Threading.Tasks.Parallel.a1cifu3yn8.wasm.br
docs/_framework/System.Threading.Tasks.Parallel.a1cifu3yn8.wasm.gz	d94d228daca9e63b409d969a208d79bec21fbb96	7016	compiled-docs-web-payload	git show f773b3090ffd86cb5600fdaf3aca20ec9cc19606:docs/_framework/System.Threading.Tasks.Parallel.a1cifu3yn8.wasm.gz
docs/_framework/blazor.webassembly.js	6bb99b02f68dc9116ffc27ee6510cf047b3f7946	60012	compiled-docs-web-payload	git show f773b3090ffd86cb5600fdaf3aca20ec9cc19606:docs/_framework/blazor.webassembly.js
docs/_framework/blazor.webassembly.js.br	16751bab0be495a97af641f750faefc27e30f8c8	16830	compiled-docs-web-payload	git show f773b3090ffd86cb5600fdaf3aca20ec9cc19606:docs/_framework/blazor.webassembly.js.br
docs/_framework/blazor.webassembly.js.gz	505526f3b8d1d70f185989536d9e5dbb4f2706ee	19088	compiled-docs-web-payload	git show f773b3090ffd86cb5600fdaf3aca20ec9cc19606:docs/_framework/blazor.webassembly.js.gz
docs/_framework/cs/FSharp.Core.resources.ua52ttwp06.wasm	e69e2b75fd958cdd99d6f587007a2ee1aef5a9b2	23829	compiled-docs-web-payload	git show f773b3090ffd86cb5600fdaf3aca20ec9cc19606:docs/_framework/cs/FSharp.Core.resources.ua52ttwp06.wasm
docs/_framework/cs/FSharp.Core.resources.ua52ttwp06.wasm.br	128cc644dbe4d23fe1a7d2a6df9d6773ced7602a	7926	compiled-docs-web-payload	git show f773b3090ffd86cb5600fdaf3aca20ec9cc19606:docs/_framework/cs/FSharp.Core.resources.ua52ttwp06.wasm.br
docs/_framework/cs/FSharp.Core.resources.ua52ttwp06.wasm.gz	082cb3d73bab1f8b01668ade3e90b7ff9212a78e	8921	compiled-docs-web-payload	git show f773b3090ffd86cb5600fdaf3aca20ec9cc19606:docs/_framework/cs/FSharp.Core.resources.ua52ttwp06.wasm.gz
docs/_framework/de/FSharp.Core.resources.go62vp4mdw.wasm	a6b1a9d1c89693375b7215885ca8c739c1843ec6	24853	compiled-docs-web-payload	git show f773b3090ffd86cb5600fdaf3aca20ec9cc19606:docs/_framework/de/FSharp.Core.resources.go62vp4mdw.wasm
docs/_framework/de/FSharp.Core.resources.go62vp4mdw.wasm.br	a4099e2576e2a8b436fce58e81097ccd88d66190	7998	compiled-docs-web-payload	git show f773b3090ffd86cb5600fdaf3aca20ec9cc19606:docs/_framework/de/FSharp.Core.resources.go62vp4mdw.wasm.br
docs/_framework/de/FSharp.Core.resources.go62vp4mdw.wasm.gz	670aa8fdde58a089bece572ce4e5ebe0e3e357b4	9009	compiled-docs-web-payload	git show f773b3090ffd86cb5600fdaf3aca20ec9cc19606:docs/_framework/de/FSharp.Core.resources.go62vp4mdw.wasm.gz
docs/_framework/dotnet.js	e6e98d357b6f7bc7b42a35455a2933f8ff1d5b77	57506	compiled-docs-web-payload	git show f773b3090ffd86cb5600fdaf3aca20ec9cc19606:docs/_framework/dotnet.js
docs/_framework/dotnet.js.br	960331bbfb6a7f661871dd3153d037ecb128ee27	15000	compiled-docs-web-payload	git show f773b3090ffd86cb5600fdaf3aca20ec9cc19606:docs/_framework/dotnet.js.br
docs/_framework/dotnet.js.gz	c088f9dd6ec86761c8ec892eef123596b90bba14	17150	compiled-docs-web-payload	git show f773b3090ffd86cb5600fdaf3aca20ec9cc19606:docs/_framework/dotnet.js.gz
docs/_framework/dotnet.native.ikrs475e5v.js	debcce2f787d13df0a774cdb8f20bc525b091203	145050	compiled-docs-web-payload	git show f773b3090ffd86cb5600fdaf3aca20ec9cc19606:docs/_framework/dotnet.native.ikrs475e5v.js
docs/_framework/dotnet.native.ikrs475e5v.js.br	c64da5eb408176b71efe0ab04d76ebbd5ee8bdda	30431	compiled-docs-web-payload	git show f773b3090ffd86cb5600fdaf3aca20ec9cc19606:docs/_framework/dotnet.native.ikrs475e5v.js.br
docs/_framework/dotnet.native.ikrs475e5v.js.gz	225a025f7f22889b79dda620d11d893d62ca95b9	34954	compiled-docs-web-payload	git show f773b3090ffd86cb5600fdaf3aca20ec9cc19606:docs/_framework/dotnet.native.ikrs475e5v.js.gz
docs/_framework/dotnet.native.veuqw8a0w9.wasm	f0942398cead1ea5d38a63e5dfa5460c6ec447bd	3002101	compiled-docs-web-payload	git show f773b3090ffd86cb5600fdaf3aca20ec9cc19606:docs/_framework/dotnet.native.veuqw8a0w9.wasm
docs/_framework/dotnet.native.veuqw8a0w9.wasm.br	fae833126590798f29d030bfc1ae450728dc0459	976645	compiled-docs-web-payload	git show f773b3090ffd86cb5600fdaf3aca20ec9cc19606:docs/_framework/dotnet.native.veuqw8a0w9.wasm.br
docs/_framework/dotnet.native.veuqw8a0w9.wasm.gz	81e8025c1d7d0e33f46b307a48ce77564ddc8b9c	1207895	compiled-docs-web-payload	git show f773b3090ffd86cb5600fdaf3aca20ec9cc19606:docs/_framework/dotnet.native.veuqw8a0w9.wasm.gz
docs/_framework/dotnet.runtime.a6jcqbs390.js	d1af57ce1055b1aa1b47e0e68931072e67cedb3a	198479	compiled-docs-web-payload	git show f773b3090ffd86cb5600fdaf3aca20ec9cc19606:docs/_framework/dotnet.runtime.a6jcqbs390.js
docs/_framework/dotnet.runtime.a6jcqbs390.js.br	d2ff500fb473d36fc59590cded1fd3b843d0900d	47826	compiled-docs-web-payload	git show f773b3090ffd86cb5600fdaf3aca20ec9cc19606:docs/_framework/dotnet.runtime.a6jcqbs390.js.br
docs/_framework/dotnet.runtime.a6jcqbs390.js.gz	36f0dc12e90518634bc5f376ec194ca2041b1cc3	57291	compiled-docs-web-payload	git show f773b3090ffd86cb5600fdaf3aca20ec9cc19606:docs/_framework/dotnet.runtime.a6jcqbs390.js.gz
docs/_framework/es/FSharp.Core.resources.fgufbw6h5q.wasm	604ce101d16e9391cb931980a14e0bd74e869332	23829	compiled-docs-web-payload	git show f773b3090ffd86cb5600fdaf3aca20ec9cc19606:docs/_framework/es/FSharp.Core.resources.fgufbw6h5q.wasm
docs/_framework/es/FSharp.Core.resources.fgufbw6h5q.wasm.br	320931322a6e0c505da22ad58c13309d260e8db9	7468	compiled-docs-web-payload	git show f773b3090ffd86cb5600fdaf3aca20ec9cc19606:docs/_framework/es/FSharp.Core.resources.fgufbw6h5q.wasm.br
docs/_framework/es/FSharp.Core.resources.fgufbw6h5q.wasm.gz	d2efb3ad042b1cba00d02422caa3518424163a3b	8642	compiled-docs-web-payload	git show f773b3090ffd86cb5600fdaf3aca20ec9cc19606:docs/_framework/es/FSharp.Core.resources.fgufbw6h5q.wasm.gz
docs/_framework/fr/FSharp.Core.resources.fmcrnffenm.wasm	bbf14f87e2062949fe498b3aa54689cb861bd315	24341	compiled-docs-web-payload	git show f773b3090ffd86cb5600fdaf3aca20ec9cc19606:docs/_framework/fr/FSharp.Core.resources.fmcrnffenm.wasm
docs/_framework/fr/FSharp.Core.resources.fmcrnffenm.wasm.br	612f25102b221ab6296e2dace157aa4b093dcff5	7723	compiled-docs-web-payload	git show f773b3090ffd86cb5600fdaf3aca20ec9cc19606:docs/_framework/fr/FSharp.Core.resources.fmcrnffenm.wasm.br
docs/_framework/fr/FSharp.Core.resources.fmcrnffenm.wasm.gz	c3cedac6c5b3cd971af721ed74a3c31665e147f0	8702	compiled-docs-web-payload	git show f773b3090ffd86cb5600fdaf3aca20ec9cc19606:docs/_framework/fr/FSharp.Core.resources.fmcrnffenm.wasm.gz
docs/_framework/icudt_CJK.tjcz0u77k5.dat	118a60d568c521b9d2bf9aa73b9f5470d87af5c8	956416	compiled-docs-web-payload	git show f773b3090ffd86cb5600fdaf3aca20ec9cc19606:docs/_framework/icudt_CJK.tjcz0u77k5.dat
docs/_framework/icudt_CJK.tjcz0u77k5.dat.br	8c7651721a771e576446f6e2e5a4c8dbd0d824f5	248840	compiled-docs-web-payload	git show f773b3090ffd86cb5600fdaf3aca20ec9cc19606:docs/_framework/icudt_CJK.tjcz0u77k5.dat.br
docs/_framework/icudt_CJK.tjcz0u77k5.dat.gz	8d50c88005e42049a80e90fd62a379265d85b75b	359741	compiled-docs-web-payload	git show f773b3090ffd86cb5600fdaf3aca20ec9cc19606:docs/_framework/icudt_CJK.tjcz0u77k5.dat.gz
docs/_framework/icudt_EFIGS.tptq2av103.dat	e4c1c910829f3b83b0f1f90ebc2456f7f1547537	550832	compiled-docs-web-payload	git show f773b3090ffd86cb5600fdaf3aca20ec9cc19606:docs/_framework/icudt_EFIGS.tptq2av103.dat
docs/_framework/icudt_EFIGS.tptq2av103.dat.br	d8755b47612284895d844fc2ccbea2e762f38b81	143983	compiled-docs-web-payload	git show f773b3090ffd86cb5600fdaf3aca20ec9cc19606:docs/_framework/icudt_EFIGS.tptq2av103.dat.br
docs/_framework/icudt_EFIGS.tptq2av103.dat.gz	edc67163200142b371f9b9d9c39617fc2efa353d	220093	compiled-docs-web-payload	git show f773b3090ffd86cb5600fdaf3aca20ec9cc19606:docs/_framework/icudt_EFIGS.tptq2av103.dat.gz
docs/_framework/icudt_no_CJK.lfu7j35m59.dat	87b08e08ae179a4e012671b8e66dea82623c519e	1107168	compiled-docs-web-payload	git show f773b3090ffd86cb5600fdaf3aca20ec9cc19606:docs/_framework/icudt_no_CJK.lfu7j35m59.dat
docs/_framework/icudt_no_CJK.lfu7j35m59.dat.br	3acc4ee24762ba96f4044c2e54a8696341f439bc	222250	compiled-docs-web-payload	git show f773b3090ffd86cb5600fdaf3aca20ec9cc19606:docs/_framework/icudt_no_CJK.lfu7j35m59.dat.br
docs/_framework/icudt_no_CJK.lfu7j35m59.dat.gz	6b797ef718236824b2296b772caa44c832d1004f	347783	compiled-docs-web-payload	git show f773b3090ffd86cb5600fdaf3aca20ec9cc19606:docs/_framework/icudt_no_CJK.lfu7j35m59.dat.gz
docs/_framework/it/FSharp.Core.resources.51bkzdbubk.wasm	95f221ae1832e6cfc51cc61424e241f8d1fcc807	23829	compiled-docs-web-payload	git show f773b3090ffd86cb5600fdaf3aca20ec9cc19606:docs/_framework/it/FSharp.Core.resources.51bkzdbubk.wasm
docs/_framework/it/FSharp.Core.resources.51bkzdbubk.wasm.br	cd4cbebd6402ba25e831945811e416f8c87a7070	7584	compiled-docs-web-payload	git show f773b3090ffd86cb5600fdaf3aca20ec9cc19606:docs/_framework/it/FSharp.Core.resources.51bkzdbubk.wasm.br
docs/_framework/it/FSharp.Core.resources.51bkzdbubk.wasm.gz	8bbc40f9258482799d1a4f53b238fb1ca2870aa2	8615	compiled-docs-web-payload	git show f773b3090ffd86cb5600fdaf3aca20ec9cc19606:docs/_framework/it/FSharp.Core.resources.51bkzdbubk.wasm.gz
docs/_framework/ja/FSharp.Core.resources.qby9k91s67.wasm	41e2a49208cfa913f334315a389dfb03b11dc247	26389	compiled-docs-web-payload	git show f773b3090ffd86cb5600fdaf3aca20ec9cc19606:docs/_framework/ja/FSharp.Core.resources.qby9k91s67.wasm
docs/_framework/ja/FSharp.Core.resources.qby9k91s67.wasm.br	ea8b69d927b1c06dde1b282d82b768b1d7442206	7880	compiled-docs-web-payload	git show f773b3090ffd86cb5600fdaf3aca20ec9cc19606:docs/_framework/ja/FSharp.Core.resources.qby9k91s67.wasm.br
docs/_framework/ja/FSharp.Core.resources.qby9k91s67.wasm.gz	1f8b1eb03e4c8806583c7a6679df422c68be76e7	8956	compiled-docs-web-payload	git show f773b3090ffd86cb5600fdaf3aca20ec9cc19606:docs/_framework/ja/FSharp.Core.resources.qby9k91s67.wasm.gz
docs/_framework/ko/FSharp.Core.resources.oim1f9vo2v.wasm	6c025b4ce84f65283002d159fce8f5dec946b05a	25365	compiled-docs-web-payload	git show f773b3090ffd86cb5600fdaf3aca20ec9cc19606:docs/_framework/ko/FSharp.Core.resources.oim1f9vo2v.wasm
docs/_framework/ko/FSharp.Core.resources.oim1f9vo2v.wasm.br	b407fa6e326cfeb35c62a997138eb626cdde6112	7676	compiled-docs-web-payload	git show f773b3090ffd86cb5600fdaf3aca20ec9cc19606:docs/_framework/ko/FSharp.Core.resources.oim1f9vo2v.wasm.br
docs/_framework/ko/FSharp.Core.resources.oim1f9vo2v.wasm.gz	967d567e715a41b8d264997988e34bf35748db26	8711	compiled-docs-web-payload	git show f773b3090ffd86cb5600fdaf3aca20ec9cc19606:docs/_framework/ko/FSharp.Core.resources.oim1f9vo2v.wasm.gz
docs/_framework/netstandard.n1o58mwawm.wasm	3a4a9a969a6a221f2c873175b6dbe6ec7b483ab8	13077	compiled-docs-web-payload	git show f773b3090ffd86cb5600fdaf3aca20ec9cc19606:docs/_framework/netstandard.n1o58mwawm.wasm
docs/_framework/netstandard.n1o58mwawm.wasm.br	3fe3f85cba816a896409519162f4d2b486e5fffb	3792	compiled-docs-web-payload	git show f773b3090ffd86cb5600fdaf3aca20ec9cc19606:docs/_framework/netstandard.n1o58mwawm.wasm.br
docs/_framework/netstandard.n1o58mwawm.wasm.gz	7a838329967ce6ca4981247a3710476b4680e7a4	4557	compiled-docs-web-payload	git show f773b3090ffd86cb5600fdaf3aca20ec9cc19606:docs/_framework/netstandard.n1o58mwawm.wasm.gz
docs/_framework/pl/FSharp.Core.resources.9t2loyqfla.wasm	e7b565a8224573ee53dc6bcf44d76e68ff38ce42	24853	compiled-docs-web-payload	git show f773b3090ffd86cb5600fdaf3aca20ec9cc19606:docs/_framework/pl/FSharp.Core.resources.9t2loyqfla.wasm
docs/_framework/pl/FSharp.Core.resources.9t2loyqfla.wasm.br	ac91917005e7faeaf11960f693224e7323ae1ee2	7955	compiled-docs-web-payload	git show f773b3090ffd86cb5600fdaf3aca20ec9cc19606:docs/_framework/pl/FSharp.Core.resources.9t2loyqfla.wasm.br
docs/_framework/pl/FSharp.Core.resources.9t2loyqfla.wasm.gz	85f65b3c1563af572a146e5c74c9258f9610f91e	9005	compiled-docs-web-payload	git show f773b3090ffd86cb5600fdaf3aca20ec9cc19606:docs/_framework/pl/FSharp.Core.resources.9t2loyqfla.wasm.gz
docs/_framework/pt-BR/FSharp.Core.resources.vxqwp715bw.wasm	093276a8c9acf3c8632d6cfaafd25c5f6eb3598e	23317	compiled-docs-web-payload	git show f773b3090ffd86cb5600fdaf3aca20ec9cc19606:docs/_framework/pt-BR/FSharp.Core.resources.vxqwp715bw.wasm
docs/_framework/pt-BR/FSharp.Core.resources.vxqwp715bw.wasm.br	a90dd435c962bffb2f59c9f3240f0ee00213e9a9	7517	compiled-docs-web-payload	git show f773b3090ffd86cb5600fdaf3aca20ec9cc19606:docs/_framework/pt-BR/FSharp.Core.resources.vxqwp715bw.wasm.br
docs/_framework/pt-BR/FSharp.Core.resources.vxqwp715bw.wasm.gz	f70d0dfe7e94f5f79d1b554f35fe6784f8c8802b	8533	compiled-docs-web-payload	git show f773b3090ffd86cb5600fdaf3aca20ec9cc19606:docs/_framework/pt-BR/FSharp.Core.resources.vxqwp715bw.wasm.gz
docs/_framework/ru/FSharp.Core.resources.0i5x2cyi8z.wasm	7d44201efa9934b4f3a0dcaf88a41e3c807e8c18	30997	compiled-docs-web-payload	git show f773b3090ffd86cb5600fdaf3aca20ec9cc19606:docs/_framework/ru/FSharp.Core.resources.0i5x2cyi8z.wasm
docs/_framework/ru/FSharp.Core.resources.0i5x2cyi8z.wasm.br	1bc734516749519920367f78996862a9d23c679f	8341	compiled-docs-web-payload	git show f773b3090ffd86cb5600fdaf3aca20ec9cc19606:docs/_framework/ru/FSharp.Core.resources.0i5x2cyi8z.wasm.br
docs/_framework/ru/FSharp.Core.resources.0i5x2cyi8z.wasm.gz	cfe3431add1258a0712b33ffd29f65fe56384e78	9653	compiled-docs-web-payload	git show f773b3090ffd86cb5600fdaf3aca20ec9cc19606:docs/_framework/ru/FSharp.Core.resources.0i5x2cyi8z.wasm.gz
docs/_framework/tr/FSharp.Core.resources.ce3ouw5hqp.wasm	696b8f38b09574bedd2c8f9b6397df6f34eb25d9	23317	compiled-docs-web-payload	git show f773b3090ffd86cb5600fdaf3aca20ec9cc19606:docs/_framework/tr/FSharp.Core.resources.ce3ouw5hqp.wasm
docs/_framework/tr/FSharp.Core.resources.ce3ouw5hqp.wasm.br	c7cf6bafd5a3c642851aff17e7f396c8319d685a	7598	compiled-docs-web-payload	git show f773b3090ffd86cb5600fdaf3aca20ec9cc19606:docs/_framework/tr/FSharp.Core.resources.ce3ouw5hqp.wasm.br
docs/_framework/tr/FSharp.Core.resources.ce3ouw5hqp.wasm.gz	1957140ca40de8ce585bb314a0e4b0e6d02fbd9e	8542	compiled-docs-web-payload	git show f773b3090ffd86cb5600fdaf3aca20ec9cc19606:docs/_framework/tr/FSharp.Core.resources.ce3ouw5hqp.wasm.gz
docs/_framework/zh-Hans/FSharp.Core.resources.yw72ollf6o.wasm	6531c8b475d841d371c70a4fdf10f4aacaccefa8	21781	compiled-docs-web-payload	git show f773b3090ffd86cb5600fdaf3aca20ec9cc19606:docs/_framework/zh-Hans/FSharp.Core.resources.yw72ollf6o.wasm
docs/_framework/zh-Hans/FSharp.Core.resources.yw72ollf6o.wasm.br	d036499056c450494c19a375fd8815e1023e8ad4	7226	compiled-docs-web-payload	git show f773b3090ffd86cb5600fdaf3aca20ec9cc19606:docs/_framework/zh-Hans/FSharp.Core.resources.yw72ollf6o.wasm.br
docs/_framework/zh-Hans/FSharp.Core.resources.yw72ollf6o.wasm.gz	087b98baca7695a263792d606aa64e0ecf96236a	8601	compiled-docs-web-payload	git show f773b3090ffd86cb5600fdaf3aca20ec9cc19606:docs/_framework/zh-Hans/FSharp.Core.resources.yw72ollf6o.wasm.gz
docs/_framework/zh-Hant/FSharp.Core.resources.3us0nmi5w5.wasm	25d664fbacf89783af21dc6669f65a8e2d5df768	21269	compiled-docs-web-payload	git show f773b3090ffd86cb5600fdaf3aca20ec9cc19606:docs/_framework/zh-Hant/FSharp.Core.resources.3us0nmi5w5.wasm
docs/_framework/zh-Hant/FSharp.Core.resources.3us0nmi5w5.wasm.br	7755caa057c0acc3602440a264d6a61c4fe146ee	7403	compiled-docs-web-payload	git show f773b3090ffd86cb5600fdaf3aca20ec9cc19606:docs/_framework/zh-Hant/FSharp.Core.resources.3us0nmi5w5.wasm.br
docs/_framework/zh-Hant/FSharp.Core.resources.3us0nmi5w5.wasm.gz	67f6bbe7548881782302da88de0c27b3d39bac4e	8593	compiled-docs-web-payload	git show f773b3090ffd86cb5600fdaf3aca20ec9cc19606:docs/_framework/zh-Hant/FSharp.Core.resources.3us0nmi5w5.wasm.gz
docs/books.json	337e7ba16b0d08b1009ad738633b5b5436b69c36	422	compiled-docs-web-payload	git show f773b3090ffd86cb5600fdaf3aca20ec9cc19606:docs/books.json
docs/books.json.br	b1a1adadee05fba1fa354ef7569a995fcfe048e8	165	compiled-docs-web-payload	git show f773b3090ffd86cb5600fdaf3aca20ec9cc19606:docs/books.json.br
docs/books.json.gz	d7be6cbe28adb2d6d0d2433c92b6a6802c2a7585	186	compiled-docs-web-payload	git show f773b3090ffd86cb5600fdaf3aca20ec9cc19606:docs/books.json.gz
docs/css/index.css	83f08b37f27fa2a2bd09cbf8a656da37b1b76ced	224	compiled-docs-web-payload	git show f773b3090ffd86cb5600fdaf3aca20ec9cc19606:docs/css/index.css
docs/css/index.css.br	a3de38c9131be13b1c8833acc2b801ad228a914f	123	compiled-docs-web-payload	git show f773b3090ffd86cb5600fdaf3aca20ec9cc19606:docs/css/index.css.br
docs/css/index.css.gz	2df84cf319a43c684322aaf5bcb741d064fa1e8b	159	compiled-docs-web-payload	git show f773b3090ffd86cb5600fdaf3aca20ec9cc19606:docs/css/index.css.gz
docs/favicon.ico	a3a799985c43bc7309d701b2cad129023377dc71	32038	compiled-docs-web-payload	git show f773b3090ffd86cb5600fdaf3aca20ec9cc19606:docs/favicon.ico
docs/favicon.ico.br	d8574737db2c190a150c52d0203fd1d47b059752	7554	compiled-docs-web-payload	git show f773b3090ffd86cb5600fdaf3aca20ec9cc19606:docs/favicon.ico.br
docs/favicon.ico.gz	5c626e292f5db74a6d66c7072bb4a4de34eff77f	9541	compiled-docs-web-payload	git show f773b3090ffd86cb5600fdaf3aca20ec9cc19606:docs/favicon.ico.gz
docs/index.html	f5219532652654fbf1ac2dac7b6dcfcceaf90de3	1641	compiled-docs-web-payload	git show f773b3090ffd86cb5600fdaf3aca20ec9cc19606:docs/index.html
docs/index.html.br	8d22d76afebc8a32d682ec4997da0ecb6065f059	456	compiled-docs-web-payload	git show f773b3090ffd86cb5600fdaf3aca20ec9cc19606:docs/index.html.br
docs/index.html.gz	5c5f90167e303f3ab90295da70bce48f52a905a2	638	compiled-docs-web-payload	git show f773b3090ffd86cb5600fdaf3aca20ec9cc19606:docs/index.html.gz
docs/main.html	1ed6de39faad2c57c9220d4740130e8e71a496c4	2866	compiled-docs-web-payload	git show f773b3090ffd86cb5600fdaf3aca20ec9cc19606:docs/main.html
docs/main.html.br	f3b9074c08d0d208c104b53921b4b9cf89d6955a	716	compiled-docs-web-payload	git show f773b3090ffd86cb5600fdaf3aca20ec9cc19606:docs/main.html.br
docs/main.html.gz	f428d1e763039cf98d6082cec7041f123d617bb9	914	compiled-docs-web-payload	git show f773b3090ffd86cb5600fdaf3aca20ec9cc19606:docs/main.html.gz
e2e/failure.png	32609a05b9808f2ca98fe1f2070ca73db58ee459	13716	failed-run-screenshot	git show f773b3090ffd86cb5600fdaf3aca20ec9cc19606:e2e/failure.png
e2e/node_modules/.bin/nanoid	e2be547bcb206b59b72832a11187f6236a5a48ce	24	vendored-node-dependencies	git show f773b3090ffd86cb5600fdaf3aca20ec9cc19606:e2e/node_modules/.bin/nanoid
e2e/node_modules/.bin/playwright	c30d07fabccfff12a8e66377337616ad37519ce5	26	vendored-node-dependencies	git show f773b3090ffd86cb5600fdaf3aca20ec9cc19606:e2e/node_modules/.bin/playwright
e2e/node_modules/.bin/playwright-core	08d6c281e9b597facd50d763be4d80dced0e7806	25	vendored-node-dependencies	git show f773b3090ffd86cb5600fdaf3aca20ec9cc19606:e2e/node_modules/.bin/playwright-core
e2e/node_modules/.bin/rolldown	7725012cee727939b4a77d3a098b510f34d4b531	23	vendored-node-dependencies	git show f773b3090ffd86cb5600fdaf3aca20ec9cc19606:e2e/node_modules/.bin/rolldown
e2e/node_modules/.bin/vite	6d1e3beaf6975f3bc28a5345e4154abe2711a26a	19	vendored-node-dependencies	git show f773b3090ffd86cb5600fdaf3aca20ec9cc19606:e2e/node_modules/.bin/vite
e2e/node_modules/.bin/vitest	22734979454efddd79b28fc6f87833984ccd4179	20	vendored-node-dependencies	git show f773b3090ffd86cb5600fdaf3aca20ec9cc19606:e2e/node_modules/.bin/vitest
e2e/node_modules/.bin/why-is-node-running	f08a594c7542dad1453548b8aeecc1ed0c67b793	29	vendored-node-dependencies	git show f773b3090ffd86cb5600fdaf3aca20ec9cc19606:e2e/node_modules/.bin/why-is-node-running
e2e/node_modules/.package-lock.json	a91ca7757a4f30686c3700dfe2cc28a076cfbaba	25853	vendored-node-dependencies	git show f773b3090ffd86cb5600fdaf3aca20ec9cc19606:e2e/node_modules/.package-lock.json
e2e/node_modules/.vite/vitest/da39a3ee5e6b4b0d3255bfef95601890afd80709/results.json	d8a440598fe0ecc616996ff3af811829dd4a7f60	157	vendored-node-dependencies	git show f773b3090ffd86cb5600fdaf3aca20ec9cc19606:e2e/node_modules/.vite/vitest/da39a3ee5e6b4b0d3255bfef95601890afd80709/results.json
e2e/node_modules/@jridgewell/sourcemap-codec/LICENSE	1f6ce94c11912496b96298630d84753dbf593a7d	1080	vendored-node-dependencies	git show f773b3090ffd86cb5600fdaf3aca20ec9cc19606:e2e/node_modules/@jridgewell/sourcemap-codec/LICENSE
e2e/node_modules/@jridgewell/sourcemap-codec/README.md	b3e0708bf93737649c24aefc0cf216f23905908e	10051	vendored-node-dependencies	git show f773b3090ffd86cb5600fdaf3aca20ec9cc19606:e2e/node_modules/@jridgewell/sourcemap-codec/README.md
e2e/node_modules/@jridgewell/sourcemap-codec/dist/sourcemap-codec.mjs	532bab39f010d1ce7988e3ae3f7e23a28d5a43a5	12869	vendored-node-dependencies	git show f773b3090ffd86cb5600fdaf3aca20ec9cc19606:e2e/node_modules/@jridgewell/sourcemap-codec/dist/sourcemap-codec.mjs
e2e/node_modules/@jridgewell/sourcemap-codec/dist/sourcemap-codec.mjs.map	c276844b25973802e167a1da9521f7b54f058b72	9612	vendored-node-dependencies	git show f773b3090ffd86cb5600fdaf3aca20ec9cc19606:e2e/node_modules/@jridgewell/sourcemap-codec/dist/sourcemap-codec.mjs.map
e2e/node_modules/@jridgewell/sourcemap-codec/dist/sourcemap-codec.umd.js	2d8e459f3e2f952d02a62b795bab39252a81d481	14590	vendored-node-dependencies	git show f773b3090ffd86cb5600fdaf3aca20ec9cc19606:e2e/node_modules/@jridgewell/sourcemap-codec/dist/sourcemap-codec.umd.js
e2e/node_modules/@jridgewell/sourcemap-codec/dist/sourcemap-codec.umd.js.map	abc18d286e183092e99784dedb2651c3a551c20d	9700	vendored-node-dependencies	git show f773b3090ffd86cb5600fdaf3aca20ec9cc19606:e2e/node_modules/@jridgewell/sourcemap-codec/dist/sourcemap-codec.umd.js.map
e2e/node_modules/@jridgewell/sourcemap-codec/package.json	da551376440ae3d77c4159d2385403459a4f447f	2150	vendored-node-dependencies	git show f773b3090ffd86cb5600fdaf3aca20ec9cc19606:e2e/node_modules/@jridgewell/sourcemap-codec/package.json
e2e/node_modules/@jridgewell/sourcemap-codec/src/scopes.ts	d194c2f0a66567fdc42e7d4bddc79a5e5d1ad005	9713	vendored-node-dependencies	git show f773b3090ffd86cb5600fdaf3aca20ec9cc19606:e2e/node_modules/@jridgewell/sourcemap-codec/src/scopes.ts
e2e/node_modules/@jridgewell/sourcemap-codec/src/sourcemap-codec.ts	a81f894dc1f18937c58978ee1351b6e70bbc8c86	3203	vendored-node-dependencies	git show f773b3090ffd86cb5600fdaf3aca20ec9cc19606:e2e/node_modules/@jridgewell/sourcemap-codec/src/sourcemap-codec.ts
e2e/node_modules/@jridgewell/sourcemap-codec/src/strings.ts	d1619650ea773450fe1febaf6a1354c4022f04b6	1503	vendored-node-dependencies	git show f773b3090ffd86cb5600fdaf3aca20ec9cc19606:e2e/node_modules/@jridgewell/sourcemap-codec/src/strings.ts
e2e/node_modules/@jridgewell/sourcemap-codec/src/vlq.ts	a42c681511bbec0faecd9aeb9e6e7d5dbea0e391	1387	vendored-node-dependencies	git show f773b3090ffd86cb5600fdaf3aca20ec9cc19606:e2e/node_modules/@jridgewell/sourcemap-codec/src/vlq.ts
e2e/node_modules/@jridgewell/sourcemap-codec/types/scopes.d.cts	c583c7560dece416257b832315f89fa58f32c782	1151	vendored-node-dependencies	git show f773b3090ffd86cb5600fdaf3aca20ec9cc19606:e2e/node_modules/@jridgewell/sourcemap-codec/types/scopes.d.cts
e2e/node_modules/@jridgewell/sourcemap-codec/types/scopes.d.cts.map	630e6477b73f115c0f660fe2b50b8acb36b54a61	1348	vendored-node-dependencies	git show f773b3090ffd86cb5600fdaf3aca20ec9cc19606:e2e/node_modules/@jridgewell/sourcemap-codec/types/scopes.d.cts.map
e2e/node_modules/@jridgewell/sourcemap-codec/types/scopes.d.mts	c583c7560dece416257b832315f89fa58f32c782	1151	vendored-node-dependencies	git show f773b3090ffd86cb5600fdaf3aca20ec9cc19606:e2e/node_modules/@jridgewell/sourcemap-codec/types/scopes.d.mts
e2e/node_modules/@jridgewell/sourcemap-codec/types/scopes.d.mts.map	630e6477b73f115c0f660fe2b50b8acb36b54a61	1348	vendored-node-dependencies	git show f773b3090ffd86cb5600fdaf3aca20ec9cc19606:e2e/node_modules/@jridgewell/sourcemap-codec/types/scopes.d.mts.map
e2e/node_modules/@jridgewell/sourcemap-codec/types/sourcemap-codec.d.cts	5f35e22fbd820a22774712e8ee9a143198181570	699	vendored-node-dependencies	git show f773b3090ffd86cb5600fdaf3aca20ec9cc19606:e2e/node_modules/@jridgewell/sourcemap-codec/types/sourcemap-codec.d.cts
e2e/node_modules/@jridgewell/sourcemap-codec/types/sourcemap-codec.d.cts.map	7123d5208334960664abfaae0e5b663819462c0b	705	vendored-node-dependencies	git show f773b3090ffd86cb5600fdaf3aca20ec9cc19606:e2e/node_modules/@jridgewell/sourcemap-codec/types/sourcemap-codec.d.cts.map
e2e/node_modules/@jridgewell/sourcemap-codec/types/sourcemap-codec.d.mts	199fb9f534fe625d4c18c27c2b79e2309708279c	699	vendored-node-dependencies	git show f773b3090ffd86cb5600fdaf3aca20ec9cc19606:e2e/node_modules/@jridgewell/sourcemap-codec/types/sourcemap-codec.d.mts
e2e/node_modules/@jridgewell/sourcemap-codec/types/sourcemap-codec.d.mts.map	7123d5208334960664abfaae0e5b663819462c0b	705	vendored-node-dependencies	git show f773b3090ffd86cb5600fdaf3aca20ec9cc19606:e2e/node_modules/@jridgewell/sourcemap-codec/types/sourcemap-codec.d.mts.map
e2e/node_modules/@jridgewell/sourcemap-codec/types/strings.d.cts	62faceb3de9c90532158206c1ab55ee35ac24a89	361	vendored-node-dependencies	git show f773b3090ffd86cb5600fdaf3aca20ec9cc19606:e2e/node_modules/@jridgewell/sourcemap-codec/types/strings.d.cts
e2e/node_modules/@jridgewell/sourcemap-codec/types/strings.d.cts.map	d3602da4257449b6145da1bcaf14314073d6f31a	422	vendored-node-dependencies	git show f773b3090ffd86cb5600fdaf3aca20ec9cc19606:e2e/node_modules/@jridgewell/sourcemap-codec/types/strings.d.cts.map
e2e/node_modules/@jridgewell/sourcemap-codec/types/strings.d.mts	62faceb3de9c90532158206c1ab55ee35ac24a89	361	vendored-node-dependencies	git show f773b3090ffd86cb5600fdaf3aca20ec9cc19606:e2e/node_modules/@jridgewell/sourcemap-codec/types/strings.d.mts
e2e/node_modules/@jridgewell/sourcemap-codec/types/strings.d.mts.map	d3602da4257449b6145da1bcaf14314073d6f31a	422	vendored-node-dependencies	git show f773b3090ffd86cb5600fdaf3aca20ec9cc19606:e2e/node_modules/@jridgewell/sourcemap-codec/types/strings.d.mts.map
e2e/node_modules/@jridgewell/sourcemap-codec/types/vlq.d.cts	dbd6602d1876df8089ce52b3309b340d1a088555	442	vendored-node-dependencies	git show f773b3090ffd86cb5600fdaf3aca20ec9cc19606:e2e/node_modules/@jridgewell/sourcemap-codec/types/vlq.d.cts
e2e/node_modules/@jridgewell/sourcemap-codec/types/vlq.d.cts.map	6fdc356977cc89df14692e21863ed6724b63a0fc	449	vendored-node-dependencies	git show f773b3090ffd86cb5600fdaf3aca20ec9cc19606:e2e/node_modules/@jridgewell/sourcemap-codec/types/vlq.d.cts.map
e2e/node_modules/@jridgewell/sourcemap-codec/types/vlq.d.mts	2c739bc9fedb038a659a85726a98af7c5f32c5da	442	vendored-node-dependencies	git show f773b3090ffd86cb5600fdaf3aca20ec9cc19606:e2e/node_modules/@jridgewell/sourcemap-codec/types/vlq.d.mts
e2e/node_modules/@jridgewell/sourcemap-codec/types/vlq.d.mts.map	6fdc356977cc89df14692e21863ed6724b63a0fc	449	vendored-node-dependencies	git show f773b3090ffd86cb5600fdaf3aca20ec9cc19606:e2e/node_modules/@jridgewell/sourcemap-codec/types/vlq.d.mts.map
e2e/node_modules/@oxc-project/types/LICENSE	444bffc00e5190817c0092e5e6fde787102977d2	1119	vendored-node-dependencies	git show f773b3090ffd86cb5600fdaf3aca20ec9cc19606:e2e/node_modules/@oxc-project/types/LICENSE
e2e/node_modules/@oxc-project/types/README.md	d5b248ac3fc1e8673b6fc55bda1c04e9a0464d02	55	vendored-node-dependencies	git show f773b3090ffd86cb5600fdaf3aca20ec9cc19606:e2e/node_modules/@oxc-project/types/README.md
e2e/node_modules/@oxc-project/types/package.json	1dc42238e75cd151e2080099c5d1f6a6f5ee6261	577	vendored-node-dependencies	git show f773b3090ffd86cb5600fdaf3aca20ec9cc19606:e2e/node_modules/@oxc-project/types/package.json
e2e/node_modules/@oxc-project/types/types.d.ts	0da53b62b1e63c7f46611c0a2ab40be9530a2b06	42826	vendored-node-dependencies	git show f773b3090ffd86cb5600fdaf3aca20ec9cc19606:e2e/node_modules/@oxc-project/types/types.d.ts
e2e/node_modules/@playwright/test/LICENSE	df112373eb2e23e459bf93ec412be1764dc5a38b	11601	vendored-node-dependencies	git show f773b3090ffd86cb5600fdaf3aca20ec9cc19606:e2e/node_modules/@playwright/test/LICENSE
e2e/node_modules/@playwright/test/NOTICE	814ec1696f7ad36c1b524fb6adeef14b4b367fec	254	vendored-node-dependencies	git show f773b3090ffd86cb5600fdaf3aca20ec9cc19606:e2e/node_modules/@playwright/test/NOTICE
e2e/node_modules/@playwright/test/README.md	d3abb8ffa03be5735676d55bc0596fdc402dbf9f	11282	vendored-node-dependencies	git show f773b3090ffd86cb5600fdaf3aca20ec9cc19606:e2e/node_modules/@playwright/test/README.md
e2e/node_modules/@playwright/test/cli.js	e42facb076f4b05f009186346d05d39c2d9b784d	707	vendored-node-dependencies	git show f773b3090ffd86cb5600fdaf3aca20ec9cc19606:e2e/node_modules/@playwright/test/cli.js
e2e/node_modules/@playwright/test/index.d.ts	8d99c91500c65b4b9d762b900dedf5e6000cf257	679	vendored-node-dependencies	git show f773b3090ffd86cb5600fdaf3aca20ec9cc19606:e2e/node_modules/@playwright/test/index.d.ts
e2e/node_modules/@playwright/test/index.js	8536f063904ffa04a91240061ce1cf2c4c855b79	648	vendored-node-dependencies	git show f773b3090ffd86cb5600fdaf3aca20ec9cc19606:e2e/node_modules/@playwright/test/index.js
e2e/node_modules/@playwright/test/index.mjs	8d99c91500c65b4b9d762b900dedf5e6000cf257	679	vendored-node-dependencies	git show f773b3090ffd86cb5600fdaf3aca20ec9cc19606:e2e/node_modules/@playwright/test/index.mjs
e2e/node_modules/@playwright/test/package.json	385f2efa23397606e2dc5326a3e62f087b948ce3	754	vendored-node-dependencies	git show f773b3090ffd86cb5600fdaf3aca20ec9cc19606:e2e/node_modules/@playwright/test/package.json
e2e/node_modules/@playwright/test/reporter.d.ts	806d13fb09e73f0dc1f4e129a2889b9e6bac3a8d	650	vendored-node-dependencies	git show f773b3090ffd86cb5600fdaf3aca20ec9cc19606:e2e/node_modules/@playwright/test/reporter.d.ts
e2e/node_modules/@playwright/test/reporter.js	485e880a66229eb7290fd274e35b8acf4a4a8ecd	645	vendored-node-dependencies	git show f773b3090ffd86cb5600fdaf3aca20ec9cc19606:e2e/node_modules/@playwright/test/reporter.js
e2e/node_modules/@playwright/test/reporter.mjs	485e880a66229eb7290fd274e35b8acf4a4a8ecd	645	vendored-node-dependencies	git show f773b3090ffd86cb5600fdaf3aca20ec9cc19606:e2e/node_modules/@playwright/test/reporter.mjs
e2e/node_modules/@rolldown/binding-linux-x64-gnu/README.md	deea4245fbe3ad75f5c8103a60b755f2b9928e92	109	vendored-node-dependencies	git show f773b3090ffd86cb5600fdaf3aca20ec9cc19606:e2e/node_modules/@rolldown/binding-linux-x64-gnu/README.md
e2e/node_modules/@rolldown/binding-linux-x64-gnu/package.json	c08d683db0f53920e1e677d70b7e2c1d696c8cad	808	vendored-node-dependencies	git show f773b3090ffd86cb5600fdaf3aca20ec9cc19606:e2e/node_modules/@rolldown/binding-linux-x64-gnu/package.json
e2e/node_modules/@rolldown/binding-linux-x64-gnu/rolldown-binding.linux-x64-gnu.node	6b5758ba5e45e5d95fea98ddf9cb4c0f98e15a1f	19129984	vendored-node-dependencies	git show f773b3090ffd86cb5600fdaf3aca20ec9cc19606:e2e/node_modules/@rolldown/binding-linux-x64-gnu/rolldown-binding.linux-x64-gnu.node
e2e/node_modules/@rolldown/pluginutils/LICENSE	708388ce4f902bba3e4cc37dc2bad680c2416017	1106	vendored-node-dependencies	git show f773b3090ffd86cb5600fdaf3aca20ec9cc19606:e2e/node_modules/@rolldown/pluginutils/LICENSE
e2e/node_modules/@rolldown/pluginutils/README.md	7d4d5a58d39428c7b404a41a4c154b935b3bbc7d	6177	vendored-node-dependencies	git show f773b3090ffd86cb5600fdaf3aca20ec9cc19606:e2e/node_modules/@rolldown/pluginutils/README.md
e2e/node_modules/@rolldown/pluginutils/dist/filter-B_mD-HGz.mjs	e3bba27924cad0a5a83763fe8829c9ab437ce60d	9099	vendored-node-dependencies	git show f773b3090ffd86cb5600fdaf3aca20ec9cc19606:e2e/node_modules/@rolldown/pluginutils/dist/filter-B_mD-HGz.mjs
e2e/node_modules/@rolldown/pluginutils/dist/filter/index.d.mts	d7f4b50272a197bcbb7dedc04ce2a069b070e1fd	6612	vendored-node-dependencies	git show f773b3090ffd86cb5600fdaf3aca20ec9cc19606:e2e/node_modules/@rolldown/pluginutils/dist/filter/index.d.mts
e2e/node_modules/@rolldown/pluginutils/dist/filter/index.mjs	c197199777314d44ff4b3503a093141cec74a93e	550	vendored-node-dependencies	git show f773b3090ffd86cb5600fdaf3aca20ec9cc19606:e2e/node_modules/@rolldown/pluginutils/dist/filter/index.mjs
e2e/node_modules/@rolldown/pluginutils/dist/index.d.mts	91d7daa3bfef8f89b698369e72000ff95a566608	625	vendored-node-dependencies	git show f773b3090ffd86cb5600fdaf3aca20ec9cc19606:e2e/node_modules/@rolldown/pluginutils/dist/index.d.mts
e2e/node_modules/@rolldown/pluginutils/dist/index.mjs	2b584aa60edd42d5c81e32d08e89f2811bd2129d	549	vendored-node-dependencies	git show f773b3090ffd86cb5600fdaf3aca20ec9cc19606:e2e/node_modules/@rolldown/pluginutils/dist/index.mjs
e2e/node_modules/@rolldown/pluginutils/package.json	0ab873325f145e1f0ad8f9976aeea89bfb23a2c5	975	vendored-node-dependencies	git show f773b3090ffd86cb5600fdaf3aca20ec9cc19606:e2e/node_modules/@rolldown/pluginutils/package.json
e2e/node_modules/@standard-schema/spec/LICENSE	ea54e0ddad405b2ee635d687a876613214160ba2	1071	vendored-node-dependencies	git show f773b3090ffd86cb5600fdaf3aca20ec9cc19606:e2e/node_modules/@standard-schema/spec/LICENSE
e2e/node_modules/@standard-schema/spec/README.md	f9813ffa878e7914dc2928ab13db856850e8d83e	7551	vendored-node-dependencies	git show f773b3090ffd86cb5600fdaf3aca20ec9cc19606:e2e/node_modules/@standard-schema/spec/README.md
e2e/node_modules/@standard-schema/spec/dist/index.cjs	321666eb3e061c8fa6e38f0d5ce040591cd19da4	754	vendored-node-dependencies	git show f773b3090ffd86cb5600fdaf3aca20ec9cc19606:e2e/node_modules/@standard-schema/spec/dist/index.cjs
e2e/node_modules/@standard-schema/spec/dist/index.d.cts	5e4acaad22d61471cc675bd4a1c776eb96b38ce1	6056	vendored-node-dependencies	git show f773b3090ffd86cb5600fdaf3aca20ec9cc19606:e2e/node_modules/@standard-schema/spec/dist/index.d.cts
e2e/node_modules/@standard-schema/spec/dist/index.d.ts	5e4acaad22d61471cc675bd4a1c776eb96b38ce1	6056	vendored-node-dependencies	git show f773b3090ffd86cb5600fdaf3aca20ec9cc19606:e2e/node_modules/@standard-schema/spec/dist/index.d.ts
e2e/node_modules/@standard-schema/spec/dist/index.js	e69de29bb2d1d6434b8b29ae775ad8c2e48c5391	0	vendored-node-dependencies	git show f773b3090ffd86cb5600fdaf3aca20ec9cc19606:e2e/node_modules/@standard-schema/spec/dist/index.js
e2e/node_modules/@standard-schema/spec/package.json	62bb5518706bf743a2140f03aa5271507ae9bcdf	1146	vendored-node-dependencies	git show f773b3090ffd86cb5600fdaf3aca20ec9cc19606:e2e/node_modules/@standard-schema/spec/package.json
e2e/node_modules/@types/chai/LICENSE	9e841e7a26e4eb057b24511e7b92d42b257a80e5	1141	vendored-node-dependencies	git show f773b3090ffd86cb5600fdaf3aca20ec9cc19606:e2e/node_modules/@types/chai/LICENSE
e2e/node_modules/@types/chai/README.md	27c1356787f5bcbfe717ff68f4432722535f25ee	1009	vendored-node-dependencies	git show f773b3090ffd86cb5600fdaf3aca20ec9cc19606:e2e/node_modules/@types/chai/README.md
e2e/node_modules/@types/chai/index.d.ts	4fed6b906ef0d56b429ccaa9e2804915175e6f7e	87485	vendored-node-dependencies	git show f773b3090ffd86cb5600fdaf3aca20ec9cc19606:e2e/node_modules/@types/chai/index.d.ts
e2e/node_modules/@types/chai/package.json	7aec8d1c6a5bb77179f810e2bdf2c560f613aa69	2284	vendored-node-dependencies	git show f773b3090ffd86cb5600fdaf3aca20ec9cc19606:e2e/node_modules/@types/chai/package.json
e2e/node_modules/@types/chai/register-should.d.ts	1e14f93b30749b96cc8153df52e4ab247597114c	92	vendored-node-dependencies	git show f773b3090ffd86cb5600fdaf3aca20ec9cc19606:e2e/node_modules/@types/chai/register-should.d.ts
e2e/node_modules/@types/deep-eql/LICENSE	9e841e7a26e4eb057b24511e7b92d42b257a80e5	1141	vendored-node-dependencies	git show f773b3090ffd86cb5600fdaf3aca20ec9cc19606:e2e/node_modules/@types/deep-eql/LICENSE
e2e/node_modules/@types/deep-eql/README.md	48d96fc640646ee93d86361629362e069b02d943	1712	vendored-node-dependencies	git show f773b3090ffd86cb5600fdaf3aca20ec9cc19606:e2e/node_modules/@types/deep-eql/README.md
e2e/node_modules/@types/deep-eql/index.d.ts	0cdbefe9301da39d735b3ea6f4a49b89fe7e3a53	1117	vendored-node-dependencies	git show f773b3090ffd86cb5600fdaf3aca20ec9cc19606:e2e/node_modules/@types/deep-eql/index.d.ts
e2e/node_modules/@types/deep-eql/package.json	876158157acfa7714bd4716d9a49781d906b682a	792	vendored-node-dependencies	git show f773b3090ffd86cb5600fdaf3aca20ec9cc19606:e2e/node_modules/@types/deep-eql/package.json
e2e/node_modules/@types/estree/LICENSE	9e841e7a26e4eb057b24511e7b92d42b257a80e5	1141	vendored-node-dependencies	git show f773b3090ffd86cb5600fdaf3aca20ec9cc19606:e2e/node_modules/@types/estree/LICENSE
e2e/node_modules/@types/estree/README.md	3e3e70f01583cd5430652cfa6db8f08d309d37b5	458	vendored-node-dependencies	git show f773b3090ffd86cb5600fdaf3aca20ec9cc19606:e2e/node_modules/@types/estree/README.md
e2e/node_modules/@types/estree/flow.d.ts	9d001a92b55a9323e827ee90ef353df47f3c2fa0	4801	vendored-node-dependencies	git show f773b3090ffd86cb5600fdaf3aca20ec9cc19606:e2e/node_modules/@types/estree/flow.d.ts
e2e/node_modules/@types/estree/index.d.ts	7d4ab36f42613e5314fec0a386ac49aa5262b172	18924	vendored-node-dependencies	git show f773b3090ffd86cb5600fdaf3aca20ec9cc19606:e2e/node_modules/@types/estree/index.d.ts
e2e/node_modules/@types/estree/package.json	367a5d94af266a93e60d5c48d9400a948f120762	829	vendored-node-dependencies	git show f773b3090ffd86cb5600fdaf3aca20ec9cc19606:e2e/node_modules/@types/estree/package.json
e2e/node_modules/@vitest/expect/LICENSE	0e5771dddf4e96ebc77c349f53fc763b910e63c0	1102	vendored-node-dependencies	git show f773b3090ffd86cb5600fdaf3aca20ec9cc19606:e2e/node_modules/@vitest/expect/LICENSE
e2e/node_modules/@vitest/expect/README.md	d3c72567dfa1801afc71d2118d76c7b8e521b88a	699	vendored-node-dependencies	git show f773b3090ffd86cb5600fdaf3aca20ec9cc19606:e2e/node_modules/@vitest/expect/README.md
e2e/node_modules/@vitest/expect/dist/index.d.ts	ede7017e89f244d770531f98db1d61a42e96102b	31498	vendored-node-dependencies	git show f773b3090ffd86cb5600fdaf3aca20ec9cc19606:e2e/node_modules/@vitest/expect/dist/index.d.ts
e2e/node_modules/@vitest/expect/dist/index.js	82366c6b2f80e94c32464f6c5658168a044e551a	72296	vendored-node-dependencies	git show f773b3090ffd86cb5600fdaf3aca20ec9cc19606:e2e/node_modules/@vitest/expect/dist/index.js
e2e/node_modules/@vitest/expect/package.json	37a263c151f1cb445345e02197b1a3dfc1eab7ae	1161	vendored-node-dependencies	git show f773b3090ffd86cb5600fdaf3aca20ec9cc19606:e2e/node_modules/@vitest/expect/package.json
e2e/node_modules/@vitest/mocker/LICENSE	0e5771dddf4e96ebc77c349f53fc763b910e63c0	1102	vendored-node-dependencies	git show f773b3090ffd86cb5600fdaf3aca20ec9cc19606:e2e/node_modules/@vitest/mocker/LICENSE
e2e/node_modules/@vitest/mocker/README.md	dae8292f63da0913249fd1866f1479a26c30218f	349	vendored-node-dependencies	git show f773b3090ffd86cb5600fdaf3aca20ec9cc19606:e2e/node_modules/@vitest/mocker/README.md
e2e/node_modules/@vitest/mocker/dist/auto-register.d.ts	04fa25ee334992cbf00ef704b80e520f8d2b1040	13	vendored-node-dependencies	git show f773b3090ffd86cb5600fdaf3aca20ec9cc19606:e2e/node_modules/@vitest/mocker/dist/auto-register.d.ts
e2e/node_modules/@vitest/mocker/dist/auto-register.js	5e80823e318a07e3b383fb31cacd1a0e3f413efd	370	vendored-node-dependencies	git show f773b3090ffd86cb5600fdaf3aca20ec9cc19606:e2e/node_modules/@vitest/mocker/dist/auto-register.js
e2e/node_modules/@vitest/mocker/dist/automock.d.ts	23daf27b77cb81bef9fef4da0e143eb389a45d91	368	vendored-node-dependencies	git show f773b3090ffd86cb5600fdaf3aca20ec9cc19606:e2e/node_modules/@vitest/mocker/dist/automock.d.ts
e2e/node_modules/@vitest/mocker/dist/automock.js	d8d1fbf77ea369ffad050c60194d155c79dda9ae	214	vendored-node-dependencies	git show f773b3090ffd86cb5600fdaf3aca20ec9cc19606:e2e/node_modules/@vitest/mocker/dist/automock.js
e2e/node_modules/@vitest/mocker/dist/browser.d.ts	edbf53bc18c9587ec142d69610a59a2dfc88628c	2064	vendored-node-dependencies	git show f773b3090ffd86cb5600fdaf3aca20ec9cc19606:e2e/node_modules/@vitest/mocker/dist/browser.d.ts
e2e/node_modules/@vitest/mocker/dist/browser.js	0c29c0624d3ef87310ef73667f73a56d7fc3d706	3096	vendored-node-dependencies	git show f773b3090ffd86cb5600fdaf3aca20ec9cc19606:e2e/node_modules/@vitest/mocker/dist/browser.js
e2e/node_modules/@vitest/mocker/dist/chunk-automock.js	1639d2880f8d19dbf21f4bb667aec2d2af14d548	66035	vendored-node-dependencies	git show f773b3090ffd86cb5600fdaf3aca20ec9cc19606:e2e/node_modules/@vitest/mocker/dist/chunk-automock.js
e2e/node_modules/@vitest/mocker/dist/chunk-helpers.js	eff497d19fd3df960a2da1e57beecfe1eb03bc78	1353	vendored-node-dependencies	git show f773b3090ffd86cb5600fdaf3aca20ec9cc19606:e2e/node_modules/@vitest/mocker/dist/chunk-helpers.js
e2e/node_modules/@vitest/mocker/dist/chunk-hoistMocks.js	8720beedb715037f26daf2a65d63f959c0a3abad	24259	vendored-node-dependencies	git show f773b3090ffd86cb5600fdaf3aca20ec9cc19606:e2e/node_modules/@vitest/mocker/dist/chunk-hoistMocks.js
e2e/node_modules/@vitest/mocker/dist/chunk-interceptor-native.js	4b472ccf2c8588e65203a5ffd8c5336ba66ecb15	365	vendored-node-dependencies	git show f773b3090ffd86cb5600fdaf3aca20ec9cc19606:e2e/node_modules/@vitest/mocker/dist/chunk-interceptor-native.js
e2e/node_modules/@vitest/mocker/dist/chunk-mocker.js	a1a06029c958ef7bc6fec0e1b0d9fcbc6e913e3a	17968	vendored-node-dependencies	git show f773b3090ffd86cb5600fdaf3aca20ec9cc19606:e2e/node_modules/@vitest/mocker/dist/chunk-mocker.js
e2e/node_modules/@vitest/mocker/dist/chunk-pathe.M-eThtNZ.js	11a98f06c389dda6110e14186a430f7848dd4ca7	5149	vendored-node-dependencies	git show f773b3090ffd86cb5600fdaf3aca20ec9cc19606:e2e/node_modules/@vitest/mocker/dist/chunk-pathe.M-eThtNZ.js
e2e/node_modules/@vitest/mocker/dist/chunk-registry.js	40cbe466e9a21cf269ea58d24d666baa5443fe74	5653	vendored-node-dependencies	git show f773b3090ffd86cb5600fdaf3aca20ec9cc19606:e2e/node_modules/@vitest/mocker/dist/chunk-registry.js
e2e/node_modules/@vitest/mocker/dist/chunk-utils.js	411276951387b41ef833bddf4c2bcfadabd44b3d	845	vendored-node-dependencies	git show f773b3090ffd86cb5600fdaf3aca20ec9cc19606:e2e/node_modules/@vitest/mocker/dist/chunk-utils.js
e2e/node_modules/@vitest/mocker/dist/hoistMocks.d-w2ILr1dG.d.ts	2b64274d2dce1b6ee1417c9fb41e20229caa5281	19353	vendored-node-dependencies	git show f773b3090ffd86cb5600fdaf3aca20ec9cc19606:e2e/node_modules/@vitest/mocker/dist/hoistMocks.d-w2ILr1dG.d.ts
e2e/node_modules/@vitest/mocker/dist/index.d-B41z0AuW.d.ts	d78ee6605d7d422761dd5a7b6f79c4489a22881e	859	vendored-node-dependencies	git show f773b3090ffd86cb5600fdaf3aca20ec9cc19606:e2e/node_modules/@vitest/mocker/dist/index.d-B41z0AuW.d.ts
e2e/node_modules/@vitest/mocker/dist/index.d.ts	53943d43478ce2ef5ae3239408ce819ebf002f9d	645	vendored-node-dependencies	git show f773b3090ffd86cb5600fdaf3aca20ec9cc19606:e2e/node_modules/@vitest/mocker/dist/index.d.ts
e2e/node_modules/@vitest/mocker/dist/index.js	fc66b3810617c1d58669b05d578d189d90aa8851	6644	vendored-node-dependencies	git show f773b3090ffd86cb5600fdaf3aca20ec9cc19606:e2e/node_modules/@vitest/mocker/dist/index.js
e2e/node_modules/@vitest/mocker/dist/mocker.d-QEntlm6J.d.ts	ef2541343f7d6632de2dd0d1da0db6623ce430c2	3734	vendored-node-dependencies	git show f773b3090ffd86cb5600fdaf3aca20ec9cc19606:e2e/node_modules/@vitest/mocker/dist/mocker.d-QEntlm6J.d.ts
e2e/node_modules/@vitest/mocker/dist/node.d.ts	235dc4c6455c43999fb2997b45aea02b37971c70	2645	vendored-node-dependencies	git show f773b3090ffd86cb5600fdaf3aca20ec9cc19606:e2e/node_modules/@vitest/mocker/dist/node.d.ts
e2e/node_modules/@vitest/mocker/dist/node.js	e1fda0aa6c7868171952170a2cb6b1ac04666181	12479	vendored-node-dependencies	git show f773b3090ffd86cb5600fdaf3aca20ec9cc19606:e2e/node_modules/@vitest/mocker/dist/node.js
e2e/node_modules/@vitest/mocker/dist/redirect.d.ts	1f8256badd65c8c567496c374abbd727cd37d931	137	vendored-node-dependencies	git show f773b3090ffd86cb5600fdaf3aca20ec9cc19606:e2e/node_modules/@vitest/mocker/dist/redirect.d.ts
e2e/node_modules/@vitest/mocker/dist/redirect.js	b6efea138e3896b8135743242eb51c3937b3126c	2222	vendored-node-dependencies	git show f773b3090ffd86cb5600fdaf3aca20ec9cc19606:e2e/node_modules/@vitest/mocker/dist/redirect.js
e2e/node_modules/@vitest/mocker/dist/register.d.ts	8f80dee69438e574ee5f06ac4d578ad0b8030aa1	476	vendored-node-dependencies	git show f773b3090ffd86cb5600fdaf3aca20ec9cc19606:e2e/node_modules/@vitest/mocker/dist/register.d.ts
e2e/node_modules/@vitest/mocker/dist/register.js	c8a0be8a6ee6e6ea7b0093c7fae0f759458bb1ee	1285	vendored-node-dependencies	git show f773b3090ffd86cb5600fdaf3aca20ec9cc19606:e2e/node_modules/@vitest/mocker/dist/register.js
e2e/node_modules/@vitest/mocker/dist/transforms.d.ts	41d23ea9cb4e6200628d97f7db7df250c41da417	401	vendored-node-dependencies	git show f773b3090ffd86cb5600fdaf3aca20ec9cc19606:e2e/node_modules/@vitest/mocker/dist/transforms.d.ts
e2e/node_modules/@vitest/mocker/dist/transforms.js	bfbae0bceb717adccaeb3fb26252974b79c5563e	387	vendored-node-dependencies	git show f773b3090ffd86cb5600fdaf3aca20ec9cc19606:e2e/node_modules/@vitest/mocker/dist/transforms.js
e2e/node_modules/@vitest/mocker/dist/types.d-BjI5eAwu.d.ts	e35ba702e275bfd53e0a3a0222a7ba999aa5f0b8	4616	vendored-node-dependencies	git show f773b3090ffd86cb5600fdaf3aca20ec9cc19606:e2e/node_modules/@vitest/mocker/dist/types.d-BjI5eAwu.d.ts
e2e/node_modules/@vitest/mocker/package.json	0e6048a04fc125d26c8d432af9f0ceca72dd37eb	2278	vendored-node-dependencies	git show f773b3090ffd86cb5600fdaf3aca20ec9cc19606:e2e/node_modules/@vitest/mocker/package.json
e2e/node_modules/@vitest/pretty-format/LICENSE	0e5771dddf4e96ebc77c349f53fc763b910e63c0	1102	vendored-node-dependencies	git show f773b3090ffd86cb5600fdaf3aca20ec9cc19606:e2e/node_modules/@vitest/pretty-format/LICENSE
e2e/node_modules/@vitest/pretty-format/README.md	d36596330431f168ca4bebf351df868eaac5d9e8	425	vendored-node-dependencies	git show f773b3090ffd86cb5600fdaf3aca20ec9cc19606:e2e/node_modules/@vitest/pretty-format/README.md
e2e/node_modules/@vitest/pretty-format/dist/index.d.ts	d9409f2a3d5cd5cbf4e1ae0427e92a4b198d7382	5148	vendored-node-dependencies	git show f773b3090ffd86cb5600fdaf3aca20ec9cc19606:e2e/node_modules/@vitest/pretty-format/dist/index.d.ts
e2e/node_modules/@vitest/pretty-format/dist/index.js	daae2b08304ec3be1299be7167d074ef2af19a71	41997	vendored-node-dependencies	git show f773b3090ffd86cb5600fdaf3aca20ec9cc19606:e2e/node_modules/@vitest/pretty-format/dist/index.js
e2e/node_modules/@vitest/pretty-format/package.json	726d191bac22eecd343132f03a9917bf709a25dd	1159	vendored-node-dependencies	git show f773b3090ffd86cb5600fdaf3aca20ec9cc19606:e2e/node_modules/@vitest/pretty-format/package.json
e2e/node_modules/@vitest/runner/LICENSE	0e5771dddf4e96ebc77c349f53fc763b910e63c0	1102	vendored-node-dependencies	git show f773b3090ffd86cb5600fdaf3aca20ec9cc19606:e2e/node_modules/@vitest/runner/LICENSE
e2e/node_modules/@vitest/runner/README.md	2f6884dd57c13d664ebda99761ebbd813098c3e2	317	vendored-node-dependencies	git show f773b3090ffd86cb5600fdaf3aca20ec9cc19606:e2e/node_modules/@vitest/runner/README.md
e2e/node_modules/@vitest/runner/dist/chunk-artifact.js	0877a7d249825cd2ff81eef4ff30c23eb60e6294	119048	vendored-node-dependencies	git show f773b3090ffd86cb5600fdaf3aca20ec9cc19606:e2e/node_modules/@vitest/runner/dist/chunk-artifact.js
e2e/node_modules/@vitest/runner/dist/index.d.ts	2ca305a1100f16339942af1fbffe72f10e488a45	7994	vendored-node-dependencies	git show f773b3090ffd86cb5600fdaf3aca20ec9cc19606:e2e/node_modules/@vitest/runner/dist/index.d.ts
e2e/node_modules/@vitest/runner/dist/index.js	e81f04a99dd822e5c592156cc9eb652b48621f30	595	vendored-node-dependencies	git show f773b3090ffd86cb5600fdaf3aca20ec9cc19606:e2e/node_modules/@vitest/runner/dist/index.js
e2e/node_modules/@vitest/runner/dist/tasks.d-DEYaIMIu.d.ts	092b23e79f19573c22d36e00278422961b8c5a6b	58324	vendored-node-dependencies	git show f773b3090ffd86cb5600fdaf3aca20ec9cc19606:e2e/node_modules/@vitest/runner/dist/tasks.d-DEYaIMIu.d.ts
e2e/node_modules/@vitest/runner/dist/types.d.ts	7675b0da6785950919f8b03508f3435225d8f367	1374	vendored-node-dependencies	git show f773b3090ffd86cb5600fdaf3aca20ec9cc19606:e2e/node_modules/@vitest/runner/dist/types.d.ts
e2e/node_modules/@vitest/runner/dist/types.js	8b137891791fe96927ad78e64b0aad7bded08bdc	1	vendored-node-dependencies	git show f773b3090ffd86cb5600fdaf3aca20ec9cc19606:e2e/node_modules/@vitest/runner/dist/types.js
e2e/node_modules/@vitest/runner/dist/utils.d.ts	4d3d8f7fdf3df538ac7896f4de223ca16b5962ee	3227	vendored-node-dependencies	git show f773b3090ffd86cb5600fdaf3aca20ec9cc19606:e2e/node_modules/@vitest/runner/dist/utils.d.ts
e2e/node_modules/@vitest/runner/dist/utils.js	f693b3bd50914ffaa628858b97b1c1f7ac5afd86	679	vendored-node-dependencies	git show f773b3090ffd86cb5600fdaf3aca20ec9cc19606:e2e/node_modules/@vitest/runner/dist/utils.js
e2e/node_modules/@vitest/runner/package.json	3543732614b5781d9fce8bc9dab359a0c0232817	1158	vendored-node-dependencies	git show f773b3090ffd86cb5600fdaf3aca20ec9cc19606:e2e/node_modules/@vitest/runner/package.json
e2e/node_modules/@vitest/runner/types.d.ts	26a125423d414fa445c87ab4621e8e3286a7875b	32	vendored-node-dependencies	git show f773b3090ffd86cb5600fdaf3aca20ec9cc19606:e2e/node_modules/@vitest/runner/types.d.ts
e2e/node_modules/@vitest/runner/utils.d.ts	e3f344e48a8d345df0c9350f51033c85f0e3a3a1	32	vendored-node-dependencies	git show f773b3090ffd86cb5600fdaf3aca20ec9cc19606:e2e/node_modules/@vitest/runner/utils.d.ts
e2e/node_modules/@vitest/snapshot/LICENSE	0e5771dddf4e96ebc77c349f53fc763b910e63c0	1102	vendored-node-dependencies	git show f773b3090ffd86cb5600fdaf3aca20ec9cc19606:e2e/node_modules/@vitest/snapshot/LICENSE
e2e/node_modules/@vitest/snapshot/README.md	db0e4f81e457be4425783f5c9cf1c7804ce86dd9	2827	vendored-node-dependencies	git show f773b3090ffd86cb5600fdaf3aca20ec9cc19606:e2e/node_modules/@vitest/snapshot/README.md
e2e/node_modules/@vitest/snapshot/dist/environment.d-DOJxxZV9.d.ts	f68fe4d1627ada3dd9a9d243934f74d7faad333d	659	vendored-node-dependencies	git show f773b3090ffd86cb5600fdaf3aca20ec9cc19606:e2e/node_modules/@vitest/snapshot/dist/environment.d-DOJxxZV9.d.ts
e2e/node_modules/@vitest/snapshot/dist/environment.d.ts	d9a26029df1749a0136758914c6e850e5ed056bc	730	vendored-node-dependencies	git show f773b3090ffd86cb5600fdaf3aca20ec9cc19606:e2e/node_modules/@vitest/snapshot/dist/environment.d.ts
e2e/node_modules/@vitest/snapshot/dist/environment.js	f5ef725d7a7f2b42a45a926d3c12060e3e15bf9e	1133	vendored-node-dependencies	git show f773b3090ffd86cb5600fdaf3aca20ec9cc19606:e2e/node_modules/@vitest/snapshot/dist/environment.js
e2e/node_modules/@vitest/snapshot/dist/index.d.ts	3963939433339ce98e933fc4264228e7d02db71c	2819	vendored-node-dependencies	git show f773b3090ffd86cb5600fdaf3aca20ec9cc19606:e2e/node_modules/@vitest/snapshot/dist/index.d.ts
e2e/node_modules/@vitest/snapshot/dist/index.js	1a61477796163a7a7f8ce9d44a7828b3debf13a8	39831	vendored-node-dependencies	git show f773b3090ffd86cb5600fdaf3aca20ec9cc19606:e2e/node_modules/@vitest/snapshot/dist/index.js
e2e/node_modules/@vitest/snapshot/dist/manager.d.ts	0b406f2337262129a7284ffa01718c17a3501e84	863	vendored-node-dependencies	git show f773b3090ffd86cb5600fdaf3aca20ec9cc19606:e2e/node_modules/@vitest/snapshot/dist/manager.d.ts
e2e/node_modules/@vitest/snapshot/dist/manager.js	4632d5ac1efc90709e653864240f0a72d64812db	1829	vendored-node-dependencies	git show f773b3090ffd86cb5600fdaf3aca20ec9cc19606:e2e/node_modules/@vitest/snapshot/dist/manager.js
e2e/node_modules/@vitest/snapshot/dist/rawSnapshot.d-D_X3-62x.d.ts	bae9defa78b7d4cdf18ad13531c0f8144393132a	6094	vendored-node-dependencies	git show f773b3090ffd86cb5600fdaf3aca20ec9cc19606:e2e/node_modules/@vitest/snapshot/dist/rawSnapshot.d-D_X3-62x.d.ts
e2e/node_modules/@vitest/snapshot/environment.d.ts	855f0d10a8c55b2a80dc264d1b3b3677b3ee9094	38	vendored-node-dependencies	git show f773b3090ffd86cb5600fdaf3aca20ec9cc19606:e2e/node_modules/@vitest/snapshot/environment.d.ts
e2e/node_modules/@vitest/snapshot/manager.d.ts	f3e80774b831684b8bfb08e7239407a84dceb955	34	vendored-node-dependencies	git show f773b3090ffd86cb5600fdaf3aca20ec9cc19606:e2e/node_modules/@vitest/snapshot/manager.d.ts
e2e/node_modules/@vitest/snapshot/package.json	b234fe74f212bb5c3b192a1874c28b0a6e5fd0c8	1355	vendored-node-dependencies	git show f773b3090ffd86cb5600fdaf3aca20ec9cc19606:e2e/node_modules/@vitest/snapshot/package.json
e2e/node_modules/@vitest/spy/LICENSE	0e5771dddf4e96ebc77c349f53fc763b910e63c0	1102	vendored-node-dependencies	git show f773b3090ffd86cb5600fdaf3aca20ec9cc19606:e2e/node_modules/@vitest/spy/LICENSE
e2e/node_modules/@vitest/spy/README.md	97129c5ea73dee8deddc16ce9109719df0146bba	303	vendored-node-dependencies	git show f773b3090ffd86cb5600fdaf3aca20ec9cc19606:e2e/node_modules/@vitest/spy/README.md
e2e/node_modules/@vitest/spy/dist/index.d.ts	bd483c0cffb55f7f343470b6831e492c93383408	18205	vendored-node-dependencies	git show f773b3090ffd86cb5600fdaf3aca20ec9cc19606:e2e/node_modules/@vitest/spy/dist/index.d.ts
e2e/node_modules/@vitest/spy/dist/index.js	6d907fc02f65ca9b3959f75c623e83ca866a457c	16604	vendored-node-dependencies	git show f773b3090ffd86cb5600fdaf3aca20ec9cc19606:e2e/node_modules/@vitest/spy/dist/index.js
e2e/node_modules/@vitest/spy/optional-types.d.ts	ba94336682fd1539c342061fd7e6490c5c4fbb1a	164	vendored-node-dependencies	git show f773b3090ffd86cb5600fdaf3aca20ec9cc19606:e2e/node_modules/@vitest/spy/optional-types.d.ts
e2e/node_modules/@vitest/spy/package.json	b18053596952b102bd1502d43bb04bc169f7a153	1011	vendored-node-dependencies	git show f773b3090ffd86cb5600fdaf3aca20ec9cc19606:e2e/node_modules/@vitest/spy/package.json
e2e/node_modules/@vitest/utils/LICENSE	0e5771dddf4e96ebc77c349f53fc763b910e63c0	1102	vendored-node-dependencies	git show f773b3090ffd86cb5600fdaf3aca20ec9cc19606:e2e/node_modules/@vitest/utils/LICENSE
e2e/node_modules/@vitest/utils/README.md	ee3b768a0d61255c913806140a8d57956594ff21	308	vendored-node-dependencies	git show f773b3090ffd86cb5600fdaf3aca20ec9cc19606:e2e/node_modules/@vitest/utils/README.md
e2e/node_modules/@vitest/utils/diff.d.ts	0a66b86595c065228ede7e5adad789331f3efce0	31	vendored-node-dependencies	git show f773b3090ffd86cb5600fdaf3aca20ec9cc19606:e2e/node_modules/@vitest/utils/diff.d.ts
e2e/node_modules/@vitest/utils/dist/chunk-pathe.M-eThtNZ.js	74d0daba335b37b30cd9b2dcfb09b7a819c97513	4531	vendored-node-dependencies	git show f773b3090ffd86cb5600fdaf3aca20ec9cc19606:e2e/node_modules/@vitest/utils/dist/chunk-pathe.M-eThtNZ.js
e2e/node_modules/@vitest/utils/dist/constants.d.ts	bd5ad65829e6737cfd8c7b17d80c13b1c1a991c4	1041	vendored-node-dependencies	git show f773b3090ffd86cb5600fdaf3aca20ec9cc19606:e2e/node_modules/@vitest/utils/dist/constants.d.ts
e2e/node_modules/@vitest/utils/dist/constants.js	385045b6a24baea0937e838f363eb81be0bef27d	1425	vendored-node-dependencies	git show f773b3090ffd86cb5600fdaf3aca20ec9cc19606:e2e/node_modules/@vitest/utils/dist/constants.js
e2e/node_modules/@vitest/utils/dist/diff.d.ts	28a105a300362cbec5205a8279197c7bb50c8e2b	4498	vendored-node-dependencies	git show f773b3090ffd86cb5600fdaf3aca20ec9cc19606:e2e/node_modules/@vitest/utils/dist/diff.d.ts
e2e/node_modules/@vitest/utils/dist/diff.js	918b7bf38f4d4084a52b06b2ff9813f006e7ae23	80237	vendored-node-dependencies	git show f773b3090ffd86cb5600fdaf3aca20ec9cc19606:e2e/node_modules/@vitest/utils/dist/diff.js
e2e/node_modules/@vitest/utils/dist/display.d.ts	55f96396f910f4d037ec9a09e449703f0f5affba	1128	vendored-node-dependencies	git show f773b3090ffd86cb5600fdaf3aca20ec9cc19606:e2e/node_modules/@vitest/utils/dist/display.d.ts
e2e/node_modules/@vitest/utils/dist/display.js	42403d0ec6399b957df6f545a2307d50977c71a7	25775	vendored-node-dependencies	git show f773b3090ffd86cb5600fdaf3aca20ec9cc19606:e2e/node_modules/@vitest/utils/dist/display.js
e2e/node_modules/@vitest/utils/dist/error.d.ts	92158c1b2bc76d9ecc73707b48e4f0b8d0d95467	329	vendored-node-dependencies	git show f773b3090ffd86cb5600fdaf3aca20ec9cc19606:e2e/node_modules/@vitest/utils/dist/error.d.ts
e2e/node_modules/@vitest/utils/dist/error.js	1686edab3a490d7c8bd3e7480da5117337d2441c	1473	vendored-node-dependencies	git show f773b3090ffd86cb5600fdaf3aca20ec9cc19606:e2e/node_modules/@vitest/utils/dist/error.js
e2e/node_modules/@vitest/utils/dist/helpers.d.ts	48a70a69e395ef403f835e8ae0fb80e2ce568ff6	3309	vendored-node-dependencies	git show f773b3090ffd86cb5600fdaf3aca20ec9cc19606:e2e/node_modules/@vitest/utils/dist/helpers.d.ts
e2e/node_modules/@vitest/utils/dist/helpers.js	c62b1fbeb2dd854496a9c210ddb4bed9775a74f0	9144	vendored-node-dependencies	git show f773b3090ffd86cb5600fdaf3aca20ec9cc19606:e2e/node_modules/@vitest/utils/dist/helpers.js
e2e/node_modules/@vitest/utils/dist/index.d.ts	d4435cc6fb1993ee1bf5bc03de2d27809fa869d1	342	vendored-node-dependencies	git show f773b3090ffd86cb5600fdaf3aca20ec9cc19606:e2e/node_modules/@vitest/utils/dist/index.d.ts
e2e/node_modules/@vitest/utils/dist/index.js	8b137891791fe96927ad78e64b0aad7bded08bdc	1	vendored-node-dependencies	git show f773b3090ffd86cb5600fdaf3aca20ec9cc19606:e2e/node_modules/@vitest/utils/dist/index.js
e2e/node_modules/@vitest/utils/dist/offset.d.ts	ae65386fba6ec328b21e16ae788db3a47f54dac0	276	vendored-node-dependencies	git show f773b3090ffd86cb5600fdaf3aca20ec9cc19606:e2e/node_modules/@vitest/utils/dist/offset.d.ts
e2e/node_modules/@vitest/utils/dist/offset.js	d8cb08db08ebeed35271726adcf294c1d84ab11e	911	vendored-node-dependencies	git show f773b3090ffd86cb5600fdaf3aca20ec9cc19606:e2e/node_modules/@vitest/utils/dist/offset.js
e2e/node_modules/@vitest/utils/dist/resolver.d.ts	71ebc639e41be5fc1bb7dd6d03f9cf24a8bfb845	401	vendored-node-dependencies	git show f773b3090ffd86cb5600fdaf3aca20ec9cc19606:e2e/node_modules/@vitest/utils/dist/resolver.d.ts
e2e/node_modules/@vitest/utils/dist/resolver.js	12ef66d5c9ab096d6e466bca141f3e65d3d3a593	2047	vendored-node-dependencies	git show f773b3090ffd86cb5600fdaf3aca20ec9cc19606:e2e/node_modules/@vitest/utils/dist/resolver.js
e2e/node_modules/@vitest/utils/dist/serialize.d.ts	dd8ee7d8bb24442752f6441221bc0aedcd751a6e	106	vendored-node-dependencies	git show f773b3090ffd86cb5600fdaf3aca20ec9cc19606:e2e/node_modules/@vitest/utils/dist/serialize.d.ts
e2e/node_modules/@vitest/utils/dist/serialize.js	22bf798559bccd89b324391c35f591c6c8d27713	3677	vendored-node-dependencies	git show f773b3090ffd86cb5600fdaf3aca20ec9cc19606:e2e/node_modules/@vitest/utils/dist/serialize.js
e2e/node_modules/@vitest/utils/dist/source-map.d.ts	582d24f81e998ba4ee306fadc4f10b2bbd7907ac	1854	vendored-node-dependencies	git show f773b3090ffd86cb5600fdaf3aca20ec9cc19606:e2e/node_modules/@vitest/utils/dist/source-map.d.ts
e2e/node_modules/@vitest/utils/dist/source-map.js	c5cc45f42e52813fc7acf396796b2eeab7f9328c	15047	vendored-node-dependencies	git show f773b3090ffd86cb5600fdaf3aca20ec9cc19606:e2e/node_modules/@vitest/utils/dist/source-map.js
e2e/node_modules/@vitest/utils/dist/source-map/node.d.ts	aa81c3ca79e13e6bb5e0b5844153ddf025977d87	189	vendored-node-dependencies	git show f773b3090ffd86cb5600fdaf3aca20ec9cc19606:e2e/node_modules/@vitest/utils/dist/source-map/node.d.ts
e2e/node_modules/@vitest/utils/dist/source-map/node.js	b1e322a10c7a47f3c7a5d0e72d04a80a3be705e1	931	vendored-node-dependencies	git show f773b3090ffd86cb5600fdaf3aca20ec9cc19606:e2e/node_modules/@vitest/utils/dist/source-map/node.js
e2e/node_modules/@vitest/utils/dist/timers.d.ts	8dd6025e62fa05aebfe8fa5f6160ea6acb841bbc	1063	vendored-node-dependencies	git show f773b3090ffd86cb5600fdaf3aca20ec9cc19606:e2e/node_modules/@vitest/utils/dist/timers.d.ts
e2e/node_modules/@vitest/utils/dist/timers.js	29229e5af2d56bf01dac99115b734ad914a4bbf0	1938	vendored-node-dependencies	git show f773b3090ffd86cb5600fdaf3aca20ec9cc19606:e2e/node_modules/@vitest/utils/dist/timers.js
e2e/node_modules/@vitest/utils/dist/types.d-BCElaP-c.d.ts	cba06c6c348ab67ee0a324817799b3f955ab141b	1521	vendored-node-dependencies	git show f773b3090ffd86cb5600fdaf3aca20ec9cc19606:e2e/node_modules/@vitest/utils/dist/types.d-BCElaP-c.d.ts
e2e/node_modules/@vitest/utils/dist/types.d.ts	4e6d810d9f38568be15a59c77975fa927576e117	1044	vendored-node-dependencies	git show f773b3090ffd86cb5600fdaf3aca20ec9cc19606:e2e/node_modules/@vitest/utils/dist/types.d.ts
e2e/node_modules/@vitest/utils/dist/types.js	8b137891791fe96927ad78e64b0aad7bded08bdc	1	vendored-node-dependencies	git show f773b3090ffd86cb5600fdaf3aca20ec9cc19606:e2e/node_modules/@vitest/utils/dist/types.js
e2e/node_modules/@vitest/utils/error.d.ts	9329baa87d94cc608a51d289e80c88bcbb5e0b99	32	vendored-node-dependencies	git show f773b3090ffd86cb5600fdaf3aca20ec9cc19606:e2e/node_modules/@vitest/utils/error.d.ts
e2e/node_modules/@vitest/utils/helpers.d.ts	0add1d0f2bd1444960da3a46d4525117a9b2f1ea	34	vendored-node-dependencies	git show f773b3090ffd86cb5600fdaf3aca20ec9cc19606:e2e/node_modules/@vitest/utils/helpers.d.ts
e2e/node_modules/@vitest/utils/package.json	a0b6c0efd925b83bf9265674baf4d912f5cbe6b9	2502	vendored-node-dependencies	git show f773b3090ffd86cb5600fdaf3aca20ec9cc19606:e2e/node_modules/@vitest/utils/package.json
e2e/node_modules/assertion-error/LICENSE	5e9f3ac637bf65413e58f692249f6138c4ad0172	1108	vendored-node-dependencies	git show f773b3090ffd86cb5600fdaf3aca20ec9cc19606:e2e/node_modules/assertion-error/LICENSE
e2e/node_modules/assertion-error/README.md	37c392879ab0340727c15ac2860cf965a4aa0362	1721	vendored-node-dependencies	git show f773b3090ffd86cb5600fdaf3aca20ec9cc19606:e2e/node_modules/assertion-error/README.md
e2e/node_modules/assertion-error/index.d.ts	d8fda2c783699a14b450070815b4ae070417c8e4	704	vendored-node-dependencies	git show f773b3090ffd86cb5600fdaf3aca20ec9cc19606:e2e/node_modules/assertion-error/index.d.ts
e2e/node_modules/assertion-error/index.js	2bfcb81ed4731d59533729c5e3d1bd5c33e89e2c	1436	vendored-node-dependencies	git show f773b3090ffd86cb5600fdaf3aca20ec9cc19606:e2e/node_modules/assertion-error/index.js
e2e/node_modules/assertion-error/package.json	02dc0f5b6bb4d0a6c5d6e6419c138d45dbe33dfb	863	vendored-node-dependencies	git show f773b3090ffd86cb5600fdaf3aca20ec9cc19606:e2e/node_modules/assertion-error/package.json
e2e/node_modules/chai/LICENSE	eedbe238acac663530523895e2e202d8fb172def	1082	vendored-node-dependencies	git show f773b3090ffd86cb5600fdaf3aca20ec9cc19606:e2e/node_modules/chai/LICENSE
e2e/node_modules/chai/README.md	9382e24f690026ddb10ebf8a564f1c496e002808	6222	vendored-node-dependencies	git show f773b3090ffd86cb5600fdaf3aca20ec9cc19606:e2e/node_modules/chai/README.md
e2e/node_modules/chai/index.js	601eb5351f16e9cca2f405ca9282f66457e5cea3	137054	vendored-node-dependencies	git show f773b3090ffd86cb5600fdaf3aca20ec9cc19606:e2e/node_modules/chai/index.js
e2e/node_modules/chai/package.json	f2ad34b1a625348ca91f9eda6d9470623fcda74f	2084	vendored-node-dependencies	git show f773b3090ffd86cb5600fdaf3aca20ec9cc19606:e2e/node_modules/chai/package.json
e2e/node_modules/chai/register-assert.js	f593717e0b2540660a1358e5bcac92abc5423490	64	vendored-node-dependencies	git show f773b3090ffd86cb5600fdaf3aca20ec9cc19606:e2e/node_modules/chai/register-assert.js
e2e/node_modules/chai/register-expect.js	2807b89beda204f9a159ea34ffe64ee4e32a97d7	64	vendored-node-dependencies	git show f773b3090ffd86cb5600fdaf3aca20ec9cc19606:e2e/node_modules/chai/register-expect.js
e2e/node_modules/chai/register-should.js	1339ee4c47edc5af0703666608ba08b41d523c86	66	vendored-node-dependencies	git show f773b3090ffd86cb5600fdaf3aca20ec9cc19606:e2e/node_modules/chai/register-should.js
e2e/node_modules/convert-source-map/LICENSE	41702c5043478f994b93a4eb5edf5ec3db9ec1fd	1078	vendored-node-dependencies	git show f773b3090ffd86cb5600fdaf3aca20ec9cc19606:e2e/node_modules/convert-source-map/LICENSE
e2e/node_modules/convert-source-map/README.md	aa4d80482bd1b6c98ef212495f382c03ea77e113	7421	vendored-node-dependencies	git show f773b3090ffd86cb5600fdaf3aca20ec9cc19606:e2e/node_modules/convert-source-map/README.md
e2e/node_modules/convert-source-map/index.js	2e8e916e79d66cd401fea3ca3653fc96a1703b83	6551	vendored-node-dependencies	git show f773b3090ffd86cb5600fdaf3aca20ec9cc19606:e2e/node_modules/convert-source-map/index.js
e2e/node_modules/convert-source-map/package.json	c38f29f7200dc85b1179e442607a3ea1ad89c140	804	vendored-node-dependencies	git show f773b3090ffd86cb5600fdaf3aca20ec9cc19606:e2e/node_modules/convert-source-map/package.json
e2e/node_modules/detect-libc/LICENSE	8dada3edaf50dbc082c9a125058f25def75e625a	11357	vendored-node-dependencies	git show f773b3090ffd86cb5600fdaf3aca20ec9cc19606:e2e/node_modules/detect-libc/LICENSE
e2e/node_modules/detect-libc/README.md	23212fdd79bccad13bb437cd3632f2430f22b710	3215	vendored-node-dependencies	git show f773b3090ffd86cb5600fdaf3aca20ec9cc19606:e2e/node_modules/detect-libc/README.md
e2e/node_modules/detect-libc/index.d.ts	4c0fb2b0ab4cb0365fb8b4672b8c39c493e4d771	436	vendored-node-dependencies	git show f773b3090ffd86cb5600fdaf3aca20ec9cc19606:e2e/node_modules/detect-libc/index.d.ts
e2e/node_modules/detect-libc/lib/detect-libc.js	01299b4d7c500416031f0f6c1950fd37e9559843	7503	vendored-node-dependencies	git show f773b3090ffd86cb5600fdaf3aca20ec9cc19606:e2e/node_modules/detect-libc/lib/detect-libc.js
e2e/node_modules/detect-libc/lib/elf.js	aa166aa29ad11cd07a89cab60d40ad5883a4e80f	982	vendored-node-dependencies	git show f773b3090ffd86cb5600fdaf3aca20ec9cc19606:e2e/node_modules/detect-libc/lib/elf.js
e2e/node_modules/detect-libc/lib/filesystem.js	4c2443cc0cfee4ebba3fe4b50c7d69120792b77f	1097	vendored-node-dependencies	git show f773b3090ffd86cb5600fdaf3aca20ec9cc19606:e2e/node_modules/detect-libc/lib/filesystem.js
e2e/node_modules/detect-libc/lib/process.js	ee78ad261b1986c46d4dd6dc2a17446dce2c4498	569	vendored-node-dependencies	git show f773b3090ffd86cb5600fdaf3aca20ec9cc19606:e2e/node_modules/detect-libc/lib/process.js
e2e/node_modules/detect-libc/package.json	36d0f2be797b982b27936bbd2bb0cf6625fbc6d7	1278	vendored-node-dependencies	git show f773b3090ffd86cb5600fdaf3aca20ec9cc19606:e2e/node_modules/detect-libc/package.json
e2e/node_modules/es-module-lexer/LICENSE	013561a8baec915646439c3299a4b2bbf91c8ee5	1085	vendored-node-dependencies	git show f773b3090ffd86cb5600fdaf3aca20ec9cc19606:e2e/node_modules/es-module-lexer/LICENSE
e2e/node_modules/es-module-lexer/README.md	73abd08ec95d23654980e51d6bc982943eee8972	12156	vendored-node-dependencies	git show f773b3090ffd86cb5600fdaf3aca20ec9cc19606:e2e/node_modules/es-module-lexer/README.md
e2e/node_modules/es-module-lexer/dist/lexer.asm.js	13f15d94637598703a23e0a92b6fb11456bc9a7b	27504	vendored-node-dependencies	git show f773b3090ffd86cb5600fdaf3aca20ec9cc19606:e2e/node_modules/es-module-lexer/dist/lexer.asm.js
e2e/node_modules/es-module-lexer/dist/lexer.cjs	63f62bf486fbf124f206784c4449f4c57e875e13	17380	vendored-node-dependencies	git show f773b3090ffd86cb5600fdaf3aca20ec9cc19606:e2e/node_modules/es-module-lexer/dist/lexer.cjs
e2e/node_modules/es-module-lexer/dist/lexer.js	47bbc39c29b07cbbac0649fba68188a28261fafc	17301	vendored-node-dependencies	git show f773b3090ffd86cb5600fdaf3aca20ec9cc19606:e2e/node_modules/es-module-lexer/dist/lexer.js
e2e/node_modules/es-module-lexer/dist/lexer.minimal.asm.js	7a835ee14863dcc807a58773b7e612527547be23	25764	vendored-node-dependencies	git show f773b3090ffd86cb5600fdaf3aca20ec9cc19606:e2e/node_modules/es-module-lexer/dist/lexer.minimal.asm.js
e2e/node_modules/es-module-lexer/dist/lexer.minimal.cjs	1ce30d9dc6f5c979714a18705cb91b8cf6e455ec	16219	vendored-node-dependencies	git show f773b3090ffd86cb5600fdaf3aca20ec9cc19606:e2e/node_modules/es-module-lexer/dist/lexer.minimal.cjs
e2e/node_modules/es-module-lexer/dist/lexer.minimal.js	7e2da5a35607a1f541665d8bab619bb484a65d41	16142	vendored-node-dependencies	git show f773b3090ffd86cb5600fdaf3aca20ec9cc19606:e2e/node_modules/es-module-lexer/dist/lexer.minimal.js
e2e/node_modules/es-module-lexer/lexer.js	fae6cab4ef83cbb3ff783eb137e8a32653880e75	28783	vendored-node-dependencies	git show f773b3090ffd86cb5600fdaf3aca20ec9cc19606:e2e/node_modules/es-module-lexer/lexer.js
e2e/node_modules/es-module-lexer/package.json	132029e10f43cee99429281d0f5dfe4f9c8613dc	1732	vendored-node-dependencies	git show f773b3090ffd86cb5600fdaf3aca20ec9cc19606:e2e/node_modules/es-module-lexer/package.json
e2e/node_modules/es-module-lexer/types/lexer.d.ts	6218ade7a6947b787f16a2b3d10f3ef7a24fcb79	6466	vendored-node-dependencies	git show f773b3090ffd86cb5600fdaf3aca20ec9cc19606:e2e/node_modules/es-module-lexer/types/lexer.d.ts
e2e/node_modules/es-module-lexer/types/lexer.minimal.d.ts	8f06edf5aac019aecd6bfe2649ecf6b7f8c0904f	1509	vendored-node-dependencies	git show f773b3090ffd86cb5600fdaf3aca20ec9cc19606:e2e/node_modules/es-module-lexer/types/lexer.minimal.d.ts
e2e/node_modules/estree-walker/LICENSE	63b62098eea9e1031659a145b1c6d752486ec0fe	1126	vendored-node-dependencies	git show f773b3090ffd86cb5600fdaf3aca20ec9cc19606:e2e/node_modules/estree-walker/LICENSE
e2e/node_modules/estree-walker/README.md	d739d1bf1811736d657775bdfdd261801bc92809	1591	vendored-node-dependencies	git show f773b3090ffd86cb5600fdaf3aca20ec9cc19606:e2e/node_modules/estree-walker/README.md
e2e/node_modules/estree-walker/package.json	c9f54edd9f394c267429a4b1393d67df42fbbe45	720	vendored-node-dependencies	git show f773b3090ffd86cb5600fdaf3aca20ec9cc19606:e2e/node_modules/estree-walker/package.json
e2e/node_modules/estree-walker/src/async.js	f068c713c4cdb2e57a2e98829b75e0541d943b9d	3474	vendored-node-dependencies	git show f773b3090ffd86cb5600fdaf3aca20ec9cc19606:e2e/node_modules/estree-walker/src/async.js
e2e/node_modules/estree-walker/src/index.js	933ea4f28ddb57cc53976aa5504d3ef39bbc0586	806	vendored-node-dependencies	git show f773b3090ffd86cb5600fdaf3aca20ec9cc19606:e2e/node_modules/estree-walker/src/index.js
e2e/node_modules/estree-walker/src/sync.js	171fb360a76998c7b0e10a4544715a1be095c267	3418	vendored-node-dependencies	git show f773b3090ffd86cb5600fdaf3aca20ec9cc19606:e2e/node_modules/estree-walker/src/sync.js
e2e/node_modules/estree-walker/src/walker.js	6dc6bd7bbe52ee4713bbfc89c25a8e884e1b205f	1393	vendored-node-dependencies	git show f773b3090ffd86cb5600fdaf3aca20ec9cc19606:e2e/node_modules/estree-walker/src/walker.js
e2e/node_modules/estree-walker/types/async.d.ts	db0825aa7bc81d386b07d4897636ad930ebe3bb5	1455	vendored-node-dependencies	git show f773b3090ffd86cb5600fdaf3aca20ec9cc19606:e2e/node_modules/estree-walker/types/async.d.ts
e2e/node_modules/estree-walker/types/index.d.ts	c25afed98bca5bb3bcffd542a532c121d182d4e1	858	vendored-node-dependencies	git show f773b3090ffd86cb5600fdaf3aca20ec9cc19606:e2e/node_modules/estree-walker/types/index.d.ts
e2e/node_modules/estree-walker/types/sync.d.ts	3612b7ff424a6a78edb67f8bb1738443fbabf2a7	1408	vendored-node-dependencies	git show f773b3090ffd86cb5600fdaf3aca20ec9cc19606:e2e/node_modules/estree-walker/types/sync.d.ts
e2e/node_modules/estree-walker/types/walker.d.ts	a3fa29c193ab01bccf4c50495230f7c1a091c375	1350	vendored-node-dependencies	git show f773b3090ffd86cb5600fdaf3aca20ec9cc19606:e2e/node_modules/estree-walker/types/walker.d.ts
e2e/node_modules/expect-type/LICENSE	deede247d2ad6336f8c231e6265be9acc1d221ad	10760	vendored-node-dependencies	git show f773b3090ffd86cb5600fdaf3aca20ec9cc19606:e2e/node_modules/expect-type/LICENSE
e2e/node_modules/expect-type/README.md	f17e9c68bdd876bed7593340ae354f907884a486	38766	vendored-node-dependencies	git show f773b3090ffd86cb5600fdaf3aca20ec9cc19606:e2e/node_modules/expect-type/README.md
e2e/node_modules/expect-type/SECURITY.md	3f988a6f4ff2fdbe5f1810e957155432f2499d63	421	vendored-node-dependencies	git show f773b3090ffd86cb5600fdaf3aca20ec9cc19606:e2e/node_modules/expect-type/SECURITY.md
e2e/node_modules/expect-type/dist/branding.d.ts	9f154433ff379cf60e46c52abb225e11eb78f5dc	6478	vendored-node-dependencies	git show f773b3090ffd86cb5600fdaf3aca20ec9cc19606:e2e/node_modules/expect-type/dist/branding.d.ts
e2e/node_modules/expect-type/dist/branding.js	c8ad2e549bdc6801e0d1c80b0308d4b9bd4985ce	77	vendored-node-dependencies	git show f773b3090ffd86cb5600fdaf3aca20ec9cc19606:e2e/node_modules/expect-type/dist/branding.js
e2e/node_modules/expect-type/dist/index.d.ts	51cc2312907442270ca6650e9a57fa8331a527a4	37958	vendored-node-dependencies	git show f773b3090ffd86cb5600fdaf3aca20ec9cc19606:e2e/node_modules/expect-type/dist/index.d.ts
e2e/node_modules/expect-type/dist/index.js	f74db8ce21e91cfa60e633eb51da4359d6182b8e	3670	vendored-node-dependencies	git show f773b3090ffd86cb5600fdaf3aca20ec9cc19606:e2e/node_modules/expect-type/dist/index.js
e2e/node_modules/expect-type/dist/messages.d.ts	6f8a03dcbf0e2ab30746261622e79183339877c0	5570	vendored-node-dependencies	git show f773b3090ffd86cb5600fdaf3aca20ec9cc19606:e2e/node_modules/expect-type/dist/messages.d.ts
e2e/node_modules/expect-type/dist/messages.js	ff4e0ae9d1cc506042d41c1b91cf85e5ed6c93c6	1125	vendored-node-dependencies	git show f773b3090ffd86cb5600fdaf3aca20ec9cc19606:e2e/node_modules/expect-type/dist/messages.js
e2e/node_modules/expect-type/dist/overloads.d.ts	cf3059240f8c71b24191cd3f5bec1bf76715c3f5	23165	vendored-node-dependencies	git show f773b3090ffd86cb5600fdaf3aca20ec9cc19606:e2e/node_modules/expect-type/dist/overloads.d.ts
e2e/node_modules/expect-type/dist/overloads.js	c8ad2e549bdc6801e0d1c80b0308d4b9bd4985ce	77	vendored-node-dependencies	git show f773b3090ffd86cb5600fdaf3aca20ec9cc19606:e2e/node_modules/expect-type/dist/overloads.js
e2e/node_modules/expect-type/dist/utils.d.ts	74fcd4e014c42bd2b4b856b44d7ef8adc8e6c8f9	8434	vendored-node-dependencies	git show f773b3090ffd86cb5600fdaf3aca20ec9cc19606:e2e/node_modules/expect-type/dist/utils.d.ts
e2e/node_modules/expect-type/dist/utils.js	43407cf45b806043a9d50df1746d538077bfeac4	540	vendored-node-dependencies	git show f773b3090ffd86cb5600fdaf3aca20ec9cc19606:e2e/node_modules/expect-type/dist/utils.js
e2e/node_modules/expect-type/package.json	48ea215542ccca4a1183bbca24b3661eaedafe8a	1122	vendored-node-dependencies	git show f773b3090ffd86cb5600fdaf3aca20ec9cc19606:e2e/node_modules/expect-type/package.json
e2e/node_modules/fdir/LICENSE	bb7fdee44cae62e39a6f641dddd9016f265069f7	1053	vendored-node-dependencies	git show f773b3090ffd86cb5600fdaf3aca20ec9cc19606:e2e/node_modules/fdir/LICENSE
e2e/node_modules/fdir/README.md	5c70530fa063fb25cdffcc78b8588c0495e2cbb3	3851	vendored-node-dependencies	git show f773b3090ffd86cb5600fdaf3aca20ec9cc19606:e2e/node_modules/fdir/README.md
e2e/node_modules/fdir/dist/index.cjs	4868ffba35d991e03831204695d11e703a78c2d3	18210	vendored-node-dependencies	git show f773b3090ffd86cb5600fdaf3aca20ec9cc19606:e2e/node_modules/fdir/dist/index.cjs
e2e/node_modules/fdir/dist/index.d.cts	f448ef5d9b563fca8360766b16cd259be4b9df5c	5129	vendored-node-dependencies	git show f773b3090ffd86cb5600fdaf3aca20ec9cc19606:e2e/node_modules/fdir/dist/index.d.cts
e2e/node_modules/fdir/dist/index.d.mts	f448ef5d9b563fca8360766b16cd259be4b9df5c	5129	vendored-node-dependencies	git show f773b3090ffd86cb5600fdaf3aca20ec9cc19606:e2e/node_modules/fdir/dist/index.d.mts
e2e/node_modules/fdir/dist/index.mjs	5c37e092b507dccc97d1b5a815cecceb94445698	17225	vendored-node-dependencies	git show f773b3090ffd86cb5600fdaf3aca20ec9cc19606:e2e/node_modules/fdir/dist/index.mjs
e2e/node_modules/fdir/package.json	e229dff81508001e377a1cebc22b3d81f501e7bc	2694	vendored-node-dependencies	git show f773b3090ffd86cb5600fdaf3aca20ec9cc19606:e2e/node_modules/fdir/package.json
e2e/node_modules/lightningcss-linux-x64-gnu/LICENSE	89fe5b2004873b5f5237874446f65df5c02f9dc2	15648	vendored-node-dependencies	git show f773b3090ffd86cb5600fdaf3aca20ec9cc19606:e2e/node_modules/lightningcss-linux-x64-gnu/LICENSE
e2e/node_modules/lightningcss-linux-x64-gnu/README.md	84f87d329ba13dd109a00f05af2e2c805e92c9fb	123	vendored-node-dependencies	git show f773b3090ffd86cb5600fdaf3aca20ec9cc19606:e2e/node_modules/lightningcss-linux-x64-gnu/README.md
e2e/node_modules/lightningcss-linux-x64-gnu/lightningcss.linux-x64-gnu.node	4c3f078f06d8a34d3014cdd06203f7f8843c8e78	10032264	vendored-node-dependencies	git show f773b3090ffd86cb5600fdaf3aca20ec9cc19606:e2e/node_modules/lightningcss-linux-x64-gnu/lightningcss.linux-x64-gnu.node
e2e/node_modules/lightningcss-linux-x64-gnu/package.json	0a21c91f227492455e4886cda343feab140e9360	745	vendored-node-dependencies	git show f773b3090ffd86cb5600fdaf3aca20ec9cc19606:e2e/node_modules/lightningcss-linux-x64-gnu/package.json
e2e/node_modules/lightningcss/LICENSE	89fe5b2004873b5f5237874446f65df5c02f9dc2	15648	vendored-node-dependencies	git show f773b3090ffd86cb5600fdaf3aca20ec9cc19606:e2e/node_modules/lightningcss/LICENSE
e2e/node_modules/lightningcss/README.md	f44d7b3cdc7f59e2cf8a8326cb2b05de5305d9a3	6058	vendored-node-dependencies	git show f773b3090ffd86cb5600fdaf3aca20ec9cc19606:e2e/node_modules/lightningcss/README.md
e2e/node_modules/lightningcss/node/ast.d.ts	a57fe7f9265fb7692fca6a373ccbc10ff2878307	213707	vendored-node-dependencies	git show f773b3090ffd86cb5600fdaf3aca20ec9cc19606:e2e/node_modules/lightningcss/node/ast.d.ts
e2e/node_modules/lightningcss/node/ast.js.flow	7bfda008571fbe139d559e8382620987a555cf14	218067	vendored-node-dependencies	git show f773b3090ffd86cb5600fdaf3aca20ec9cc19606:e2e/node_modules/lightningcss/node/ast.js.flow
e2e/node_modules/lightningcss/node/browserslistToTargets.js	fe9b6b454099c3768f8408779d17f51e69cdae5b	929	vendored-node-dependencies	git show f773b3090ffd86cb5600fdaf3aca20ec9cc19606:e2e/node_modules/lightningcss/node/browserslistToTargets.js
e2e/node_modules/lightningcss/node/composeVisitors.js	f29934905031fb992733fb4666299aebdae1e06d	11393	vendored-node-dependencies	git show f773b3090ffd86cb5600fdaf3aca20ec9cc19606:e2e/node_modules/lightningcss/node/composeVisitors.js
e2e/node_modules/lightningcss/node/flags.js	a636a204550946009244a10901a3c76306d20ec2	666	vendored-node-dependencies	git show f773b3090ffd86cb5600fdaf3aca20ec9cc19606:e2e/node_modules/lightningcss/node/flags.js
e2e/node_modules/lightningcss/node/index.d.ts	90f683ba3ffcdc0071a089f8d75c48d0b2467ae7	18831	vendored-node-dependencies	git show f773b3090ffd86cb5600fdaf3aca20ec9cc19606:e2e/node_modules/lightningcss/node/index.d.ts
e2e/node_modules/lightningcss/node/index.js	6fe25aef457aa5448f9ee6204da1e253f5534800	1665	vendored-node-dependencies	git show f773b3090ffd86cb5600fdaf3aca20ec9cc19606:e2e/node_modules/lightningcss/node/index.js
e2e/node_modules/lightningcss/node/index.js.flow	6f55558b37445e20431c82ea249573e56b9692ff	21054	vendored-node-dependencies	git show f773b3090ffd86cb5600fdaf3aca20ec9cc19606:e2e/node_modules/lightningcss/node/index.js.flow
e2e/node_modules/lightningcss/node/index.mjs	a1ff934f32bf98d8d0f667e9ffdf111413f28524	276	vendored-node-dependencies	git show f773b3090ffd86cb5600fdaf3aca20ec9cc19606:e2e/node_modules/lightningcss/node/index.mjs
e2e/node_modules/lightningcss/node/targets.d.ts	ccc7c95f0c831d39de36db60c6c78d16cc0a4c11	867	vendored-node-dependencies	git show f773b3090ffd86cb5600fdaf3aca20ec9cc19606:e2e/node_modules/lightningcss/node/targets.d.ts
e2e/node_modules/lightningcss/node/targets.js.flow	71ce5dcf872a30df1ba31b085c91de8408791e25	819	vendored-node-dependencies	git show f773b3090ffd86cb5600fdaf3aca20ec9cc19606:e2e/node_modules/lightningcss/node/targets.js.flow
e2e/node_modules/lightningcss/package.json	c9cec4e0a7785bc407f6ea826d621e9b45ce5cf9	3834	vendored-node-dependencies	git show f773b3090ffd86cb5600fdaf3aca20ec9cc19606:e2e/node_modules/lightningcss/package.json
e2e/node_modules/magic-string/LICENSE	667e8b45e4051a6f32008aafa25ecd8aefaaa1f9	1051	vendored-node-dependencies	git show f773b3090ffd86cb5600fdaf3aca20ec9cc19606:e2e/node_modules/magic-string/LICENSE
e2e/node_modules/magic-string/README.md	2dc316c1c342ccd3e81e6f92f9d3e516c60fa28c	12608	vendored-node-dependencies	git show f773b3090ffd86cb5600fdaf3aca20ec9cc19606:e2e/node_modules/magic-string/README.md
e2e/node_modules/magic-string/dist/magic-string.cjs.d.ts	76cc537d1c2ccc67239a09dda1bc3c23654ef85c	10017	vendored-node-dependencies	git show f773b3090ffd86cb5600fdaf3aca20ec9cc19606:e2e/node_modules/magic-string/dist/magic-string.cjs.d.ts
e2e/node_modules/magic-string/dist/magic-string.cjs.js	bf3cd1d4350284994f1202d5af20278d30480aea	38935	vendored-node-dependencies	git show f773b3090ffd86cb5600fdaf3aca20ec9cc19606:e2e/node_modules/magic-string/dist/magic-string.cjs.js
e2e/node_modules/magic-string/dist/magic-string.cjs.js.map	685274fcbe173196855de500b9a8cf339132247e	95751	vendored-node-dependencies	git show f773b3090ffd86cb5600fdaf3aca20ec9cc19606:e2e/node_modules/magic-string/dist/magic-string.cjs.js.map
e2e/node_modules/magic-string/dist/magic-string.es.d.mts	76cc537d1c2ccc67239a09dda1bc3c23654ef85c	10017	vendored-node-dependencies	git show f773b3090ffd86cb5600fdaf3aca20ec9cc19606:e2e/node_modules/magic-string/dist/magic-string.es.d.mts
e2e/node_modules/magic-string/dist/magic-string.es.mjs	c7999fc86b67064ca32bb313dc4ce96992258a4c	38739	vendored-node-dependencies	git show f773b3090ffd86cb5600fdaf3aca20ec9cc19606:e2e/node_modules/magic-string/dist/magic-string.es.mjs
e2e/node_modules/magic-string/dist/magic-string.es.mjs.map	a60bcc8ae6d8d7f86c36e833d4e01a623ea804fe	95273	vendored-node-dependencies	git show f773b3090ffd86cb5600fdaf3aca20ec9cc19606:e2e/node_modules/magic-string/dist/magic-string.es.mjs.map
e2e/node_modules/magic-string/dist/magic-string.umd.js	0c399cdc22999f768c7baa670c4f18f9f7be3c46	42936	vendored-node-dependencies	git show f773b3090ffd86cb5600fdaf3aca20ec9cc19606:e2e/node_modules/magic-string/dist/magic-string.umd.js
e2e/node_modules/magic-string/dist/magic-string.umd.js.map	43addb8cc38f33dee27f172eda886e39018a4c84	112594	vendored-node-dependencies	git show f773b3090ffd86cb5600fdaf3aca20ec9cc19606:e2e/node_modules/magic-string/dist/magic-string.umd.js.map
e2e/node_modules/magic-string/package.json	5ba3ac61182878be0656b71eb03b106726ba76a9	1840	vendored-node-dependencies	git show f773b3090ffd86cb5600fdaf3aca20ec9cc19606:e2e/node_modules/magic-string/package.json
e2e/node_modules/nanoid/LICENSE	37f56aa49f8e009ed7e582cb3e905a1e0d1666fd	1095	vendored-node-dependencies	git show f773b3090ffd86cb5600fdaf3aca20ec9cc19606:e2e/node_modules/nanoid/LICENSE
e2e/node_modules/nanoid/README.md	5124349f6ae31861f457fdca881b7bb8d43c7198	1479	vendored-node-dependencies	git show f773b3090ffd86cb5600fdaf3aca20ec9cc19606:e2e/node_modules/nanoid/README.md
e2e/node_modules/nanoid/async/index.browser.cjs	9f8c3a37bcfa36ab9c59b3fbdcac1041c1517de7	1002	vendored-node-dependencies	git show f773b3090ffd86cb5600fdaf3aca20ec9cc19606:e2e/node_modules/nanoid/async/index.browser.cjs
e2e/node_modules/nanoid/async/index.browser.js	9e5da483f4618c21cb2737f0b41fec24f3bf1728	992	vendored-node-dependencies	git show f773b3090ffd86cb5600fdaf3aca20ec9cc19606:e2e/node_modules/nanoid/async/index.browser.js
e2e/node_modules/nanoid/async/index.cjs	d6db85661c164dabfa43c4bef10d9cfe79feee89	1008	vendored-node-dependencies	git show f773b3090ffd86cb5600fdaf3aca20ec9cc19606:e2e/node_modules/nanoid/async/index.cjs
e2e/node_modules/nanoid/async/index.d.ts	9e919658b82e66e3bd39800232da5a469c8d13a8	1505	vendored-node-dependencies	git show f773b3090ffd86cb5600fdaf3aca20ec9cc19606:e2e/node_modules/nanoid/async/index.d.ts
e2e/node_modules/nanoid/async/index.js	4df59195c751fefa395f1c935d2250b662b396a8	991	vendored-node-dependencies	git show f773b3090ffd86cb5600fdaf3aca20ec9cc19606:e2e/node_modules/nanoid/async/index.js
e2e/node_modules/nanoid/async/index.native.js	9579c126ebff2567caa0d1d8a0b5cf9759a77692	829	vendored-node-dependencies	git show f773b3090ffd86cb5600fdaf3aca20ec9cc19606:e2e/node_modules/nanoid/async/index.native.js
e2e/node_modules/nanoid/async/package.json	578cdb4cb9babb17e4e08b4f6a30c2e195d2afed	233	vendored-node-dependencies	git show f773b3090ffd86cb5600fdaf3aca20ec9cc19606:e2e/node_modules/nanoid/async/package.json
e2e/node_modules/nanoid/index.browser.cjs	2b4b7b669c20a4644ff05d717515259ae10f1647	1088	vendored-node-dependencies	git show f773b3090ffd86cb5600fdaf3aca20ec9cc19606:e2e/node_modules/nanoid/index.browser.cjs
e2e/node_modules/nanoid/index.browser.js	db69b3a6055033c514231545dd79042268c7abfa	1074	vendored-node-dependencies	git show f773b3090ffd86cb5600fdaf3aca20ec9cc19606:e2e/node_modules/nanoid/index.browser.js
e2e/node_modules/nanoid/index.cjs	9d50c52b8023c97bc1830c277011a382a0234b0f	1425	vendored-node-dependencies	git show f773b3090ffd86cb5600fdaf3aca20ec9cc19606:e2e/node_modules/nanoid/index.cjs
e2e/node_modules/nanoid/index.d.cts	3e111a39de010f548d397f06f8f964191834b869	2252	vendored-node-dependencies	git show f773b3090ffd86cb5600fdaf3aca20ec9cc19606:e2e/node_modules/nanoid/index.d.cts
e2e/node_modules/nanoid/index.d.ts	3e111a39de010f548d397f06f8f964191834b869	2252	vendored-node-dependencies	git show f773b3090ffd86cb5600fdaf3aca20ec9cc19606:e2e/node_modules/nanoid/index.d.ts
e2e/node_modules/nanoid/index.js	c5d67b75563bdcd80c8a0d3f3e4202e0ddd0513a	1469	vendored-node-dependencies	git show f773b3090ffd86cb5600fdaf3aca20ec9cc19606:e2e/node_modules/nanoid/index.js
e2e/node_modules/nanoid/nanoid.js	ec242eadc85e4b0ef546c8fdc771f7e9d7d2f081	169	vendored-node-dependencies	git show f773b3090ffd86cb5600fdaf3aca20ec9cc19606:e2e/node_modules/nanoid/nanoid.js
e2e/node_modules/nanoid/non-secure/index.cjs	5f1e7434fbf7659c35684a2aa2b52e74d4e2c4f3	518	vendored-node-dependencies	git show f773b3090ffd86cb5600fdaf3aca20ec9cc19606:e2e/node_modules/nanoid/non-secure/index.cjs
e2e/node_modules/nanoid/non-secure/index.d.ts	4965322d636016d678fccdd94c3aacdf1fc50075	983	vendored-node-dependencies	git show f773b3090ffd86cb5600fdaf3aca20ec9cc19606:e2e/node_modules/nanoid/non-secure/index.d.ts
e2e/node_modules/nanoid/non-secure/index.js	2848f3f96088794ee48a8e9696c6585ec5a7cc51	508	vendored-node-dependencies	git show f773b3090ffd86cb5600fdaf3aca20ec9cc19606:e2e/node_modules/nanoid/non-secure/index.js
e2e/node_modules/nanoid/non-secure/package.json	9930d6ad1671e19bfddbdeeb9bbcdeab83dc00ba	99	vendored-node-dependencies	git show f773b3090ffd86cb5600fdaf3aca20ec9cc19606:e2e/node_modules/nanoid/non-secure/package.json
e2e/node_modules/nanoid/package.json	a532e4254676cc58eb93fcf476eaffa3f7a1d8da	2283	vendored-node-dependencies	git show f773b3090ffd86cb5600fdaf3aca20ec9cc19606:e2e/node_modules/nanoid/package.json
e2e/node_modules/nanoid/url-alphabet/index.cjs	9021f0ba58856772c1e787f1581a566bbb5cd1d4	121	vendored-node-dependencies	git show f773b3090ffd86cb5600fdaf3aca20ec9cc19606:e2e/node_modules/nanoid/url-alphabet/index.cjs
e2e/node_modules/nanoid/url-alphabet/index.js	f995c4f3a79097000a66e25c7ccba42c20dd88eb	111	vendored-node-dependencies	git show f773b3090ffd86cb5600fdaf3aca20ec9cc19606:e2e/node_modules/nanoid/url-alphabet/index.js
e2e/node_modules/nanoid/url-alphabet/package.json	9930d6ad1671e19bfddbdeeb9bbcdeab83dc00ba	99	vendored-node-dependencies	git show f773b3090ffd86cb5600fdaf3aca20ec9cc19606:e2e/node_modules/nanoid/url-alphabet/package.json
e2e/node_modules/obug/LICENSE	12eb1480b950f145a3ef976671da3337d621e5b8	1205	vendored-node-dependencies	git show f773b3090ffd86cb5600fdaf3aca20ec9cc19606:e2e/node_modules/obug/LICENSE
e2e/node_modules/obug/README.md	ae9d9fc3f4d137fa95c1c791ed1975716b4daec3	7374	vendored-node-dependencies	git show f773b3090ffd86cb5600fdaf3aca20ec9cc19606:e2e/node_modules/obug/README.md
e2e/node_modules/obug/dist/browser.d.ts	a51ec3c686ec09df8de4ce636691c2aa7344c804	561	vendored-node-dependencies	git show f773b3090ffd86cb5600fdaf3aca20ec9cc19606:e2e/node_modules/obug/dist/browser.d.ts
e2e/node_modules/obug/dist/browser.js	582feaaab1137047946c4eb23f4943abb31765e8	3389	vendored-node-dependencies	git show f773b3090ffd86cb5600fdaf3aca20ec9cc19606:e2e/node_modules/obug/dist/browser.js
e2e/node_modules/obug/dist/browser.min.js	b93cb3a02f30e24e0bcd2c3d8ad529e7781e677b	3180	vendored-node-dependencies	git show f773b3090ffd86cb5600fdaf3aca20ec9cc19606:e2e/node_modules/obug/dist/browser.min.js
e2e/node_modules/obug/dist/core.d.ts	b71f635db5fa04a6ff61ad65d3f246a98998ca78	1454	vendored-node-dependencies	git show f773b3090ffd86cb5600fdaf3aca20ec9cc19606:e2e/node_modules/obug/dist/core.d.ts
e2e/node_modules/obug/dist/core.js	cb1343560cc26fa82f8bee1ea33ddae3f015747d	4016	vendored-node-dependencies	git show f773b3090ffd86cb5600fdaf3aca20ec9cc19606:e2e/node_modules/obug/dist/core.js
e2e/node_modules/obug/dist/node.d.ts	98d0e85c355ab4926848b9889a56644109071630	558	vendored-node-dependencies	git show f773b3090ffd86cb5600fdaf3aca20ec9cc19606:e2e/node_modules/obug/dist/node.d.ts
e2e/node_modules/obug/dist/node.js	70f6a4fa9a6708ea174f9f6f437ed34e7c50ee4a	3524	vendored-node-dependencies	git show f773b3090ffd86cb5600fdaf3aca20ec9cc19606:e2e/node_modules/obug/dist/node.js
e2e/node_modules/obug/package.json	d4007a4ac5f0134615fbb1e9e8e7f440a0bd088b	1942	vendored-node-dependencies	git show f773b3090ffd86cb5600fdaf3aca20ec9cc19606:e2e/node_modules/obug/package.json
e2e/node_modules/pathe/LICENSE	8eb90c4357a7f56509dca564e43831415bf78bfe	3355	vendored-node-dependencies	git show f773b3090ffd86cb5600fdaf3aca20ec9cc19606:e2e/node_modules/pathe/LICENSE
e2e/node_modules/pathe/README.md	8eddf93546f2113d6b8d7cee87dc16e86118081c	3048	vendored-node-dependencies	git show f773b3090ffd86cb5600fdaf3aca20ec9cc19606:e2e/node_modules/pathe/README.md
e2e/node_modules/pathe/dist/index.cjs	d64a6d2232889bc9636371e139d6df86c0448ffe	1249	vendored-node-dependencies	git show f773b3090ffd86cb5600fdaf3aca20ec9cc19606:e2e/node_modules/pathe/dist/index.cjs
e2e/node_modules/pathe/dist/index.d.cts	61046da2a5f3200514c3e5a69092e0eddccc7196	1901	vendored-node-dependencies	git show f773b3090ffd86cb5600fdaf3aca20ec9cc19606:e2e/node_modules/pathe/dist/index.d.cts
e2e/node_modules/pathe/dist/index.d.mts	61046da2a5f3200514c3e5a69092e0eddccc7196	1901	vendored-node-dependencies	git show f773b3090ffd86cb5600fdaf3aca20ec9cc19606:e2e/node_modules/pathe/dist/index.d.mts
e2e/node_modules/pathe/dist/index.d.ts	61046da2a5f3200514c3e5a69092e0eddccc7196	1901	vendored-node-dependencies	git show f773b3090ffd86cb5600fdaf3aca20ec9cc19606:e2e/node_modules/pathe/dist/index.d.ts
e2e/node_modules/pathe/dist/index.mjs	0582c1f492eb456b605937f117adaf1e541e8fbb	876	vendored-node-dependencies	git show f773b3090ffd86cb5600fdaf3aca20ec9cc19606:e2e/node_modules/pathe/dist/index.mjs
e2e/node_modules/pathe/dist/shared/pathe.BSlhyZSM.cjs	f4a62e319550d3974ee64cdcfa61f8bb393e2a20	13027	vendored-node-dependencies	git show f773b3090ffd86cb5600fdaf3aca20ec9cc19606:e2e/node_modules/pathe/dist/shared/pathe.BSlhyZSM.cjs
e2e/node_modules/pathe/dist/shared/pathe.M-eThtNZ.mjs	81d714d6eade10b6785aa28676a1976a8c1debae	12786	vendored-node-dependencies	git show f773b3090ffd86cb5600fdaf3aca20ec9cc19606:e2e/node_modules/pathe/dist/shared/pathe.M-eThtNZ.mjs
e2e/node_modules/pathe/dist/utils.cjs	03c7ff39fc579b586b018dcc4f0dae87cc9ab224	2521	vendored-node-dependencies	git show f773b3090ffd86cb5600fdaf3aca20ec9cc19606:e2e/node_modules/pathe/dist/utils.cjs
e2e/node_modules/pathe/dist/utils.d.cts	af369d023413d331cb96d05fe59afbd08ffaf2fb	1599	vendored-node-dependencies	git show f773b3090ffd86cb5600fdaf3aca20ec9cc19606:e2e/node_modules/pathe/dist/utils.d.cts
e2e/node_modules/pathe/dist/utils.d.mts	af369d023413d331cb96d05fe59afbd08ffaf2fb	1599	vendored-node-dependencies	git show f773b3090ffd86cb5600fdaf3aca20ec9cc19606:e2e/node_modules/pathe/dist/utils.d.mts
e2e/node_modules/pathe/dist/utils.d.ts	af369d023413d331cb96d05fe59afbd08ffaf2fb	1599	vendored-node-dependencies	git show f773b3090ffd86cb5600fdaf3aca20ec9cc19606:e2e/node_modules/pathe/dist/utils.d.ts
e2e/node_modules/pathe/dist/utils.mjs	748072e997365a4a7fa3246b0c16076095cfd3f8	2406	vendored-node-dependencies	git show f773b3090ffd86cb5600fdaf3aca20ec9cc19606:e2e/node_modules/pathe/dist/utils.mjs
e2e/node_modules/pathe/package.json	5522b285a811f53492a8b1974651c47625c4d6f4	1534	vendored-node-dependencies	git show f773b3090ffd86cb5600fdaf3aca20ec9cc19606:e2e/node_modules/pathe/package.json
e2e/node_modules/pathe/utils.d.ts	59cabd3e954b3f59e01a6dfb91187fe69fe10e87	30	vendored-node-dependencies	git show f773b3090ffd86cb5600fdaf3aca20ec9cc19606:e2e/node_modules/pathe/utils.d.ts
e2e/node_modules/picocolors/LICENSE	46c9b95d4b83c8eba2d9ed406f49930a9fdaf3e3	787	vendored-node-dependencies	git show f773b3090ffd86cb5600fdaf3aca20ec9cc19606:e2e/node_modules/picocolors/LICENSE
e2e/node_modules/picocolors/README.md	8e47aa8eea126388d0773e7f86f91471eb5e2150	622	vendored-node-dependencies	git show f773b3090ffd86cb5600fdaf3aca20ec9cc19606:e2e/node_modules/picocolors/README.md
e2e/node_modules/picocolors/package.json	372d4b642cf553e8234986a22441cce3aea3d11f	552	vendored-node-dependencies	git show f773b3090ffd86cb5600fdaf3aca20ec9cc19606:e2e/node_modules/picocolors/package.json
e2e/node_modules/picocolors/picocolors.browser.js	9dcf637cda1ae2b7ed3281c42463da234ae91398	598	vendored-node-dependencies	git show f773b3090ffd86cb5600fdaf3aca20ec9cc19606:e2e/node_modules/picocolors/picocolors.browser.js
e2e/node_modules/picocolors/picocolors.d.ts	94e146a82221e527be835656549ddfb1b41fd0c9	138	vendored-node-dependencies	git show f773b3090ffd86cb5600fdaf3aca20ec9cc19606:e2e/node_modules/picocolors/picocolors.d.ts
e2e/node_modules/picocolors/picocolors.js	e32df8548820fdf608b39331be07a8519a1b6c46	2663	vendored-node-dependencies	git show f773b3090ffd86cb5600fdaf3aca20ec9cc19606:e2e/node_modules/picocolors/picocolors.js
e2e/node_modules/picocolors/types.d.ts	cd1aec46792f4bdb4fd06aeabf1fd93c8b3f11ea	1013	vendored-node-dependencies	git show f773b3090ffd86cb5600fdaf3aca20ec9cc19606:e2e/node_modules/picocolors/types.d.ts
e2e/node_modules/picomatch/LICENSE	3608dca25e30b572b6ad6935c8c7918bf70e3d2f	1091	vendored-node-dependencies	git show f773b3090ffd86cb5600fdaf3aca20ec9cc19606:e2e/node_modules/picomatch/LICENSE
e2e/node_modules/picomatch/README.md	a480c743ba8c130e533901efdbba5705278e168f	28319	vendored-node-dependencies	git show f773b3090ffd86cb5600fdaf3aca20ec9cc19606:e2e/node_modules/picomatch/README.md
e2e/node_modules/picomatch/index.js	a753b1d9e843c93b62700aa155db920a1a940baa	479	vendored-node-dependencies	git show f773b3090ffd86cb5600fdaf3aca20ec9cc19606:e2e/node_modules/picomatch/index.js
e2e/node_modules/picomatch/lib/constants.js	f0aeda7d48171c71603af40d23bd4c8de7522c0e	4552	vendored-node-dependencies	git show f773b3090ffd86cb5600fdaf3aca20ec9cc19606:e2e/node_modules/picomatch/lib/constants.js
e2e/node_modules/picomatch/lib/parse.js	a85bb2d441e5c20331181411f67bef7a2d0a0d88	34668	vendored-node-dependencies	git show f773b3090ffd86cb5600fdaf3aca20ec9cc19606:e2e/node_modules/picomatch/lib/parse.js
e2e/node_modules/picomatch/lib/picomatch.js	9c2bfd5ca671a2d7d3461bf0fc380e6d1ace6cc5	10722	vendored-node-dependencies	git show f773b3090ffd86cb5600fdaf3aca20ec9cc19606:e2e/node_modules/picomatch/lib/picomatch.js
e2e/node_modules/picomatch/lib/scan.js	e59cd7a1357b184b0c70409b161fcf0ce5433af1	9189	vendored-node-dependencies	git show f773b3090ffd86cb5600fdaf3aca20ec9cc19606:e2e/node_modules/picomatch/lib/scan.js
e2e/node_modules/picomatch/lib/utils.js	9c97cae222ca82d7fc6fa29f2770212e0270bc03	1994	vendored-node-dependencies	git show f773b3090ffd86cb5600fdaf3aca20ec9cc19606:e2e/node_modules/picomatch/lib/utils.js
e2e/node_modules/picomatch/package.json	c8ebbaeb0041e33d7f4fe847403c5e3a57ebd5c0	1915	vendored-node-dependencies	git show f773b3090ffd86cb5600fdaf3aca20ec9cc19606:e2e/node_modules/picomatch/package.json
e2e/node_modules/picomatch/posix.js	d2f2bc59d0ac7c40b35c574c45bcedbf26263d75	60	vendored-node-dependencies	git show f773b3090ffd86cb5600fdaf3aca20ec9cc19606:e2e/node_modules/picomatch/posix.js
e2e/node_modules/playwright-core/LICENSE	df112373eb2e23e459bf93ec412be1764dc5a38b	11601	vendored-node-dependencies	git show f773b3090ffd86cb5600fdaf3aca20ec9cc19606:e2e/node_modules/playwright-core/LICENSE
e2e/node_modules/playwright-core/NOTICE	814ec1696f7ad36c1b524fb6adeef14b4b367fec	254	vendored-node-dependencies	git show f773b3090ffd86cb5600fdaf3aca20ec9cc19606:e2e/node_modules/playwright-core/NOTICE
e2e/node_modules/playwright-core/README.md	422b3739f5bc7cbd70583365bbe277be845727ce	120	vendored-node-dependencies	git show f773b3090ffd86cb5600fdaf3aca20ec9cc19606:e2e/node_modules/playwright-core/README.md
e2e/node_modules/playwright-core/ThirdPartyNotices.txt	369e2025a75bcae36383b4705efe0c70d35b5e74	676	vendored-node-dependencies	git show f773b3090ffd86cb5600fdaf3aca20ec9cc19606:e2e/node_modules/playwright-core/ThirdPartyNotices.txt
e2e/node_modules/playwright-core/browsers.json	a0651c74390cc68c1f2767bfc144bd4f9e4eecf4	1939	vendored-node-dependencies	git show f773b3090ffd86cb5600fdaf3aca20ec9cc19606:e2e/node_modules/playwright-core/browsers.json
e2e/node_modules/playwright-core/cli.js	f275a03346a8961e39da5ec55844beb2b89e1809	839	vendored-node-dependencies	git show f773b3090ffd86cb5600fdaf3aca20ec9cc19606:e2e/node_modules/playwright-core/cli.js
e2e/node_modules/playwright-core/index.d.ts	97c1493608de875b482561606d7d10bd691da26e	634	vendored-node-dependencies	git show f773b3090ffd86cb5600fdaf3aca20ec9cc19606:e2e/node_modules/playwright-core/index.d.ts
e2e/node_modules/playwright-core/index.js	9fc51a4d89475964e8346014f954fa395fd84525	697	vendored-node-dependencies	git show f773b3090ffd86cb5600fdaf3aca20ec9cc19606:e2e/node_modules/playwright-core/index.js
e2e/node_modules/playwright-core/index.mjs	3b3c75b0f7fa795fda632358486484b73d2af55f	1063	vendored-node-dependencies	git show f773b3090ffd86cb5600fdaf3aca20ec9cc19606:e2e/node_modules/playwright-core/index.mjs
e2e/node_modules/playwright-core/lib/bootstrap.js	9825a9a42e8ff654d952403f4a11ba865a2e65d7	3481	vendored-node-dependencies	git show f773b3090ffd86cb5600fdaf3aca20ec9cc19606:e2e/node_modules/playwright-core/lib/bootstrap.js
e2e/node_modules/playwright-core/lib/coreBundle.js	7d8468fd89fd4d292eade471c36e757c23cbec44	3352341	vendored-node-dependencies	git show f773b3090ffd86cb5600fdaf3aca20ec9cc19606:e2e/node_modules/playwright-core/lib/coreBundle.js
e2e/node_modules/playwright-core/lib/entry/cliDaemon.js	480f3b99788264ba4f8047ef38cf0933c7ef7b4c	197	vendored-node-dependencies	git show f773b3090ffd86cb5600fdaf3aca20ec9cc19606:e2e/node_modules/playwright-core/lib/entry/cliDaemon.js
e2e/node_modules/playwright-core/lib/entry/dashboardApp.js	5b7e30aa65bf430251f55fb155f6263c97b2688c	108	vendored-node-dependencies	git show f773b3090ffd86cb5600fdaf3aca20ec9cc19606:e2e/node_modules/playwright-core/lib/entry/dashboardApp.js
e2e/node_modules/playwright-core/lib/entry/mcp.js	2b57633401f5ea8a94f822c97ae3fdbedca47085	442	vendored-node-dependencies	git show f773b3090ffd86cb5600fdaf3aca20ec9cc19606:e2e/node_modules/playwright-core/lib/entry/mcp.js
e2e/node_modules/playwright-core/lib/entry/oopBrowserDownload.js	62dab85ac577c64c672f6f13418f41c1924985bc	120	vendored-node-dependencies	git show f773b3090ffd86cb5600fdaf3aca20ec9cc19606:e2e/node_modules/playwright-core/lib/entry/oopBrowserDownload.js
e2e/node_modules/playwright-core/lib/package.js	607f39ea91d75d70824ff14ac84f4d8ccfc92ea0	2112	vendored-node-dependencies	git show f773b3090ffd86cb5600fdaf3aca20ec9cc19606:e2e/node_modules/playwright-core/lib/package.js
e2e/node_modules/playwright-core/lib/server/chromium/appIcon.png	1c898466493ebb26f97a58ea33348cf34a5df648	16565	vendored-node-dependencies	git show f773b3090ffd86cb5600fdaf3aca20ec9cc19606:e2e/node_modules/playwright-core/lib/server/chromium/appIcon.png
e2e/node_modules/playwright-core/lib/server/deviceDescriptorsSource.json	9b93a4808f8da7aba6f2bd5b31819c80a2976bd0	80785	vendored-node-dependencies	git show f773b3090ffd86cb5600fdaf3aca20ec9cc19606:e2e/node_modules/playwright-core/lib/server/deviceDescriptorsSource.json
e2e/node_modules/playwright-core/lib/server/electron/loader.js	85427f6dbdddd8e9b49409502cc20c7ab7e16ebe	4821	vendored-node-dependencies	git show f773b3090ffd86cb5600fdaf3aca20ec9cc19606:e2e/node_modules/playwright-core/lib/server/electron/loader.js
e2e/node_modules/playwright-core/lib/serverRegistry.js	7c3d740d8ea0245345058bfe6b9d707378ea9c80	247050	vendored-node-dependencies	git show f773b3090ffd86cb5600fdaf3aca20ec9cc19606:e2e/node_modules/playwright-core/lib/serverRegistry.js
e2e/node_modules/playwright-core/lib/serverRegistry.js.LICENSE	8e2592a0e11e8a59b5e12a625c727fd99b7d3f9b	18617	vendored-node-dependencies	git show f773b3090ffd86cb5600fdaf3aca20ec9cc19606:e2e/node_modules/playwright-core/lib/serverRegistry.js.LICENSE
e2e/node_modules/playwright-core/lib/tools/cli-client/channelSessions.js	68749aaeef97df618684c1382b98042c5354aebc	7087	vendored-node-dependencies	git show f773b3090ffd86cb5600fdaf3aca20ec9cc19606:e2e/node_modules/playwright-core/lib/tools/cli-client/channelSessions.js
e2e/node_modules/playwright-core/lib/tools/cli-client/cli.js	52ec58a05f24ac45376f6662b147c9f877fa8159	153	vendored-node-dependencies	git show f773b3090ffd86cb5600fdaf3aca20ec9cc19606:e2e/node_modules/playwright-core/lib/tools/cli-client/cli.js
e2e/node_modules/playwright-core/lib/tools/cli-client/help.json	d1ef427c7133e8a9082a749f44847d0298bb4352	36596	vendored-node-dependencies	git show f773b3090ffd86cb5600fdaf3aca20ec9cc19606:e2e/node_modules/playwright-core/lib/tools/cli-client/help.json
e2e/node_modules/playwright-core/lib/tools/cli-client/minimist.js	1f5a4b04f6a28dcc6fba42fb8ebcb4d73c0557ae	4106	vendored-node-dependencies	git show f773b3090ffd86cb5600fdaf3aca20ec9cc19606:e2e/node_modules/playwright-core/lib/tools/cli-client/minimist.js
e2e/node_modules/playwright-core/lib/tools/cli-client/output.js	44e4149ab673898986ac2a5a54773272c3a700c8	11703	vendored-node-dependencies	git show f773b3090ffd86cb5600fdaf3aca20ec9cc19606:e2e/node_modules/playwright-core/lib/tools/cli-client/output.js
e2e/node_modules/playwright-core/lib/tools/cli-client/program.js	137dca1d47291320aba01bb701fb232434c6c121	16054	vendored-node-dependencies	git show f773b3090ffd86cb5600fdaf3aca20ec9cc19606:e2e/node_modules/playwright-core/lib/tools/cli-client/program.js
e2e/node_modules/playwright-core/lib/tools/cli-client/registry.js	21a947e614095aaf0e50ee7598adf242bb5206b4	6662	vendored-node-dependencies	git show f773b3090ffd86cb5600fdaf3aca20ec9cc19606:e2e/node_modules/playwright-core/lib/tools/cli-client/registry.js
e2e/node_modules/playwright-core/lib/tools/cli-client/session.js	61563f1c953b7baa003161acdee59f7dac9fd1bf	9395	vendored-node-dependencies	git show f773b3090ffd86cb5600fdaf3aca20ec9cc19606:e2e/node_modules/playwright-core/lib/tools/cli-client/session.js
e2e/node_modules/playwright-core/lib/tools/cli-client/skill/SKILL.md	252e62ce4f294e788a99ebd8ad701c9809ecac09	11869	vendored-node-dependencies	git show f773b3090ffd86cb5600fdaf3aca20ec9cc19606:e2e/node_modules/playwright-core/lib/tools/cli-client/skill/SKILL.md
e2e/node_modules/playwright-core/lib/tools/cli-client/skill/references/element-attributes.md	4e9fa6b99103bbe4e1262c37a9c4a664dfe1dbd5	665	vendored-node-dependencies	git show f773b3090ffd86cb5600fdaf3aca20ec9cc19606:e2e/node_modules/playwright-core/lib/tools/cli-client/skill/references/element-attributes.md
e2e/node_modules/playwright-core/lib/tools/cli-client/skill/references/playwright-tests.md	bec2ec90e4adbc6ed56f06ab19c34916ce7f736b	1690	vendored-node-dependencies	git show f773b3090ffd86cb5600fdaf3aca20ec9cc19606:e2e/node_modules/playwright-core/lib/tools/cli-client/skill/references/playwright-tests.md
e2e/node_modules/playwright-core/lib/tools/cli-client/skill/references/request-mocking.md	9005fda67dfc4af13848fd9ebedee08420aeec97	2182	vendored-node-dependencies	git show f773b3090ffd86cb5600fdaf3aca20ec9cc19606:e2e/node_modules/playwright-core/lib/tools/cli-client/skill/references/request-mocking.md
e2e/node_modules/playwright-core/lib/tools/cli-client/skill/references/running-code.md	98b541fb54cd68942795bc81519684eb2f58ecc9	5642	vendored-node-dependencies	git show f773b3090ffd86cb5600fdaf3aca20ec9cc19606:e2e/node_modules/playwright-core/lib/tools/cli-client/skill/references/running-code.md
e2e/node_modules/playwright-core/lib/tools/cli-client/skill/references/session-management.md	bf39acd5f4e3863d1dc2891d50183c03a5293646	5671	vendored-node-dependencies	git show f773b3090ffd86cb5600fdaf3aca20ec9cc19606:e2e/node_modules/playwright-core/lib/tools/cli-client/skill/references/session-management.md
e2e/node_modules/playwright-core/lib/tools/cli-client/skill/references/spec-driven-testing.md	336dbfc13a3d3f88c852d8d7420500357750c395	11578	vendored-node-dependencies	git show f773b3090ffd86cb5600fdaf3aca20ec9cc19606:e2e/node_modules/playwright-core/lib/tools/cli-client/skill/references/spec-driven-testing.md
e2e/node_modules/playwright-core/lib/tools/cli-client/skill/references/storage-state.md	bb5021a09097127c051eaad83a262ff755e62971	5198	vendored-node-dependencies	git show f773b3090ffd86cb5600fdaf3aca20ec9cc19606:e2e/node_modules/playwright-core/lib/tools/cli-client/skill/references/storage-state.md
e2e/node_modules/playwright-core/lib/tools/cli-client/skill/references/test-generation.md	a045c55d6e673a5258d9b7819a196c98ebd868e1	4585	vendored-node-dependencies	git show f773b3090ffd86cb5600fdaf3aca20ec9cc19606:e2e/node_modules/playwright-core/lib/tools/cli-client/skill/references/test-generation.md
e2e/node_modules/playwright-core/lib/tools/cli-client/skill/references/tracing.md	7ce7babbdf17c685a65228d4328e56fbd42e10a2	3440	vendored-node-dependencies	git show f773b3090ffd86cb5600fdaf3aca20ec9cc19606:e2e/node_modules/playwright-core/lib/tools/cli-client/skill/references/tracing.md
e2e/node_modules/playwright-core/lib/tools/cli-client/skill/references/video-recording.md	5209d21ee09805485d1ce12e8bc70176f9b69e25	5387	vendored-node-dependencies	git show f773b3090ffd86cb5600fdaf3aca20ec9cc19606:e2e/node_modules/playwright-core/lib/tools/cli-client/skill/references/video-recording.md
e2e/node_modules/playwright-core/lib/tools/dashboard/appIcon.png	75d66c784f553c7e283707d9a65588bf0e784903	18945	vendored-node-dependencies	git show f773b3090ffd86cb5600fdaf3aca20ec9cc19606:e2e/node_modules/playwright-core/lib/tools/dashboard/appIcon.png
e2e/node_modules/playwright-core/lib/tools/trace/SKILL.md	cc2e80a30b85ff4642c64f1f4d615f3d4d425298	4712	vendored-node-dependencies	git show f773b3090ffd86cb5600fdaf3aca20ec9cc19606:e2e/node_modules/playwright-core/lib/tools/trace/SKILL.md
e2e/node_modules/playwright-core/lib/tools/utils/extension.js	4e7dd3bb0a5b176c0268f9d8993a7ecf4d2f2a67	3132	vendored-node-dependencies	git show f773b3090ffd86cb5600fdaf3aca20ec9cc19606:e2e/node_modules/playwright-core/lib/tools/utils/extension.js
e2e/node_modules/playwright-core/lib/tools/utils/socketConnection.js	e464461fb07b460b1d57c899fd577a2eaeb3079d	3317	vendored-node-dependencies	git show f773b3090ffd86cb5600fdaf3aca20ec9cc19606:e2e/node_modules/playwright-core/lib/tools/utils/socketConnection.js
e2e/node_modules/playwright-core/lib/utilsBundle.js	0de7bb2e9023cf190434c2f8a1105fad9783fc1b	3143574	vendored-node-dependencies	git show f773b3090ffd86cb5600fdaf3aca20ec9cc19606:e2e/node_modules/playwright-core/lib/utilsBundle.js
e2e/node_modules/playwright-core/lib/utilsBundle.js.LICENSE	0c9912626da404b772d9a40efbf755f9843b795f	110417	vendored-node-dependencies	git show f773b3090ffd86cb5600fdaf3aca20ec9cc19606:e2e/node_modules/playwright-core/lib/utilsBundle.js.LICENSE
e2e/node_modules/playwright-core/lib/vite/dashboard/assets/codicon-DCmgc-ay.ttf	27ee4c68caef1cd22342f481420d6dbda1648012	80340	vendored-node-dependencies	git show f773b3090ffd86cb5600fdaf3aca20ec9cc19606:e2e/node_modules/playwright-core/lib/vite/dashboard/assets/codicon-DCmgc-ay.ttf
e2e/node_modules/playwright-core/lib/vite/dashboard/assets/firefox-1bWoP6pv.svg	f153cedd9c2289900cd373743d36ef76ce714525	7488	vendored-node-dependencies	git show f773b3090ffd86cb5600fdaf3aca20ec9cc19606:e2e/node_modules/playwright-core/lib/vite/dashboard/assets/firefox-1bWoP6pv.svg
e2e/node_modules/playwright-core/lib/vite/dashboard/assets/firefox-beta-k3eOH_eK.svg	4e6a498129fafdfb4fb8a1a8b31d7e42ded1269a	9280	vendored-node-dependencies	git show f773b3090ffd86cb5600fdaf3aca20ec9cc19606:e2e/node_modules/playwright-core/lib/vite/dashboard/assets/firefox-beta-k3eOH_eK.svg
e2e/node_modules/playwright-core/lib/vite/dashboard/assets/firefox-nightly-Cp5nfeDT.svg	16c6d3e061f5397599d58bd8b41526a49e2b073f	9143	vendored-node-dependencies	git show f773b3090ffd86cb5600fdaf3aca20ec9cc19606:e2e/node_modules/playwright-core/lib/vite/dashboard/assets/firefox-nightly-Cp5nfeDT.svg
e2e/node_modules/playwright-core/lib/vite/dashboard/assets/index-BY2S1tHT.css	9c626d302391eb2a67d1e6c3631d4ca5289a3157	142433	vendored-node-dependencies	git show f773b3090ffd86cb5600fdaf3aca20ec9cc19606:e2e/node_modules/playwright-core/lib/vite/dashboard/assets/index-BY2S1tHT.css
e2e/node_modules/playwright-core/lib/vite/dashboard/assets/index-C_5TMfeg.js	3ac041feca307f3bdc9705bd71ac783511056bc1	331501	vendored-node-dependencies	git show f773b3090ffd86cb5600fdaf3aca20ec9cc19606:e2e/node_modules/playwright-core/lib/vite/dashboard/assets/index-C_5TMfeg.js
e2e/node_modules/playwright-core/lib/vite/dashboard/assets/safari-na3_-uQk.svg	214ccc51a367597eadb65541037cd62c0c9f9e98	5254	vendored-node-dependencies	git show f773b3090ffd86cb5600fdaf3aca20ec9cc19606:e2e/node_modules/playwright-core/lib/vite/dashboard/assets/safari-na3_-uQk.svg
e2e/node_modules/playwright-core/lib/vite/dashboard/index.html	db69accbc75ce34024c877d68e00ecfb2d6d7507	1078	vendored-node-dependencies	git show f773b3090ffd86cb5600fdaf3aca20ec9cc19606:e2e/node_modules/playwright-core/lib/vite/dashboard/index.html
e2e/node_modules/playwright-core/lib/vite/dashboard/playwright-logo.svg	aafc3fa242c9081a528dca9024fa38ac2a86fda6	5645	vendored-node-dependencies	git show f773b3090ffd86cb5600fdaf3aca20ec9cc19606:e2e/node_modules/playwright-core/lib/vite/dashboard/playwright-logo.svg
e2e/node_modules/playwright-core/lib/vite/htmlReport/index.html	f510da73580c72e35cd4e450107409a60275ce05	464	vendored-node-dependencies	git show f773b3090ffd86cb5600fdaf3aca20ec9cc19606:e2e/node_modules/playwright-core/lib/vite/htmlReport/index.html
e2e/node_modules/playwright-core/lib/vite/htmlReport/report.css	db6a19f620d5dd1235a792a5dd527158dbaf26dc	108330	vendored-node-dependencies	git show f773b3090ffd86cb5600fdaf3aca20ec9cc19606:e2e/node_modules/playwright-core/lib/vite/htmlReport/report.css
e2e/node_modules/playwright-core/lib/vite/htmlReport/report.js	566831787d24f1d3519d6c49ec77fb5864c1487a	416009	vendored-node-dependencies	git show f773b3090ffd86cb5600fdaf3aca20ec9cc19606:e2e/node_modules/playwright-core/lib/vite/htmlReport/report.js
e2e/node_modules/playwright-core/lib/vite/recorder/assets/codeMirrorModule-DYBRYzYX.css	132b892dd370300b2d7c85001d6dab7712f0f8ba	6421	vendored-node-dependencies	git show f773b3090ffd86cb5600fdaf3aca20ec9cc19606:e2e/node_modules/playwright-core/lib/vite/recorder/assets/codeMirrorModule-DYBRYzYX.css
e2e/node_modules/playwright-core/lib/vite/recorder/assets/codeMirrorModule-DeBYQozu.js	6b49a37591142d08ed9a45112c9544806c304395	313009	vendored-node-dependencies	git show f773b3090ffd86cb5600fdaf3aca20ec9cc19606:e2e/node_modules/playwright-core/lib/vite/recorder/assets/codeMirrorModule-DeBYQozu.js
e2e/node_modules/playwright-core/lib/vite/recorder/assets/codicon-DCmgc-ay.ttf	27ee4c68caef1cd22342f481420d6dbda1648012	80340	vendored-node-dependencies	git show f773b3090ffd86cb5600fdaf3aca20ec9cc19606:e2e/node_modules/playwright-core/lib/vite/recorder/assets/codicon-DCmgc-ay.ttf
e2e/node_modules/playwright-core/lib/vite/recorder/assets/index-4ZiSSCmn.css	dfa5174d91659d254877e24469c10122da717dd6	92234	vendored-node-dependencies	git show f773b3090ffd86cb5600fdaf3aca20ec9cc19606:e2e/node_modules/playwright-core/lib/vite/recorder/assets/index-4ZiSSCmn.css
e2e/node_modules/playwright-core/lib/vite/recorder/assets/index-Bq-mQf8S.js	760a37eac50372aea6c399c4aad19a3ca9efd99f	365888	vendored-node-dependencies	git show f773b3090ffd86cb5600fdaf3aca20ec9cc19606:e2e/node_modules/playwright-core/lib/vite/recorder/assets/index-Bq-mQf8S.js
e2e/node_modules/playwright-core/lib/vite/recorder/index.html	336405d5a98f5b0350a2fdb1d5b689bf53c01626	1078	vendored-node-dependencies	git show f773b3090ffd86cb5600fdaf3aca20ec9cc19606:e2e/node_modules/playwright-core/lib/vite/recorder/index.html
e2e/node_modules/playwright-core/lib/vite/recorder/playwright-logo.svg	7b3ca7d6c99bcbc5c1a00c2a17bbae1c462f2020	5033	vendored-node-dependencies	git show f773b3090ffd86cb5600fdaf3aca20ec9cc19606:e2e/node_modules/playwright-core/lib/vite/recorder/playwright-logo.svg
e2e/node_modules/playwright-core/lib/vite/traceViewer/assets/codeMirrorModule-LEHpjmcn.js	16e51dcafc8d63fdb13757c23e7854d351b8eeac	313054	vendored-node-dependencies	git show f773b3090ffd86cb5600fdaf3aca20ec9cc19606:e2e/node_modules/playwright-core/lib/vite/traceViewer/assets/codeMirrorModule-LEHpjmcn.js
e2e/node_modules/playwright-core/lib/vite/traceViewer/assets/defaultSettingsView-BNmKHKpQ.js	29f4daebebde183073e603a9a504043418d0d994	658064	vendored-node-dependencies	git show f773b3090ffd86cb5600fdaf3aca20ec9cc19606:e2e/node_modules/playwright-core/lib/vite/traceViewer/assets/defaultSettingsView-BNmKHKpQ.js
e2e/node_modules/playwright-core/lib/vite/traceViewer/assets/urlMatch-BYQrIQwR.js	9fd97c3da0f6fa5df46ad4a0479f8ce95e417269	819	vendored-node-dependencies	git show f773b3090ffd86cb5600fdaf3aca20ec9cc19606:e2e/node_modules/playwright-core/lib/vite/traceViewer/assets/urlMatch-BYQrIQwR.js
e2e/node_modules/playwright-core/lib/vite/traceViewer/assets/xtermModule-CsJ4vdCR.js	d49985f1d7d72e7b7a0f87501fdb6865ed1724b5	292244	vendored-node-dependencies	git show f773b3090ffd86cb5600fdaf3aca20ec9cc19606:e2e/node_modules/playwright-core/lib/vite/traceViewer/assets/xtermModule-CsJ4vdCR.js
e2e/node_modules/playwright-core/lib/vite/traceViewer/codeMirrorModule.DYBRYzYX.css	132b892dd370300b2d7c85001d6dab7712f0f8ba	6421	vendored-node-dependencies	git show f773b3090ffd86cb5600fdaf3aca20ec9cc19606:e2e/node_modules/playwright-core/lib/vite/traceViewer/codeMirrorModule.DYBRYzYX.css
e2e/node_modules/playwright-core/lib/vite/traceViewer/codicon.DCmgc-ay.ttf	27ee4c68caef1cd22342f481420d6dbda1648012	80340	vendored-node-dependencies	git show f773b3090ffd86cb5600fdaf3aca20ec9cc19606:e2e/node_modules/playwright-core/lib/vite/traceViewer/codicon.DCmgc-ay.ttf
e2e/node_modules/playwright-core/lib/vite/traceViewer/defaultSettingsView.CjdS-WJx.css	0e40a53b9ddb5b3e4e2a12ec781e5951788f8a40	112258	vendored-node-dependencies	git show f773b3090ffd86cb5600fdaf3aca20ec9cc19606:e2e/node_modules/playwright-core/lib/vite/traceViewer/defaultSettingsView.CjdS-WJx.css
e2e/node_modules/playwright-core/lib/vite/traceViewer/index.CzXZzn5A.css	b626586352987f9af6638558b4e35d698ac4961f	2111	vendored-node-dependencies	git show f773b3090ffd86cb5600fdaf3aca20ec9cc19606:e2e/node_modules/playwright-core/lib/vite/traceViewer/index.CzXZzn5A.css
e2e/node_modules/playwright-core/lib/vite/traceViewer/index.DMMX1gXU.js	0f3cb61266896d01a97f4d7ed117c6d733d87e5f	6547	vendored-node-dependencies	git show f773b3090ffd86cb5600fdaf3aca20ec9cc19606:e2e/node_modules/playwright-core/lib/vite/traceViewer/index.DMMX1gXU.js
e2e/node_modules/playwright-core/lib/vite/traceViewer/index.html	4e61864cf78842ad8d74521f013d402f1f33abcc	2363	vendored-node-dependencies	git show f773b3090ffd86cb5600fdaf3aca20ec9cc19606:e2e/node_modules/playwright-core/lib/vite/traceViewer/index.html
e2e/node_modules/playwright-core/lib/vite/traceViewer/manifest.webmanifest	f823692c3156a3f8dfef96f11c336951d88bd5c1	429	vendored-node-dependencies	git show f773b3090ffd86cb5600fdaf3aca20ec9cc19606:e2e/node_modules/playwright-core/lib/vite/traceViewer/manifest.webmanifest
e2e/node_modules/playwright-core/lib/vite/traceViewer/playwright-logo.svg	7b3ca7d6c99bcbc5c1a00c2a17bbae1c462f2020	5033	vendored-node-dependencies	git show f773b3090ffd86cb5600fdaf3aca20ec9cc19606:e2e/node_modules/playwright-core/lib/vite/traceViewer/playwright-logo.svg
e2e/node_modules/playwright-core/lib/vite/traceViewer/snapshot.html	b76e403e0d83494b9f1f54c2fa039795c745f2e8	389	vendored-node-dependencies	git show f773b3090ffd86cb5600fdaf3aca20ec9cc19606:e2e/node_modules/playwright-core/lib/vite/traceViewer/snapshot.html
e2e/node_modules/playwright-core/lib/vite/traceViewer/snapshot.v8KI4P3m.js	718538d7ba79e4d1bd17adf3079a8c1b9c6c4742	660	vendored-node-dependencies	git show f773b3090ffd86cb5600fdaf3aca20ec9cc19606:e2e/node_modules/playwright-core/lib/vite/traceViewer/snapshot.v8KI4P3m.js
e2e/node_modules/playwright-core/lib/vite/traceViewer/sw.bundle.js	c550b50c5da7b8043b3cfb501fb87eebfcdf2213	95855	vendored-node-dependencies	git show f773b3090ffd86cb5600fdaf3aca20ec9cc19606:e2e/node_modules/playwright-core/lib/vite/traceViewer/sw.bundle.js
e2e/node_modules/playwright-core/lib/vite/traceViewer/uiMode.BZQ54Kgt.css	2bebb9c85bdaf953bab1c7a169861572afdba73d	60311	vendored-node-dependencies	git show f773b3090ffd86cb5600fdaf3aca20ec9cc19606:e2e/node_modules/playwright-core/lib/vite/traceViewer/uiMode.BZQ54Kgt.css
e2e/node_modules/playwright-core/lib/vite/traceViewer/uiMode.Ut8wwJNp.js	8a00936210c1146c24ebfb10063bbd921c7ecb8b	38514	vendored-node-dependencies	git show f773b3090ffd86cb5600fdaf3aca20ec9cc19606:e2e/node_modules/playwright-core/lib/vite/traceViewer/uiMode.Ut8wwJNp.js
e2e/node_modules/playwright-core/lib/vite/traceViewer/uiMode.html	50a0973dd6b34bf770c1d67b9d0c552f1e44dd01	727	vendored-node-dependencies	git show f773b3090ffd86cb5600fdaf3aca20ec9cc19606:e2e/node_modules/playwright-core/lib/vite/traceViewer/uiMode.html
e2e/node_modules/playwright-core/lib/vite/traceViewer/xtermModule.DYP7pi_n.css	c27f4fb9a6a443978849a4c30321a424626ead67	4150	vendored-node-dependencies	git show f773b3090ffd86cb5600fdaf3aca20ec9cc19606:e2e/node_modules/playwright-core/lib/vite/traceViewer/xtermModule.DYP7pi_n.css
e2e/node_modules/playwright-core/lib/xdg-open	b392fbff415a38cebc817dd31fd1bb102c20d44b	25778	vendored-node-dependencies	git show f773b3090ffd86cb5600fdaf3aca20ec9cc19606:e2e/node_modules/playwright-core/lib/xdg-open
e2e/node_modules/playwright-core/package.json	44be66bc6b475c17cfc8d6da9ba10cebca9c7d67	876	vendored-node-dependencies	git show f773b3090ffd86cb5600fdaf3aca20ec9cc19606:e2e/node_modules/playwright-core/package.json
e2e/node_modules/playwright-core/types/protocol.d.ts	6e59437648d1c52d0642da044c135c4463237055	814471	vendored-node-dependencies	git show f773b3090ffd86cb5600fdaf3aca20ec9cc19606:e2e/node_modules/playwright-core/types/protocol.d.ts
e2e/node_modules/playwright-core/types/structs.d.ts	9c621cff35fb8eb20ce6edf6057cfa15fd306796	2103	vendored-node-dependencies	git show f773b3090ffd86cb5600fdaf3aca20ec9cc19606:e2e/node_modules/playwright-core/types/structs.d.ts
e2e/node_modules/playwright-core/types/types.d.ts	0bff9d367c0b3a4bdad12bedfb2c4afe508cb5c6	1003279	vendored-node-dependencies	git show f773b3090ffd86cb5600fdaf3aca20ec9cc19606:e2e/node_modules/playwright-core/types/types.d.ts
e2e/node_modules/playwright/LICENSE	df112373eb2e23e459bf93ec412be1764dc5a38b	11601	vendored-node-dependencies	git show f773b3090ffd86cb5600fdaf3aca20ec9cc19606:e2e/node_modules/playwright/LICENSE
e2e/node_modules/playwright/NOTICE	814ec1696f7ad36c1b524fb6adeef14b4b367fec	254	vendored-node-dependencies	git show f773b3090ffd86cb5600fdaf3aca20ec9cc19606:e2e/node_modules/playwright/NOTICE
e2e/node_modules/playwright/README.md	d3abb8ffa03be5735676d55bc0596fdc402dbf9f	11282	vendored-node-dependencies	git show f773b3090ffd86cb5600fdaf3aca20ec9cc19606:e2e/node_modules/playwright/README.md
e2e/node_modules/playwright/ThirdPartyNotices.txt	f9ee0a552ec4258fe553c1a7f8083b62fa954b6c	705	vendored-node-dependencies	git show f773b3090ffd86cb5600fdaf3aca20ec9cc19606:e2e/node_modules/playwright/ThirdPartyNotices.txt
e2e/node_modules/playwright/cli.js	5db59b62cdc8c26e1209bacbd0233e13bb949b96	698	vendored-node-dependencies	git show f773b3090ffd86cb5600fdaf3aca20ec9cc19606:e2e/node_modules/playwright/cli.js
e2e/node_modules/playwright/index.d.ts	e2add353db0dee60089ae66961eb1378bacaee91	636	vendored-node-dependencies	git show f773b3090ffd86cb5600fdaf3aca20ec9cc19606:e2e/node_modules/playwright/index.d.ts
e2e/node_modules/playwright/index.js	e263df6ab1f0190497dc015c678874f0e6baf343	648	vendored-node-dependencies	git show f773b3090ffd86cb5600fdaf3aca20ec9cc19606:e2e/node_modules/playwright/index.js
e2e/node_modules/playwright/index.mjs	c736e9d13ad09e54ee6f1fe000a9c8d8aa853f40	704	vendored-node-dependencies	git show f773b3090ffd86cb5600fdaf3aca20ec9cc19606:e2e/node_modules/playwright/index.mjs
e2e/node_modules/playwright/jsx-runtime.js	ff3d79e34eb4c63207e0023f8eb1c8e4e6e3a5d6	942	vendored-node-dependencies	git show f773b3090ffd86cb5600fdaf3aca20ec9cc19606:e2e/node_modules/playwright/jsx-runtime.js
e2e/node_modules/playwright/jsx-runtime.mjs	1dfd5835aa0ec2d3140f12cf485a68aa9ac5ca7a	764	vendored-node-dependencies	git show f773b3090ffd86cb5600fdaf3aca20ec9cc19606:e2e/node_modules/playwright/jsx-runtime.mjs
e2e/node_modules/playwright/lib/agents/agentParser.js	c870be02e1ee42e13078ee57764418f094ffe712	3475	vendored-node-dependencies	git show f773b3090ffd86cb5600fdaf3aca20ec9cc19606:e2e/node_modules/playwright/lib/agents/agentParser.js
e2e/node_modules/playwright/lib/agents/copilot-setup-steps.yml	d9b5b711e61736718d759fb72954d08581460999	646	vendored-node-dependencies	git show f773b3090ffd86cb5600fdaf3aca20ec9cc19606:e2e/node_modules/playwright/lib/agents/copilot-setup-steps.yml
e2e/node_modules/playwright/lib/agents/generateAgents.js	89f887f6f141867c47a6835a51ab914fe6714bbf	16958	vendored-node-dependencies	git show f773b3090ffd86cb5600fdaf3aca20ec9cc19606:e2e/node_modules/playwright/lib/agents/generateAgents.js
e2e/node_modules/playwright/lib/agents/playwright-test-coverage.prompt.md	4845192042840ef5ec6d4a37b44b047d2f3a2ec9	1294	vendored-node-dependencies	git show f773b3090ffd86cb5600fdaf3aca20ec9cc19606:e2e/node_modules/playwright/lib/agents/playwright-test-coverage.prompt.md
e2e/node_modules/playwright/lib/agents/playwright-test-generate.prompt.md	335e9fd8ad3c632c828a92f91ec5f95693bad7d3	175	vendored-node-dependencies	git show f773b3090ffd86cb5600fdaf3aca20ec9cc19606:e2e/node_modules/playwright/lib/agents/playwright-test-generate.prompt.md
e2e/node_modules/playwright/lib/agents/playwright-test-generator.agent.md	b5b49d04bac865bfff9886e5ea2742bad72161c8	3336	vendored-node-dependencies	git show f773b3090ffd86cb5600fdaf3aca20ec9cc19606:e2e/node_modules/playwright/lib/agents/playwright-test-generator.agent.md
e2e/node_modules/playwright/lib/agents/playwright-test-heal.prompt.md	f1ca0c67f4c5f6543d1168441a2ceb4daa54a0ef	105	vendored-node-dependencies	git show f773b3090ffd86cb5600fdaf3aca20ec9cc19606:e2e/node_modules/playwright/lib/agents/playwright-test-heal.prompt.md
e2e/node_modules/playwright/lib/agents/playwright-test-healer.agent.md	79d5a94b0580dcbcffb4e1ba72d528b0767a4bf2	2891	vendored-node-dependencies	git show f773b3090ffd86cb5600fdaf3aca20ec9cc19606:e2e/node_modules/playwright/lib/agents/playwright-test-healer.agent.md
e2e/node_modules/playwright/lib/agents/playwright-test-plan.prompt.md	18e1c90028dce795ab863280e390e77e6ce31842	196	vendored-node-dependencies	git show f773b3090ffd86cb5600fdaf3aca20ec9cc19606:e2e/node_modules/playwright/lib/agents/playwright-test-plan.prompt.md
e2e/node_modules/playwright/lib/agents/playwright-test-planner.agent.md	ad72d4ac01146eed89239777dc4c316292c78ee9	2808	vendored-node-dependencies	git show f773b3090ffd86cb5600fdaf3aca20ec9cc19606:e2e/node_modules/playwright/lib/agents/playwright-test-planner.agent.md
e2e/node_modules/playwright/lib/cli/reportActions.js	de9c3034e8fd7276ccc71205be4ddbde19577481	3562	vendored-node-dependencies	git show f773b3090ffd86cb5600fdaf3aca20ec9cc19606:e2e/node_modules/playwright/lib/cli/reportActions.js
e2e/node_modules/playwright/lib/cli/testActions.js	368e9ff13b84fc508e1b2e6c36f7f28d64da529d	9372	vendored-node-dependencies	git show f773b3090ffd86cb5600fdaf3aca20ec9cc19606:e2e/node_modules/playwright/lib/cli/testActions.js
e2e/node_modules/playwright/lib/common/index.js	93b0e2357878e2f5f6dc0d888d04970d3880cc92	115552	vendored-node-dependencies	git show f773b3090ffd86cb5600fdaf3aca20ec9cc19606:e2e/node_modules/playwright/lib/common/index.js
e2e/node_modules/playwright/lib/common/index.js.txt	694c6075958340250b48d76bd0bc59be3002cebb	1430	vendored-node-dependencies	git show f773b3090ffd86cb5600fdaf3aca20ec9cc19606:e2e/node_modules/playwright/lib/common/index.js.txt
e2e/node_modules/playwright/lib/errorContext.js	31b73f177788d4f7a3a761f54c968e6157869389	4619	vendored-node-dependencies	git show f773b3090ffd86cb5600fdaf3aca20ec9cc19606:e2e/node_modules/playwright/lib/errorContext.js
e2e/node_modules/playwright/lib/globals.js	83e7478488f3cafd46bb93bf6c5363ebcd44b0c5	1935	vendored-node-dependencies	git show f773b3090ffd86cb5600fdaf3aca20ec9cc19606:e2e/node_modules/playwright/lib/globals.js
e2e/node_modules/playwright/lib/index.js	0058c5e2ed55dcb0a62a9832bd43d15f1369de9a	34528	vendored-node-dependencies	git show f773b3090ffd86cb5600fdaf3aca20ec9cc19606:e2e/node_modules/playwright/lib/index.js
e2e/node_modules/playwright/lib/isomorphic.js	da00d74a70ca2f77e9224d8d1e5e2b9e93c70522	8191	vendored-node-dependencies	git show f773b3090ffd86cb5600fdaf3aca20ec9cc19606:e2e/node_modules/playwright/lib/isomorphic.js
e2e/node_modules/playwright/lib/isomorphic.js.txt	a23ac2e8ef9d379eae4c36a33b0326b90f549a46	267	vendored-node-dependencies	git show f773b3090ffd86cb5600fdaf3aca20ec9cc19606:e2e/node_modules/playwright/lib/isomorphic.js.txt
e2e/node_modules/playwright/lib/loader/loaderProcessEntry.js	9a76597422296a119fb92801687620aefe085d7e	1262	vendored-node-dependencies	git show f773b3090ffd86cb5600fdaf3aca20ec9cc19606:e2e/node_modules/playwright/lib/loader/loaderProcessEntry.js
e2e/node_modules/playwright/lib/loader/loaderProcessEntry.js.txt	7000ac7fd026b8247310cee93c87999a9a99869c	234	vendored-node-dependencies	git show f773b3090ffd86cb5600fdaf3aca20ec9cc19606:e2e/node_modules/playwright/lib/loader/loaderProcessEntry.js.txt
e2e/node_modules/playwright/lib/matchers/expect.js	f42cfcdee9184f38f4a7033450dcad610e378775	526213	vendored-node-dependencies	git show f773b3090ffd86cb5600fdaf3aca20ec9cc19606:e2e/node_modules/playwright/lib/matchers/expect.js
e2e/node_modules/playwright/lib/matchers/expect.js.LICENSE	2b8f969f8e7217f09b891f03477e1cd20f6865c9	39215	vendored-node-dependencies	git show f773b3090ffd86cb5600fdaf3aca20ec9cc19606:e2e/node_modules/playwright/lib/matchers/expect.js.LICENSE
e2e/node_modules/playwright/lib/matchers/expect.js.txt	86b44dcd0a73fd0d5cd781d081eea9a3d7ae3f79	3903	vendored-node-dependencies	git show f773b3090ffd86cb5600fdaf3aca20ec9cc19606:e2e/node_modules/playwright/lib/matchers/expect.js.txt
e2e/node_modules/playwright/lib/mcp/test/browserBackend.js	db9414d0ec617e6703463fd3dd5c0b4772e364f6	4889	vendored-node-dependencies	git show f773b3090ffd86cb5600fdaf3aca20ec9cc19606:e2e/node_modules/playwright/lib/mcp/test/browserBackend.js
e2e/node_modules/playwright/lib/mcp/test/generatorTools.js	862c36b4317b773c577b0ccbb00be39698a97184	5427	vendored-node-dependencies	git show f773b3090ffd86cb5600fdaf3aca20ec9cc19606:e2e/node_modules/playwright/lib/mcp/test/generatorTools.js
e2e/node_modules/playwright/lib/mcp/test/plannerTools.js	23ca09926a059d42aa6efee5b80f4a8fca53e1e4	6379	vendored-node-dependencies	git show f773b3090ffd86cb5600fdaf3aca20ec9cc19606:e2e/node_modules/playwright/lib/mcp/test/plannerTools.js
e2e/node_modules/playwright/lib/mcp/test/seed.js	ef3c8c82f4a72fe15168eab6e6c276994f479fc6	3239	vendored-node-dependencies	git show f773b3090ffd86cb5600fdaf3aca20ec9cc19606:e2e/node_modules/playwright/lib/mcp/test/seed.js
e2e/node_modules/playwright/lib/mcp/test/streams.js	4ab9e371308826713ba16d002dbe8664c862233d	1577	vendored-node-dependencies	git show f773b3090ffd86cb5600fdaf3aca20ec9cc19606:e2e/node_modules/playwright/lib/mcp/test/streams.js
e2e/node_modules/playwright/lib/mcp/test/testBackend.js	c081ff74cd7315ea5d5611e3fa1aa86bfa5e186c	4067	vendored-node-dependencies	git show f773b3090ffd86cb5600fdaf3aca20ec9cc19606:e2e/node_modules/playwright/lib/mcp/test/testBackend.js
e2e/node_modules/playwright/lib/mcp/test/testContext.js	70e17db8738a50319039027c13f4d4e2b9e743dc	11637	vendored-node-dependencies	git show f773b3090ffd86cb5600fdaf3aca20ec9cc19606:e2e/node_modules/playwright/lib/mcp/test/testContext.js
e2e/node_modules/playwright/lib/mcp/test/testTool.js	36f0f250d0d3e473832be60437fe218b47ba52a4	1104	vendored-node-dependencies	git show f773b3090ffd86cb5600fdaf3aca20ec9cc19606:e2e/node_modules/playwright/lib/mcp/test/testTool.js
e2e/node_modules/playwright/lib/mcp/test/testTools.js	0ed28b7cce883389c7d75fc39db90235bfe157a9	3714	vendored-node-dependencies	git show f773b3090ffd86cb5600fdaf3aca20ec9cc19606:e2e/node_modules/playwright/lib/mcp/test/testTools.js
e2e/node_modules/playwright/lib/package.js	890926d97b8618742be75cef66f97930cd3a51fb	2013	vendored-node-dependencies	git show f773b3090ffd86cb5600fdaf3aca20ec9cc19606:e2e/node_modules/playwright/lib/package.js
e2e/node_modules/playwright/lib/program.js	a91ae16a959910ee2036d841ac184f950d25c6ad	13581	vendored-node-dependencies	git show f773b3090ffd86cb5600fdaf3aca20ec9cc19606:e2e/node_modules/playwright/lib/program.js
e2e/node_modules/playwright/lib/runner/index.js	d9c122cd73b5fcbdb890cfd8c08f14d33825f05c	297798	vendored-node-dependencies	git show f773b3090ffd86cb5600fdaf3aca20ec9cc19606:e2e/node_modules/playwright/lib/runner/index.js
e2e/node_modules/playwright/lib/runner/index.js.txt	5ea933b627c3a931a145b7b5109b98386e9f988f	2857	vendored-node-dependencies	git show f773b3090ffd86cb5600fdaf3aca20ec9cc19606:e2e/node_modules/playwright/lib/runner/index.js.txt
e2e/node_modules/playwright/lib/transform/babelBundle.js	4727f590e32b73212e2091be1346455d2e0d6768	2789601	vendored-node-dependencies	git show f773b3090ffd86cb5600fdaf3aca20ec9cc19606:e2e/node_modules/playwright/lib/transform/babelBundle.js
e2e/node_modules/playwright/lib/transform/babelBundle.js.LICENSE	322b564090d3c923e50cee3e3422dd07a932b7fe	121614	vendored-node-dependencies	git show f773b3090ffd86cb5600fdaf3aca20ec9cc19606:e2e/node_modules/playwright/lib/transform/babelBundle.js.LICENSE
e2e/node_modules/playwright/lib/transform/babelBundle.js.txt	63c162bce4534d0e9ae83aa2f376ec86e524c27e	21706	vendored-node-dependencies	git show f773b3090ffd86cb5600fdaf3aca20ec9cc19606:e2e/node_modules/playwright/lib/transform/babelBundle.js.txt
e2e/node_modules/playwright/lib/transform/esmLoader.js	f7180745e5ffaeadc320e44ec4ac53ee726a3574	255065	vendored-node-dependencies	git show f773b3090ffd86cb5600fdaf3aca20ec9cc19606:e2e/node_modules/playwright/lib/transform/esmLoader.js
e2e/node_modules/playwright/lib/transform/esmLoader.js.LICENSE	8f836c14d8a0b18cd031f2000b00969ac9c98880	17875	vendored-node-dependencies	git show f773b3090ffd86cb5600fdaf3aca20ec9cc19606:e2e/node_modules/playwright/lib/transform/esmLoader.js.LICENSE
e2e/node_modules/playwright/lib/transform/esmLoader.js.txt	be777eb2b3cd0ae7e54bfbd9b14f5e56190312a6	2465	vendored-node-dependencies	git show f773b3090ffd86cb5600fdaf3aca20ec9cc19606:e2e/node_modules/playwright/lib/transform/esmLoader.js.txt
e2e/node_modules/playwright/lib/util.js	5418c57346166d9b17c24c109238efde34ddce2d	15165	vendored-node-dependencies	git show f773b3090ffd86cb5600fdaf3aca20ec9cc19606:e2e/node_modules/playwright/lib/util.js
e2e/node_modules/playwright/lib/worker/workerProcessEntry.js	4a92fc1d9ef3d38b3944c683bdfcb9fb2833f4c3	75892	vendored-node-dependencies	git show f773b3090ffd86cb5600fdaf3aca20ec9cc19606:e2e/node_modules/playwright/lib/worker/workerProcessEntry.js
e2e/node_modules/playwright/lib/worker/workerProcessEntry.js.txt	14679fd8a4473da415700ee7d7e7e59ddff76021	692	vendored-node-dependencies	git show f773b3090ffd86cb5600fdaf3aca20ec9cc19606:e2e/node_modules/playwright/lib/worker/workerProcessEntry.js.txt
e2e/node_modules/playwright/package.json	c077784753ce620ce1316acd58f18b9ae1ecfe31	1559	vendored-node-dependencies	git show f773b3090ffd86cb5600fdaf3aca20ec9cc19606:e2e/node_modules/playwright/package.json
e2e/node_modules/playwright/test.d.ts	4369d23a3c933a50df8f34be7123e39aae6920ba	673	vendored-node-dependencies	git show f773b3090ffd86cb5600fdaf3aca20ec9cc19606:e2e/node_modules/playwright/test.d.ts
e2e/node_modules/playwright/test.js	42af95539c819f4fcec1878c7567d9e7f6ce6c7f	806	vendored-node-dependencies	git show f773b3090ffd86cb5600fdaf3aca20ec9cc19606:e2e/node_modules/playwright/test.js
e2e/node_modules/playwright/test.mjs	69c5f6459be7056bffcbba5bacc6ef6e8c53d481	1400	vendored-node-dependencies	git show f773b3090ffd86cb5600fdaf3aca20ec9cc19606:e2e/node_modules/playwright/test.mjs
e2e/node_modules/playwright/types/test.d.ts	c2037da8f806ba6f92c298f9e50bfe77d6592162	374132	vendored-node-dependencies	git show f773b3090ffd86cb5600fdaf3aca20ec9cc19606:e2e/node_modules/playwright/types/test.d.ts
e2e/node_modules/playwright/types/testReporter.d.ts	e5bd52c42995e33f82bdd22713ea3aa1f8c6af6e	28107	vendored-node-dependencies	git show f773b3090ffd86cb5600fdaf3aca20ec9cc19606:e2e/node_modules/playwright/types/testReporter.d.ts
e2e/node_modules/postcss/LICENSE	c2314d53d097cd36006110afd82fe3d09701a7c5	1095	vendored-node-dependencies	git show f773b3090ffd86cb5600fdaf3aca20ec9cc19606:e2e/node_modules/postcss/LICENSE
e2e/node_modules/postcss/README.md	2df9301d3f5c3b033924551bbf0841f79e905506	1098	vendored-node-dependencies	git show f773b3090ffd86cb5600fdaf3aca20ec9cc19606:e2e/node_modules/postcss/README.md
e2e/node_modules/postcss/lib/at-rule.d.ts	703e39998d64c5619b62804917e5ff714211c696	3356	vendored-node-dependencies	git show f773b3090ffd86cb5600fdaf3aca20ec9cc19606:e2e/node_modules/postcss/lib/at-rule.d.ts
e2e/node_modules/postcss/lib/at-rule.js	9486447b029c6c9991ca1b62e5a5d57c611a7503	471	vendored-node-dependencies	git show f773b3090ffd86cb5600fdaf3aca20ec9cc19606:e2e/node_modules/postcss/lib/at-rule.js
e2e/node_modules/postcss/lib/comment.d.ts	f764109b7a21c1527933d95bbfc2d5442834df40	1680	vendored-node-dependencies	git show f773b3090ffd86cb5600fdaf3aca20ec9cc19606:e2e/node_modules/postcss/lib/comment.d.ts
e2e/node_modules/postcss/lib/comment.js	c56650645caed3bb47cf7a39d18696ec47140ca3	203	vendored-node-dependencies	git show f773b3090ffd86cb5600fdaf3aca20ec9cc19606:e2e/node_modules/postcss/lib/comment.js
e2e/node_modules/postcss/lib/container.d.ts	82b24d04c820194c888019fa449a1b15e8116aae	14025	vendored-node-dependencies	git show f773b3090ffd86cb5600fdaf3aca20ec9cc19606:e2e/node_modules/postcss/lib/container.d.ts
e2e/node_modules/postcss/lib/container.js	cd3b65b6f167e3da9f7294aa0bd824d072b1daa3	12350	vendored-node-dependencies	git show f773b3090ffd86cb5600fdaf3aca20ec9cc19606:e2e/node_modules/postcss/lib/container.js
e2e/node_modules/postcss/lib/css-syntax-error.d.ts	03d9ed1766f78a8472f7b2485a7cf0f40cb89525	6447	vendored-node-dependencies	git show f773b3090ffd86cb5600fdaf3aca20ec9cc19606:e2e/node_modules/postcss/lib/css-syntax-error.d.ts
e2e/node_modules/postcss/lib/css-syntax-error.js	275a4f64c2f8df215341a74d61e2aa2d05d61f78	3402	vendored-node-dependencies	git show f773b3090ffd86cb5600fdaf3aca20ec9cc19606:e2e/node_modules/postcss/lib/css-syntax-error.js
e2e/node_modules/postcss/lib/declaration.d.ts	55dec7f8b4369a82301a9f2456f4c55860bcccb5	3833	vendored-node-dependencies	git show f773b3090ffd86cb5600fdaf3aca20ec9cc19606:e2e/node_modules/postcss/lib/declaration.d.ts
e2e/node_modules/postcss/lib/declaration.js	65a03aa961edbdb25aecc840bab6843f1e7ea6c0	495	vendored-node-dependencies	git show f773b3090ffd86cb5600fdaf3aca20ec9cc19606:e2e/node_modules/postcss/lib/declaration.js
e2e/node_modules/postcss/lib/document.d.ts	67194dd9ca31ddd2015121d9cd797deb8e7101a7	1884	vendored-node-dependencies	git show f773b3090ffd86cb5600fdaf3aca20ec9cc19606:e2e/node_modules/postcss/lib/document.d.ts
e2e/node_modules/postcss/lib/document.js	44689917fc57d210b1a4dfad4187ac721c6eb16d	654	vendored-node-dependencies	git show f773b3090ffd86cb5600fdaf3aca20ec9cc19606:e2e/node_modules/postcss/lib/document.js
e2e/node_modules/postcss/lib/fromJSON.d.ts	3a0c5b85fd5c3a755bb07e7da3474a4633023f3a	160	vendored-node-dependencies	git show f773b3090ffd86cb5600fdaf3aca20ec9cc19606:e2e/node_modules/postcss/lib/fromJSON.d.ts
e2e/node_modules/postcss/lib/fromJSON.js	c1a9509b4cc7672c03a5e0ccae03a6d64cf9c15b	2810	vendored-node-dependencies	git show f773b3090ffd86cb5600fdaf3aca20ec9cc19606:e2e/node_modules/postcss/lib/fromJSON.js
e2e/node_modules/postcss/lib/input.d.ts	ca2d26bf8444221e2c97eca099209bf4b085e6d8	5126	vendored-node-dependencies	git show f773b3090ffd86cb5600fdaf3aca20ec9cc19606:e2e/node_modules/postcss/lib/input.d.ts
e2e/node_modules/postcss/lib/input.js	defe395fc633cf7b39af4b3fd4e1a1e7696206f9	7274	vendored-node-dependencies	git show f773b3090ffd86cb5600fdaf3aca20ec9cc19606:e2e/node_modules/postcss/lib/input.js
e2e/node_modules/postcss/lib/lazy-result.d.ts	599a614bf2b6a1e07faf74e8acae3e57273bc628	4939	vendored-node-dependencies	git show f773b3090ffd86cb5600fdaf3aca20ec9cc19606:e2e/node_modules/postcss/lib/lazy-result.d.ts
e2e/node_modules/postcss/lib/lazy-result.js	01b40736ace1690168ca4ebb324111e69651b6c5	15166	vendored-node-dependencies	git show f773b3090ffd86cb5600fdaf3aca20ec9cc19606:e2e/node_modules/postcss/lib/lazy-result.js
e2e/node_modules/postcss/lib/list.d.ts	119624e8744e125e86959fe33a68e091c256eb0d	1424	vendored-node-dependencies	git show f773b3090ffd86cb5600fdaf3aca20ec9cc19606:e2e/node_modules/postcss/lib/list.d.ts
e2e/node_modules/postcss/lib/list.js	1b31f9809f2cc41616cc9527e7f601d256e669f8	1227	vendored-node-dependencies	git show f773b3090ffd86cb5600fdaf3aca20ec9cc19606:e2e/node_modules/postcss/lib/list.js
e2e/node_modules/postcss/lib/map-generator.js	df880ac99f7dc35f2779e7994d09c5f9f578e26c	10031	vendored-node-dependencies	git show f773b3090ffd86cb5600fdaf3aca20ec9cc19606:e2e/node_modules/postcss/lib/map-generator.js
e2e/node_modules/postcss/lib/no-work-result.d.ts	fa9d284849af11b0e125430416f35a5738ce52dd	1503	vendored-node-dependencies	git show f773b3090ffd86cb5600fdaf3aca20ec9cc19606:e2e/node_modules/postcss/lib/no-work-result.d.ts
e2e/node_modules/postcss/lib/no-work-result.js	7ec1a7425a8bdaffa9ed912ae8c1c72588158248	2619	vendored-node-dependencies	git show f773b3090ffd86cb5600fdaf3aca20ec9cc19606:e2e/node_modules/postcss/lib/no-work-result.js
e2e/node_modules/postcss/lib/node.d.ts	e93ce5baeec9cb20485c262aa9b23a7e0bf109da	14688	vendored-node-dependencies	git show f773b3090ffd86cb5600fdaf3aca20ec9cc19606:e2e/node_modules/postcss/lib/node.d.ts
e2e/node_modules/postcss/lib/node.js	a298d3656208cb6dd683b3fda38304b256f7a170	12643	vendored-node-dependencies	git show f773b3090ffd86cb5600fdaf3aca20ec9cc19606:e2e/node_modules/postcss/lib/node.js
e2e/node_modules/postcss/lib/parse.d.ts	ffe35b4390997ea1487104d6377630f9c8b5a197	133	vendored-node-dependencies	git show f773b3090ffd86cb5600fdaf3aca20ec9cc19606:e2e/node_modules/postcss/lib/parse.d.ts
e2e/node_modules/postcss/lib/parse.js	00a1037aa6096bb36ad20b26aeb6374bc4e2b4db	1147	vendored-node-dependencies	git show f773b3090ffd86cb5600fdaf3aca20ec9cc19606:e2e/node_modules/postcss/lib/parse.js
e2e/node_modules/postcss/lib/parser.js	2a16584c7fdf2a9b2f685b220f914b0cf4281e20	15168	vendored-node-dependencies	git show f773b3090ffd86cb5600fdaf3aca20ec9cc19606:e2e/node_modules/postcss/lib/parser.js
e2e/node_modules/postcss/lib/postcss.d.mts	eaec8681f1b412534556620f2b0139045e3bfb51	1046	vendored-node-dependencies	git show f773b3090ffd86cb5600fdaf3aca20ec9cc19606:e2e/node_modules/postcss/lib/postcss.d.mts
e2e/node_modules/postcss/lib/postcss.d.ts	41bf40f9b9204aaa387c56ea34f18bc21ac66523	11654	vendored-node-dependencies	git show f773b3090ffd86cb5600fdaf3aca20ec9cc19606:e2e/node_modules/postcss/lib/postcss.d.ts
e2e/node_modules/postcss/lib/postcss.js	8f0773b24274093d7d433070b8c850c7159a8603	2898	vendored-node-dependencies	git show f773b3090ffd86cb5600fdaf3aca20ec9cc19606:e2e/node_modules/postcss/lib/postcss.js
e2e/node_modules/postcss/lib/postcss.mjs	35075988c69c7316f5d64361fc65795e1e5e6c68	980	vendored-node-dependencies	git show f773b3090ffd86cb5600fdaf3aca20ec9cc19606:e2e/node_modules/postcss/lib/postcss.mjs
e2e/node_modules/postcss/lib/previous-map.d.ts	a9adb0bd134327c37db909970ddcbd83d31e2a38	1757	vendored-node-dependencies	git show f773b3090ffd86cb5600fdaf3aca20ec9cc19606:e2e/node_modules/postcss/lib/previous-map.d.ts
e2e/node_modules/postcss/lib/previous-map.js	8312ec097fafba4deb809dfe3a75433a84ee9f8e	4778	vendored-node-dependencies	git show f773b3090ffd86cb5600fdaf3aca20ec9cc19606:e2e/node_modules/postcss/lib/previous-map.js
e2e/node_modules/postcss/lib/processor.d.ts	8825951289b75c4acf65c0f012f7f75452991708	3345	vendored-node-dependencies	git show f773b3090ffd86cb5600fdaf3aca20ec9cc19606:e2e/node_modules/postcss/lib/processor.d.ts
e2e/node_modules/postcss/lib/processor.js	3b83b912e1babac53c5fffaa723015defb221459	1739	vendored-node-dependencies	git show f773b3090ffd86cb5600fdaf3aca20ec9cc19606:e2e/node_modules/postcss/lib/processor.js
e2e/node_modules/postcss/lib/result.d.ts	161dce90e1e20ab3ff653e6715efaecf574b8e34	4346	vendored-node-dependencies	git show f773b3090ffd86cb5600fdaf3aca20ec9cc19606:e2e/node_modules/postcss/lib/result.d.ts
e2e/node_modules/postcss/lib/result.js	c6af4e8cabbf5abb1a98382dbd828105b83f5d35	738	vendored-node-dependencies	git show f773b3090ffd86cb5600fdaf3aca20ec9cc19606:e2e/node_modules/postcss/lib/result.js
e2e/node_modules/postcss/lib/root.d.ts	fd0498110b0bbe12fc59ef44324104462dae32a7	2253	vendored-node-dependencies	git show f773b3090ffd86cb5600fdaf3aca20ec9cc19606:e2e/node_modules/postcss/lib/root.d.ts
e2e/node_modules/postcss/lib/root.js	bc8547f3995b361d38b181361cc1596c54033a27	1606	vendored-node-dependencies	git show f773b3090ffd86cb5600fdaf3aca20ec9cc19606:e2e/node_modules/postcss/lib/root.js
e2e/node_modules/postcss/lib/rule.d.ts	dc1fb8e364af5e7d423a31370663a96f3e35242d	2879	vendored-node-dependencies	git show f773b3090ffd86cb5600fdaf3aca20ec9cc19606:e2e/node_modules/postcss/lib/rule.d.ts
e2e/node_modules/postcss/lib/rule.js	3b9b7e9bb7fb7e1963cdabc5d77a62fe10e76948	569	vendored-node-dependencies	git show f773b3090ffd86cb5600fdaf3aca20ec9cc19606:e2e/node_modules/postcss/lib/rule.js
e2e/node_modules/postcss/lib/stringifier.d.ts	cfb106bc604cd475c1f8247dd6185b3198fc40a3	1360	vendored-node-dependencies	git show f773b3090ffd86cb5600fdaf3aca20ec9cc19606:e2e/node_modules/postcss/lib/stringifier.d.ts
e2e/node_modules/postcss/lib/stringifier.js	2c74ce7633e6b1ea518ebd4fcbe0534d8a93924b	11715	vendored-node-dependencies	git show f773b3090ffd86cb5600fdaf3aca20ec9cc19606:e2e/node_modules/postcss/lib/stringifier.js
e2e/node_modules/postcss/lib/stringify.d.ts	82131bf50dec70df1ee0431c7dd68d16ad101b52	163	vendored-node-dependencies	git show f773b3090ffd86cb5600fdaf3aca20ec9cc19606:e2e/node_modules/postcss/lib/stringify.d.ts
e2e/node_modules/postcss/lib/stringify.js	77bd0178bbc95d57719117bec456a086b5a142a0	213	vendored-node-dependencies	git show f773b3090ffd86cb5600fdaf3aca20ec9cc19606:e2e/node_modules/postcss/lib/stringify.js
e2e/node_modules/postcss/lib/symbols.js	a142c268d464bd4093653baea44ea7abb85e1496	91	vendored-node-dependencies	git show f773b3090ffd86cb5600fdaf3aca20ec9cc19606:e2e/node_modules/postcss/lib/symbols.js
e2e/node_modules/postcss/lib/terminal-highlight.js	6196c9df19d6fc2c3bd0c3de7dc662dca5408048	1399	vendored-node-dependencies	git show f773b3090ffd86cb5600fdaf3aca20ec9cc19606:e2e/node_modules/postcss/lib/terminal-highlight.js
e2e/node_modules/postcss/lib/tokenize.js	229095dcbf887e2f3fbdab7fed570de2bcfaaea3	6700	vendored-node-dependencies	git show f773b3090ffd86cb5600fdaf3aca20ec9cc19606:e2e/node_modules/postcss/lib/tokenize.js
e2e/node_modules/postcss/lib/warn-once.js	316e1cf462f076c803b4f5e023c4d81bdba308b9	256	vendored-node-dependencies	git show f773b3090ffd86cb5600fdaf3aca20ec9cc19606:e2e/node_modules/postcss/lib/warn-once.js
e2e/node_modules/postcss/lib/warning.d.ts	64413e4ec16215327fc2ac07b1a3ab09b5b6e23e	2924	vendored-node-dependencies	git show f773b3090ffd86cb5600fdaf3aca20ec9cc19606:e2e/node_modules/postcss/lib/warning.d.ts
e2e/node_modules/postcss/lib/warning.js	a4edbd31c27884518ee72015a7b4f8d726302dc9	1151	vendored-node-dependencies	git show f773b3090ffd86cb5600fdaf3aca20ec9cc19606:e2e/node_modules/postcss/lib/warning.js
e2e/node_modules/postcss/package.json	7769abe1e1db25fda06b62de6df6b51b98bb6202	2497	vendored-node-dependencies	git show f773b3090ffd86cb5600fdaf3aca20ec9cc19606:e2e/node_modules/postcss/package.json
e2e/node_modules/rolldown/LICENSE	afc0cdbabfb99ed4030bf9be2b852977f1ed72a0	1302	vendored-node-dependencies	git show f773b3090ffd86cb5600fdaf3aca20ec9cc19606:e2e/node_modules/rolldown/LICENSE
e2e/node_modules/rolldown/README.md	e1c9c293bbf6fc4eda0f00ca826960deb58dec5c	665	vendored-node-dependencies	git show f773b3090ffd86cb5600fdaf3aca20ec9cc19606:e2e/node_modules/rolldown/README.md
e2e/node_modules/rolldown/dist/cli.d.mts	619fbdd604fbee4c44b0f702136d170241eeba2a	11	vendored-node-dependencies	git show f773b3090ffd86cb5600fdaf3aca20ec9cc19606:e2e/node_modules/rolldown/dist/cli.d.mts
e2e/node_modules/rolldown/dist/cli.mjs	82d56f06caea8a4e4c29ff97e310a9d73d56cf4e	39733	vendored-node-dependencies	git show f773b3090ffd86cb5600fdaf3aca20ec9cc19606:e2e/node_modules/rolldown/dist/cli.mjs
e2e/node_modules/rolldown/dist/config.d.mts	a1a33007b892c9668cc5d707e31f17ed4f5b3113	1066	vendored-node-dependencies	git show f773b3090ffd86cb5600fdaf3aca20ec9cc19606:e2e/node_modules/rolldown/dist/config.d.mts
e2e/node_modules/rolldown/dist/config.mjs	3d56bf83843c64b4fbd5d1aec586a411aa777fbe	267	vendored-node-dependencies	git show f773b3090ffd86cb5600fdaf3aca20ec9cc19606:e2e/node_modules/rolldown/dist/config.mjs
e2e/node_modules/rolldown/dist/experimental-index.d.mts	dc24f0fc6ddbb77a311c050459d4c5f7f944817f	12405	vendored-node-dependencies	git show f773b3090ffd86cb5600fdaf3aca20ec9cc19606:e2e/node_modules/rolldown/dist/experimental-index.d.mts
e2e/node_modules/rolldown/dist/experimental-index.mjs	f1b10435cbe7c1af500ba0710c55cc2afa0245a2	13387	vendored-node-dependencies	git show f773b3090ffd86cb5600fdaf3aca20ec9cc19606:e2e/node_modules/rolldown/dist/experimental-index.mjs
e2e/node_modules/rolldown/dist/experimental-runtime-types.d.ts	224ceb676c36c136a4d6670dbb36db042e9e89cd	2917	vendored-node-dependencies	git show f773b3090ffd86cb5600fdaf3aca20ec9cc19606:e2e/node_modules/rolldown/dist/experimental-runtime-types.d.ts
e2e/node_modules/rolldown/dist/filter-index.d.mts	28f077312e66c329474a457c28eda6eaf2f483e0	6831	vendored-node-dependencies	git show f773b3090ffd86cb5600fdaf3aca20ec9cc19606:e2e/node_modules/rolldown/dist/filter-index.d.mts
e2e/node_modules/rolldown/dist/filter-index.mjs	aee93e7ed8931ee164a0492b2ba8e63adf4c79d9	11219	vendored-node-dependencies	git show f773b3090ffd86cb5600fdaf3aca20ec9cc19606:e2e/node_modules/rolldown/dist/filter-index.mjs
e2e/node_modules/rolldown/dist/get-log-filter.d.mts	6daf79a7816e6a8e5996122d0eb9bb5a35328797	257	vendored-node-dependencies	git show f773b3090ffd86cb5600fdaf3aca20ec9cc19606:e2e/node_modules/rolldown/dist/get-log-filter.d.mts
e2e/node_modules/rolldown/dist/get-log-filter.mjs	802927c4caac6de79cd74b5e0e39386d2ba005c8	2037	vendored-node-dependencies	git show f773b3090ffd86cb5600fdaf3aca20ec9cc19606:e2e/node_modules/rolldown/dist/get-log-filter.mjs
e2e/node_modules/rolldown/dist/index.d.mts	06f546eaa91363a84ad3a44bafcee2a998a303b6	5189	vendored-node-dependencies	git show f773b3090ffd86cb5600fdaf3aca20ec9cc19606:e2e/node_modules/rolldown/dist/index.d.mts
e2e/node_modules/rolldown/dist/index.mjs	11f06c3f8971b040f4c9fab91eddcbe0dcae70d5	1642	vendored-node-dependencies	git show f773b3090ffd86cb5600fdaf3aca20ec9cc19606:e2e/node_modules/rolldown/dist/index.mjs
e2e/node_modules/rolldown/dist/parallel-plugin-worker.d.mts	619fbdd604fbee4c44b0f702136d170241eeba2a	11	vendored-node-dependencies	git show f773b3090ffd86cb5600fdaf3aca20ec9cc19606:e2e/node_modules/rolldown/dist/parallel-plugin-worker.d.mts
e2e/node_modules/rolldown/dist/parallel-plugin-worker.mjs	e075eaaef920d5e53afb747e878bbc6f23c32bfd	1105	vendored-node-dependencies	git show f773b3090ffd86cb5600fdaf3aca20ec9cc19606:e2e/node_modules/rolldown/dist/parallel-plugin-worker.mjs
e2e/node_modules/rolldown/dist/parallel-plugin.d.mts	a18d4555ae51f2db03251831178cf39639bd9064	608	vendored-node-dependencies	git show f773b3090ffd86cb5600fdaf3aca20ec9cc19606:e2e/node_modules/rolldown/dist/parallel-plugin.d.mts
e2e/node_modules/rolldown/dist/parallel-plugin.mjs	488aeec79beab914a2c3f8a2abab6269954cd288	187	vendored-node-dependencies	git show f773b3090ffd86cb5600fdaf3aca20ec9cc19606:e2e/node_modules/rolldown/dist/parallel-plugin.mjs
e2e/node_modules/rolldown/dist/parse-ast-index.d.mts	ac96da6835d37624af9023fa331f48a8ada01927	1089	vendored-node-dependencies	git show f773b3090ffd86cb5600fdaf3aca20ec9cc19606:e2e/node_modules/rolldown/dist/parse-ast-index.d.mts
e2e/node_modules/rolldown/dist/parse-ast-index.mjs	911ea8a42a38898e72aaef568110b270cc0950d6	2148	vendored-node-dependencies	git show f773b3090ffd86cb5600fdaf3aca20ec9cc19606:e2e/node_modules/rolldown/dist/parse-ast-index.mjs
e2e/node_modules/rolldown/dist/plugins-index.d.mts	4c4d6990c1a6a5d585f5e662892fce8e19e131a0	977	vendored-node-dependencies	git show f773b3090ffd86cb5600fdaf3aca20ec9cc19606:e2e/node_modules/rolldown/dist/plugins-index.d.mts
e2e/node_modules/rolldown/dist/plugins-index.mjs	bac8b2d8ce5134be8d9a8686af1099c290cccffa	1082	vendored-node-dependencies	git show f773b3090ffd86cb5600fdaf3aca20ec9cc19606:e2e/node_modules/rolldown/dist/plugins-index.mjs
e2e/node_modules/rolldown/dist/shared/binding-D26QphWG.d.mts	9f494a07a036344806726229106426ddf5427d93	64894	vendored-node-dependencies	git show f773b3090ffd86cb5600fdaf3aca20ec9cc19606:e2e/node_modules/rolldown/dist/shared/binding-D26QphWG.d.mts
e2e/node_modules/rolldown/dist/shared/binding-TuFFIE_J.mjs	5755507971f6b088a6b4ca404238892ea43a0414	29587	vendored-node-dependencies	git show f773b3090ffd86cb5600fdaf3aca20ec9cc19606:e2e/node_modules/rolldown/dist/shared/binding-TuFFIE_J.mjs
e2e/node_modules/rolldown/dist/shared/bindingify-input-options-XPJLJOD0.mjs	874901a523f720969ac640003f5144387666aedc	76973	vendored-node-dependencies	git show f773b3090ffd86cb5600fdaf3aca20ec9cc19606:e2e/node_modules/rolldown/dist/shared/bindingify-input-options-XPJLJOD0.mjs
e2e/node_modules/rolldown/dist/shared/constructors-BbWPse2X.d.mts	8867b4a7d092e6a7de4816b96e39f8d0da370875	2915	vendored-node-dependencies	git show f773b3090ffd86cb5600fdaf3aca20ec9cc19606:e2e/node_modules/rolldown/dist/shared/constructors-BbWPse2X.d.mts
e2e/node_modules/rolldown/dist/shared/constructors-D_3i7dpX.mjs	4fc06c48ebfdac56bb023026f9294100ee3e636e	2758	vendored-node-dependencies	git show f773b3090ffd86cb5600fdaf3aca20ec9cc19606:e2e/node_modules/rolldown/dist/shared/constructors-D_3i7dpX.mjs
e2e/node_modules/rolldown/dist/shared/define-config-BhJ90aEv.d.mts	2a033d067bdd36a7476e6045f3f16c301089e543	145276	vendored-node-dependencies	git show f773b3090ffd86cb5600fdaf3aca20ec9cc19606:e2e/node_modules/rolldown/dist/shared/define-config-BhJ90aEv.d.mts
e2e/node_modules/rolldown/dist/shared/define-config-Demdg3_4.mjs	902af91ef4919c348384c37b3dffb005476fb238	130	vendored-node-dependencies	git show f773b3090ffd86cb5600fdaf3aca20ec9cc19606:e2e/node_modules/rolldown/dist/shared/define-config-Demdg3_4.mjs
e2e/node_modules/rolldown/dist/shared/dist-DKbukT1H.mjs	7dd0d39278ebca71603a77f844237a7a0adf78fe	7739	vendored-node-dependencies	git show f773b3090ffd86cb5600fdaf3aca20ec9cc19606:e2e/node_modules/rolldown/dist/shared/dist-DKbukT1H.mjs
e2e/node_modules/rolldown/dist/shared/error-BHRSI0R7.mjs	af0a6b29a6cb79cb78233e41181409b628ffc686	2926	vendored-node-dependencies	git show f773b3090ffd86cb5600fdaf3aca20ec9cc19606:e2e/node_modules/rolldown/dist/shared/error-BHRSI0R7.mjs
e2e/node_modules/rolldown/dist/shared/get-log-filter-BpNVNJ5-.d.mts	d4bfc7b6e7d6124394eafcd9c111c83e11c80205	861	vendored-node-dependencies	git show f773b3090ffd86cb5600fdaf3aca20ec9cc19606:e2e/node_modules/rolldown/dist/shared/get-log-filter-BpNVNJ5-.d.mts
e2e/node_modules/rolldown/dist/shared/load-config-BL_FI6dc.mjs	1120942ee8983ec83e7e17d9283649c6d379338b	5241	vendored-node-dependencies	git show f773b3090ffd86cb5600fdaf3aca20ec9cc19606:e2e/node_modules/rolldown/dist/shared/load-config-BL_FI6dc.mjs
e2e/node_modules/rolldown/dist/shared/logging-BSNejiLS.d.mts	2e7298e62d7e46af134457f88cd6935d2eb6666d	1449	vendored-node-dependencies	git show f773b3090ffd86cb5600fdaf3aca20ec9cc19606:e2e/node_modules/rolldown/dist/shared/logging-BSNejiLS.d.mts
e2e/node_modules/rolldown/dist/shared/logs-ZGEh6uhb.mjs	09a7cf3d4e45ed71d1fb7a2bb616ac39715b4b87	5856	vendored-node-dependencies	git show f773b3090ffd86cb5600fdaf3aca20ec9cc19606:e2e/node_modules/rolldown/dist/shared/logs-ZGEh6uhb.mjs
e2e/node_modules/rolldown/dist/shared/misc-CoQm4NHO.mjs	1dc8be5026b59a8936d365dacbd297eca402ec1f	714	vendored-node-dependencies	git show f773b3090ffd86cb5600fdaf3aca20ec9cc19606:e2e/node_modules/rolldown/dist/shared/misc-CoQm4NHO.mjs
e2e/node_modules/rolldown/dist/shared/normalize-string-or-regex-dnh67V_w.mjs	8632dc5e414672d474d9a4080dd119d604cde27e	2131	vendored-node-dependencies	git show f773b3090ffd86cb5600fdaf3aca20ec9cc19606:e2e/node_modules/rolldown/dist/shared/normalize-string-or-regex-dnh67V_w.mjs
e2e/node_modules/rolldown/dist/shared/parse-D4dtlfWy.mjs	2e7c7372cbcb42dc85fc5f6fa109bcf05db81745	2628	vendored-node-dependencies	git show f773b3090ffd86cb5600fdaf3aca20ec9cc19606:e2e/node_modules/rolldown/dist/shared/parse-D4dtlfWy.mjs
e2e/node_modules/rolldown/dist/shared/prompt--dNycKSZ.mjs	b0a2ac2c28ec05de9715cd76423dbba569195e4f	49973	vendored-node-dependencies	git show f773b3090ffd86cb5600fdaf3aca20ec9cc19606:e2e/node_modules/rolldown/dist/shared/prompt--dNycKSZ.mjs
e2e/node_modules/rolldown/dist/shared/resolve-tsconfig-DxqIJB3x.mjs	65269c8e40e62a4d1c0da7fa955c4accd3519c98	4731	vendored-node-dependencies	git show f773b3090ffd86cb5600fdaf3aca20ec9cc19606:e2e/node_modules/rolldown/dist/shared/resolve-tsconfig-DxqIJB3x.mjs
e2e/node_modules/rolldown/dist/shared/rolldown-ChpIlMRm.mjs	32f17dfdef7e2297ca593b92e2aec96125944c01	986	vendored-node-dependencies	git show f773b3090ffd86cb5600fdaf3aca20ec9cc19606:e2e/node_modules/rolldown/dist/shared/rolldown-ChpIlMRm.mjs
e2e/node_modules/rolldown/dist/shared/rolldown-build-CtPvmZgJ.mjs	d065878a03835d75cf06a8ffc73686e2c9a9f375	153662	vendored-node-dependencies	git show f773b3090ffd86cb5600fdaf3aca20ec9cc19606:e2e/node_modules/rolldown/dist/shared/rolldown-build-CtPvmZgJ.mjs
e2e/node_modules/rolldown/dist/shared/transform-BPrUvqEZ.d.mts	4b882f26efbdeaf85f97fb11eee17765e076cc65	5947	vendored-node-dependencies	git show f773b3090ffd86cb5600fdaf3aca20ec9cc19606:e2e/node_modules/rolldown/dist/shared/transform-BPrUvqEZ.d.mts
e2e/node_modules/rolldown/dist/shared/watch-B1b0gmVh.mjs	13a4d5c6b38e251b2dc943bf4bdc9da5d492c585	11934	vendored-node-dependencies	git show f773b3090ffd86cb5600fdaf3aca20ec9cc19606:e2e/node_modules/rolldown/dist/shared/watch-B1b0gmVh.mjs
e2e/node_modules/rolldown/dist/utils-index.d.mts	2a3362132fd4d5a0e1bdb6b65f06177e177d2e5d	24299	vendored-node-dependencies	git show f773b3090ffd86cb5600fdaf3aca20ec9cc19606:e2e/node_modules/rolldown/dist/utils-index.d.mts
e2e/node_modules/rolldown/dist/utils-index.mjs	26d4c5038fd4f3b08f5374b93494bced0e954d8c	70383	vendored-node-dependencies	git show f773b3090ffd86cb5600fdaf3aca20ec9cc19606:e2e/node_modules/rolldown/dist/utils-index.mjs
e2e/node_modules/rolldown/package.json	579e0cd6d90cb0706465abf77fe1ffe889b52d17	5741	vendored-node-dependencies	git show f773b3090ffd86cb5600fdaf3aca20ec9cc19606:e2e/node_modules/rolldown/package.json
e2e/node_modules/siginfo/.travis.yml	4f54568c078cb484fb8e3f258fceb8b4f4a96252	1523	vendored-node-dependencies	git show f773b3090ffd86cb5600fdaf3aca20ec9cc19606:e2e/node_modules/siginfo/.travis.yml
e2e/node_modules/siginfo/LICENSE	b45703b88a6742577786fa46c73b018dbe75cf26	744	vendored-node-dependencies	git show f773b3090ffd86cb5600fdaf3aca20ec9cc19606:e2e/node_modules/siginfo/LICENSE
e2e/node_modules/siginfo/README.md	3552e2ad95f08f009f8fc6c495d299ddc8ae790e	1130	vendored-node-dependencies	git show f773b3090ffd86cb5600fdaf3aca20ec9cc19606:e2e/node_modules/siginfo/README.md
e2e/node_modules/siginfo/index.js	5092b6115d70e97ec511c1ed98e622f83eef9925	453	vendored-node-dependencies	git show f773b3090ffd86cb5600fdaf3aca20ec9cc19606:e2e/node_modules/siginfo/index.js
e2e/node_modules/siginfo/package.json	4f0e7154346583f6d5df9c690ef0abc76531e6dc	676	vendored-node-dependencies	git show f773b3090ffd86cb5600fdaf3aca20ec9cc19606:e2e/node_modules/siginfo/package.json
e2e/node_modules/siginfo/test.js	eaf6824f64e295ce5ff64a08fcc316fc9524ed9d	263	vendored-node-dependencies	git show f773b3090ffd86cb5600fdaf3aca20ec9cc19606:e2e/node_modules/siginfo/test.js
e2e/node_modules/source-map-js/LICENSE	ed1b7cf27e97e136918e87ad7bb33baf169f0171	1526	vendored-node-dependencies	git show f773b3090ffd86cb5600fdaf3aca20ec9cc19606:e2e/node_modules/source-map-js/LICENSE
e2e/node_modules/source-map-js/README.md	614962d76c8609022129a1921f7bf6bfe10ce56c	26040	vendored-node-dependencies	git show f773b3090ffd86cb5600fdaf3aca20ec9cc19606:e2e/node_modules/source-map-js/README.md
e2e/node_modules/source-map-js/lib/array-set.js	fbd5c81cae66fa6401f871ac7fb02e96fdb9c213	3197	vendored-node-dependencies	git show f773b3090ffd86cb5600fdaf3aca20ec9cc19606:e2e/node_modules/source-map-js/lib/array-set.js
e2e/node_modules/source-map-js/lib/base64-vlq.js	612b404018ece911ab71fc0a8db326d16e6b1287	4714	vendored-node-dependencies	git show f773b3090ffd86cb5600fdaf3aca20ec9cc19606:e2e/node_modules/source-map-js/lib/base64-vlq.js
e2e/node_modules/source-map-js/lib/base64.js	8aa86b30264363990334a7df0aa0d0c9cc1aecfc	1540	vendored-node-dependencies	git show f773b3090ffd86cb5600fdaf3aca20ec9cc19606:e2e/node_modules/source-map-js/lib/base64.js
e2e/node_modules/source-map-js/lib/binary-search.js	010ac941e1568d59c89b67cb649051a14608ee79	4249	vendored-node-dependencies	git show f773b3090ffd86cb5600fdaf3aca20ec9cc19606:e2e/node_modules/source-map-js/lib/binary-search.js
e2e/node_modules/source-map-js/lib/mapping-list.js	06d1274a025a8a30879f31c9c6703a14f79f73b9	2339	vendored-node-dependencies	git show f773b3090ffd86cb5600fdaf3aca20ec9cc19606:e2e/node_modules/source-map-js/lib/mapping-list.js
e2e/node_modules/source-map-js/lib/quick-sort.js	23f9eda57f7383b5291361e4593cf2fdef5409ba	4068	vendored-node-dependencies	git show f773b3090ffd86cb5600fdaf3aca20ec9cc19606:e2e/node_modules/source-map-js/lib/quick-sort.js
e2e/node_modules/source-map-js/lib/source-map-consumer.d.ts	744bda73d103b79b7e654972b9a42c3c95ff432a	40	vendored-node-dependencies	git show f773b3090ffd86cb5600fdaf3aca20ec9cc19606:e2e/node_modules/source-map-js/lib/source-map-consumer.d.ts
e2e/node_modules/source-map-js/lib/source-map-consumer.js	ee66114636c1e3f1b455457ad9e91b0eeeb2d360	41580	vendored-node-dependencies	git show f773b3090ffd86cb5600fdaf3aca20ec9cc19606:e2e/node_modules/source-map-js/lib/source-map-consumer.js
e2e/node_modules/source-map-js/lib/source-map-generator.d.ts	f59d70aa9ca827224617e01d390c9c10b4e81cbc	41	vendored-node-dependencies	git show f773b3090ffd86cb5600fdaf3aca20ec9cc19606:e2e/node_modules/source-map-js/lib/source-map-generator.d.ts
e2e/node_modules/source-map-js/lib/source-map-generator.js	bab04ff85b38eb50f942fb7ba84dd46dfe1f00c6	14933	vendored-node-dependencies	git show f773b3090ffd86cb5600fdaf3aca20ec9cc19606:e2e/node_modules/source-map-js/lib/source-map-generator.js
e2e/node_modules/source-map-js/lib/source-node.d.ts	4df6a1aca10c42f674f4403b803ced48e030253f	33	vendored-node-dependencies	git show f773b3090ffd86cb5600fdaf3aca20ec9cc19606:e2e/node_modules/source-map-js/lib/source-node.d.ts
e2e/node_modules/source-map-js/lib/source-node.js	8bcdbe385d2c0d333bcd62648ca700f13f9d3181	13808	vendored-node-dependencies	git show f773b3090ffd86cb5600fdaf3aca20ec9cc19606:e2e/node_modules/source-map-js/lib/source-node.js
e2e/node_modules/source-map-js/lib/util.js	430e2d0ff0b2f2a084d00fbfbcf9a229d0a7bfff	15403	vendored-node-dependencies	git show f773b3090ffd86cb5600fdaf3aca20ec9cc19606:e2e/node_modules/source-map-js/lib/util.js
e2e/node_modules/source-map-js/package.json	f58dbeb4eca3ad3118fbd5e2a7f6241d5b5aceaa	2548	vendored-node-dependencies	git show f773b3090ffd86cb5600fdaf3aca20ec9cc19606:e2e/node_modules/source-map-js/package.json
e2e/node_modules/source-map-js/source-map.d.ts	ec8892fa11313d34c668e6f0ca9f80fdd5b53aec	3408	vendored-node-dependencies	git show f773b3090ffd86cb5600fdaf3aca20ec9cc19606:e2e/node_modules/source-map-js/source-map.d.ts
e2e/node_modules/source-map-js/source-map.js	bc88fe820c87a217d27eb010281fe39b71163835	405	vendored-node-dependencies	git show f773b3090ffd86cb5600fdaf3aca20ec9cc19606:e2e/node_modules/source-map-js/source-map.js
e2e/node_modules/stackback/.npmignore	3c3629e647f5ddf82548912e337bea9826b434af	13	vendored-node-dependencies	git show f773b3090ffd86cb5600fdaf3aca20ec9cc19606:e2e/node_modules/stackback/.npmignore
e2e/node_modules/stackback/.travis.yml	320698af0f565b2ac32987b5d23ed6aca5c7ef5a	47	vendored-node-dependencies	git show f773b3090ffd86cb5600fdaf3aca20ec9cc19606:e2e/node_modules/stackback/.travis.yml
e2e/node_modules/stackback/README.md	fb6bde7486827b31d96cd2bfc1f96fd945bbf011	1900	vendored-node-dependencies	git show f773b3090ffd86cb5600fdaf3aca20ec9cc19606:e2e/node_modules/stackback/README.md
e2e/node_modules/stackback/formatstack.js	d64307d210dd134dff936607480695b86f3b6776	2360	vendored-node-dependencies	git show f773b3090ffd86cb5600fdaf3aca20ec9cc19606:e2e/node_modules/stackback/formatstack.js
e2e/node_modules/stackback/index.js	8b87042343d7e6fc238075138f72f4ff3fa58d5e	1458	vendored-node-dependencies	git show f773b3090ffd86cb5600fdaf3aca20ec9cc19606:e2e/node_modules/stackback/index.js
e2e/node_modules/stackback/package.json	3e8b7b2c023d3535e0869b0959616cda4d654fc8	485	vendored-node-dependencies	git show f773b3090ffd86cb5600fdaf3aca20ec9cc19606:e2e/node_modules/stackback/package.json
e2e/node_modules/stackback/test.js	212b414ab496cf76d2a6977bd935ce714508482f	621	vendored-node-dependencies	git show f773b3090ffd86cb5600fdaf3aca20ec9cc19606:e2e/node_modules/stackback/test.js
e2e/node_modules/std-env/LICENCE	db8fffe6a1f33b4b247463e60d9528b504a2eba8	1079	vendored-node-dependencies	git show f773b3090ffd86cb5600fdaf3aca20ec9cc19606:e2e/node_modules/std-env/LICENCE
e2e/node_modules/std-env/README.md	f6cb308770682a1ee2863bd3faeb74db227c65be	4018	vendored-node-dependencies	git show f773b3090ffd86cb5600fdaf3aca20ec9cc19606:e2e/node_modules/std-env/README.md
e2e/node_modules/std-env/dist/index.d.mts	0d2a9cd4288a4d6be92b5e97f7e26d5ece8fe1eb	7112	vendored-node-dependencies	git show f773b3090ffd86cb5600fdaf3aca20ec9cc19606:e2e/node_modules/std-env/dist/index.d.mts
e2e/node_modules/std-env/dist/index.mjs	1c54f861d9d9e05cfe969201b2fb34836c0516a7	3898	vendored-node-dependencies	git show f773b3090ffd86cb5600fdaf3aca20ec9cc19606:e2e/node_modules/std-env/dist/index.mjs
e2e/node_modules/std-env/package.json	b76027c07e0fdae1c27707456eca740f4f791021	1109	vendored-node-dependencies	git show f773b3090ffd86cb5600fdaf3aca20ec9cc19606:e2e/node_modules/std-env/package.json
e2e/node_modules/tinybench/LICENSE	64143b80f2f1d7ae553251bdb129e850ce78df6a	1065	vendored-node-dependencies	git show f773b3090ffd86cb5600fdaf3aca20ec9cc19606:e2e/node_modules/tinybench/LICENSE
e2e/node_modules/tinybench/README.md	0d0c662a517faf63b6a23431bdcad4ab3d68642c	13406	vendored-node-dependencies	git show f773b3090ffd86cb5600fdaf3aca20ec9cc19606:e2e/node_modules/tinybench/README.md
e2e/node_modules/tinybench/dist/index.cjs	f2e7ca29a43e39118318116777bac2ec4c39da81	15265	vendored-node-dependencies	git show f773b3090ffd86cb5600fdaf3aca20ec9cc19606:e2e/node_modules/tinybench/dist/index.cjs
e2e/node_modules/tinybench/dist/index.d.cts	d2b6ef0abc7beae977370f58cece901c94b9c03b	9058	vendored-node-dependencies	git show f773b3090ffd86cb5600fdaf3aca20ec9cc19606:e2e/node_modules/tinybench/dist/index.d.cts
e2e/node_modules/tinybench/dist/index.d.ts	d2b6ef0abc7beae977370f58cece901c94b9c03b	9058	vendored-node-dependencies	git show f773b3090ffd86cb5600fdaf3aca20ec9cc19606:e2e/node_modules/tinybench/dist/index.d.ts
e2e/node_modules/tinybench/dist/index.js	774c275ef329706d5d395779e044a3be2cbc819d	14553	vendored-node-dependencies	git show f773b3090ffd86cb5600fdaf3aca20ec9cc19606:e2e/node_modules/tinybench/dist/index.js
e2e/node_modules/tinybench/package.json	6b73a815256bf573391a499b379a174372ebe5a2	540	vendored-node-dependencies	git show f773b3090ffd86cb5600fdaf3aca20ec9cc19606:e2e/node_modules/tinybench/package.json
e2e/node_modules/tinyexec/LICENSE	558eb6a0897bad7337e0a562c471965759cff6c0	1065	vendored-node-dependencies	git show f773b3090ffd86cb5600fdaf3aca20ec9cc19606:e2e/node_modules/tinyexec/LICENSE
e2e/node_modules/tinyexec/README.md	cc284b6445780e13a5c0c0f847f7ac45e25af5cf	7605	vendored-node-dependencies	git show f773b3090ffd86cb5600fdaf3aca20ec9cc19606:e2e/node_modules/tinyexec/README.md
e2e/node_modules/tinyexec/dist/main.d.mts	a1151273c846712a34ec5e5c255ea4ee80a94ae5	3853	vendored-node-dependencies	git show f773b3090ffd86cb5600fdaf3aca20ec9cc19606:e2e/node_modules/tinyexec/dist/main.d.mts
e2e/node_modules/tinyexec/dist/main.mjs	87d470349ffdf278e30a3023e5457e697ce9df8d	8856	vendored-node-dependencies	git show f773b3090ffd86cb5600fdaf3aca20ec9cc19606:e2e/node_modules/tinyexec/dist/main.mjs
e2e/node_modules/tinyexec/package.json	c6ba33f56c7a3cab683fa60ae94540be11892476	1481	vendored-node-dependencies	git show f773b3090ffd86cb5600fdaf3aca20ec9cc19606:e2e/node_modules/tinyexec/package.json
e2e/node_modules/tinyglobby/LICENSE	8657364bb085e0b193c66673fd4826d03a0bc01d	1076	vendored-node-dependencies	git show f773b3090ffd86cb5600fdaf3aca20ec9cc19606:e2e/node_modules/tinyglobby/LICENSE
e2e/node_modules/tinyglobby/README.md	c298e317f925aae80adc5a5cf3f38242792ea331	931	vendored-node-dependencies	git show f773b3090ffd86cb5600fdaf3aca20ec9cc19606:e2e/node_modules/tinyglobby/README.md
e2e/node_modules/tinyglobby/dist/index.cjs	c93b23393d316a44a19b6821e69afad47b714101	13706	vendored-node-dependencies	git show f773b3090ffd86cb5600fdaf3aca20ec9cc19606:e2e/node_modules/tinyglobby/dist/index.cjs
e2e/node_modules/tinyglobby/dist/index.d.cts	b6e4902cd8f1bd8b912611abd75407b121277c54	4688	vendored-node-dependencies	git show f773b3090ffd86cb5600fdaf3aca20ec9cc19606:e2e/node_modules/tinyglobby/dist/index.d.cts
e2e/node_modules/tinyglobby/dist/index.d.mts	b6e4902cd8f1bd8b912611abd75407b121277c54	4688	vendored-node-dependencies	git show f773b3090ffd86cb5600fdaf3aca20ec9cc19606:e2e/node_modules/tinyglobby/dist/index.d.mts
e2e/node_modules/tinyglobby/dist/index.mjs	f5db1ed7627736963cec8db6d5ec0b3c6f5915ff	12438	vendored-node-dependencies	git show f773b3090ffd86cb5600fdaf3aca20ec9cc19606:e2e/node_modules/tinyglobby/dist/index.mjs
e2e/node_modules/tinyglobby/package.json	a42d447758779940803ae5eef8637e2c516b1062	1761	vendored-node-dependencies	git show f773b3090ffd86cb5600fdaf3aca20ec9cc19606:e2e/node_modules/tinyglobby/package.json
e2e/node_modules/tinyrainbow/LICENCE	64143b80f2f1d7ae553251bdb129e850ce78df6a	1065	vendored-node-dependencies	git show f773b3090ffd86cb5600fdaf3aca20ec9cc19606:e2e/node_modules/tinyrainbow/LICENCE
e2e/node_modules/tinyrainbow/README.md	3f00fdf722368c07fbe00cb7c10d23821ea7598b	508	vendored-node-dependencies	git show f773b3090ffd86cb5600fdaf3aca20ec9cc19606:e2e/node_modules/tinyrainbow/README.md
e2e/node_modules/tinyrainbow/dist/index.d.ts	fc08e6d84e5ccdeced40da15afcd23cf7603401c	2535	vendored-node-dependencies	git show f773b3090ffd86cb5600fdaf3aca20ec9cc19606:e2e/node_modules/tinyrainbow/dist/index.d.ts
e2e/node_modules/tinyrainbow/dist/index.js	91591f5c2ba5ebea030e4e0da0ee90ac5b5b36bb	2484	vendored-node-dependencies	git show f773b3090ffd86cb5600fdaf3aca20ec9cc19606:e2e/node_modules/tinyrainbow/dist/index.js
e2e/node_modules/tinyrainbow/package.json	fc170d386abf50c7472ec797dd93d9574799a5eb	765	vendored-node-dependencies	git show f773b3090ffd86cb5600fdaf3aca20ec9cc19606:e2e/node_modules/tinyrainbow/package.json
e2e/node_modules/vite/LICENSE.md	ccf4c21380cdaf443f047d65b77997c49924bd1f	110976	vendored-node-dependencies	git show f773b3090ffd86cb5600fdaf3aca20ec9cc19606:e2e/node_modules/vite/LICENSE.md
e2e/node_modules/vite/README.md	1460e75b9ce62956cedd3370cbdba1aa966837be	1179	vendored-node-dependencies	git show f773b3090ffd86cb5600fdaf3aca20ec9cc19606:e2e/node_modules/vite/README.md
e2e/node_modules/vite/client.d.ts	604286503942f3e69f0c819d01d44450bc0bb837	5231	vendored-node-dependencies	git show f773b3090ffd86cb5600fdaf3aca20ec9cc19606:e2e/node_modules/vite/client.d.ts
e2e/node_modules/vite/dist/client/client.mjs	be927d10ba5c332b546fa36afaec60de236982d1	39573	vendored-node-dependencies	git show f773b3090ffd86cb5600fdaf3aca20ec9cc19606:e2e/node_modules/vite/dist/client/client.mjs
e2e/node_modules/vite/dist/client/env.mjs	c7fd1209ee23cbf433c08eb3500ec77fa2a928b6	612	vendored-node-dependencies	git show f773b3090ffd86cb5600fdaf3aca20ec9cc19606:e2e/node_modules/vite/dist/client/env.mjs
e2e/node_modules/vite/dist/node/chunks/build.js	49c678d76c74b0d087ce90c1b69143e82aad2d6a	205114	vendored-node-dependencies	git show f773b3090ffd86cb5600fdaf3aca20ec9cc19606:e2e/node_modules/vite/dist/node/chunks/build.js
e2e/node_modules/vite/dist/node/chunks/dist.js	6284898dbafbf125fba05a3503de8ce5dbf92125	247103	vendored-node-dependencies	git show f773b3090ffd86cb5600fdaf3aca20ec9cc19606:e2e/node_modules/vite/dist/node/chunks/dist.js
e2e/node_modules/vite/dist/node/chunks/lib.js	f1d6c7a3152576cc90460ce2d5be234a35cc58c9	11710	vendored-node-dependencies	git show f773b3090ffd86cb5600fdaf3aca20ec9cc19606:e2e/node_modules/vite/dist/node/chunks/lib.js
e2e/node_modules/vite/dist/node/chunks/moduleRunnerTransport.d.ts	2cff626a336548e7e26d807b2b63aeae292c7788	3088	vendored-node-dependencies	git show f773b3090ffd86cb5600fdaf3aca20ec9cc19606:e2e/node_modules/vite/dist/node/chunks/moduleRunnerTransport.d.ts
e2e/node_modules/vite/dist/node/chunks/node.js	46a39acd56595208450431ca141ea9db4804d154	1319608	vendored-node-dependencies	git show f773b3090ffd86cb5600fdaf3aca20ec9cc19606:e2e/node_modules/vite/dist/node/chunks/node.js
e2e/node_modules/vite/dist/node/chunks/postcss-import.js	b4d40015d3dcaadbb8217913fb7e2f572b0c92e7	18432	vendored-node-dependencies	git show f773b3090ffd86cb5600fdaf3aca20ec9cc19606:e2e/node_modules/vite/dist/node/chunks/postcss-import.js
e2e/node_modules/vite/dist/node/cli.js	4bea4c92475cf6e85e4d4a0ed79dd2476f6e7059	29852	vendored-node-dependencies	git show f773b3090ffd86cb5600fdaf3aca20ec9cc19606:e2e/node_modules/vite/dist/node/cli.js
e2e/node_modules/vite/dist/node/index.d.ts	2dffa3fa934fea72617959250eb0f26dbebece69	162706	vendored-node-dependencies	git show f773b3090ffd86cb5600fdaf3aca20ec9cc19606:e2e/node_modules/vite/dist/node/index.d.ts
e2e/node_modules/vite/dist/node/index.js	94ea3222d6fa24a536e63d2a5be56ecade67ae10	2670	vendored-node-dependencies	git show f773b3090ffd86cb5600fdaf3aca20ec9cc19606:e2e/node_modules/vite/dist/node/index.js
e2e/node_modules/vite/dist/node/internal.d.ts	fd5e08a984d761d74ee43affa577b1b8a50e076d	137	vendored-node-dependencies	git show f773b3090ffd86cb5600fdaf3aca20ec9cc19606:e2e/node_modules/vite/dist/node/internal.d.ts
e2e/node_modules/vite/dist/node/internal.js	db0c3688233b9cfb51bcc82701b3e7547f18d037	138	vendored-node-dependencies	git show f773b3090ffd86cb5600fdaf3aca20ec9cc19606:e2e/node_modules/vite/dist/node/internal.js
e2e/node_modules/vite/dist/node/module-runner.d.ts	5390de3bbdedfa2dcd18769cbc7ed745e030b232	11507	vendored-node-dependencies	git show f773b3090ffd86cb5600fdaf3aca20ec9cc19606:e2e/node_modules/vite/dist/node/module-runner.d.ts
e2e/node_modules/vite/dist/node/module-runner.js	8a8db6ce5e7e0d68607f15bcc1fef391934ae44f	54295	vendored-node-dependencies	git show f773b3090ffd86cb5600fdaf3aca20ec9cc19606:e2e/node_modules/vite/dist/node/module-runner.js
e2e/node_modules/vite/misc/false.js	2693369b44337b7c5d3a96226f7e7eea4715618a	21	vendored-node-dependencies	git show f773b3090ffd86cb5600fdaf3aca20ec9cc19606:e2e/node_modules/vite/misc/false.js
e2e/node_modules/vite/misc/true.js	186b120756be198f7b34e195640ac267dba19c4e	20	vendored-node-dependencies	git show f773b3090ffd86cb5600fdaf3aca20ec9cc19606:e2e/node_modules/vite/misc/true.js
e2e/node_modules/vite/package.json	604a5e4d3fa1b60f525edf4a2a1544bf18c98dcd	5084	vendored-node-dependencies	git show f773b3090ffd86cb5600fdaf3aca20ec9cc19606:e2e/node_modules/vite/package.json
e2e/node_modules/vite/types/customEvent.d.ts	7ca838895fba26c2b8981c114b271004868c5ed3	1970	vendored-node-dependencies	git show f773b3090ffd86cb5600fdaf3aca20ec9cc19606:e2e/node_modules/vite/types/customEvent.d.ts
e2e/node_modules/vite/types/hmrPayload.d.ts	8796a6b05cfd7966518b5b344cfe24d2a11fb6a2	1398	vendored-node-dependencies	git show f773b3090ffd86cb5600fdaf3aca20ec9cc19606:e2e/node_modules/vite/types/hmrPayload.d.ts
e2e/node_modules/vite/types/hot.d.ts	7d9a5b03aeb4b4320c070e07b052b0748c1ed9be	1063	vendored-node-dependencies	git show f773b3090ffd86cb5600fdaf3aca20ec9cc19606:e2e/node_modules/vite/types/hot.d.ts
e2e/node_modules/vite/types/import-meta.d.ts	ee00ff5d04818a8aa22b703b801e694492bd7ed5	249	vendored-node-dependencies	git show f773b3090ffd86cb5600fdaf3aca20ec9cc19606:e2e/node_modules/vite/types/import-meta.d.ts
e2e/node_modules/vite/types/importGlob.d.ts	beb5d0831a185e583b8c03293b596263aa749c1e	3477	vendored-node-dependencies	git show f773b3090ffd86cb5600fdaf3aca20ec9cc19606:e2e/node_modules/vite/types/importGlob.d.ts
e2e/node_modules/vite/types/importMeta.d.ts	f859a2b952e645ef8340ef79785d9b807d19df04	884	vendored-node-dependencies	git show f773b3090ffd86cb5600fdaf3aca20ec9cc19606:e2e/node_modules/vite/types/importMeta.d.ts
e2e/node_modules/vite/types/internal/cssPreprocessorOptions.d.ts	ca87ba8ed64af5b78374b892e73e10cb7bfcbc03	1420	vendored-node-dependencies	git show f773b3090ffd86cb5600fdaf3aca20ec9cc19606:e2e/node_modules/vite/types/internal/cssPreprocessorOptions.d.ts
e2e/node_modules/vite/types/internal/esbuildOptions.d.ts	f1637a642a55aefe47d57f1ccf153736bb0908fd	672	vendored-node-dependencies	git show f773b3090ffd86cb5600fdaf3aca20ec9cc19606:e2e/node_modules/vite/types/internal/esbuildOptions.d.ts
e2e/node_modules/vite/types/internal/lightningcssOptions.d.ts	48d71148f727d331ed6b2e42965253a8cc9dd2a0	520	vendored-node-dependencies	git show f773b3090ffd86cb5600fdaf3aca20ec9cc19606:e2e/node_modules/vite/types/internal/lightningcssOptions.d.ts
e2e/node_modules/vite/types/internal/rollupTypeCompat.d.ts	e7634c7f5d1b13d7e9bdb355767185296d98af86	791	vendored-node-dependencies	git show f773b3090ffd86cb5600fdaf3aca20ec9cc19606:e2e/node_modules/vite/types/internal/rollupTypeCompat.d.ts
e2e/node_modules/vite/types/internal/terserOptions.d.ts	3d5e08f26a858aac7d34a7dc6e8f99d156133229	384	vendored-node-dependencies	git show f773b3090ffd86cb5600fdaf3aca20ec9cc19606:e2e/node_modules/vite/types/internal/terserOptions.d.ts
e2e/node_modules/vite/types/metadata.d.ts	8e317f9832d83ab96f9dcdd089d7d2412bde0856	1133	vendored-node-dependencies	git show f773b3090ffd86cb5600fdaf3aca20ec9cc19606:e2e/node_modules/vite/types/metadata.d.ts
e2e/node_modules/vitest/LICENSE.md	d2883c9b3d11cf0a3669b623f9506581bbb5a1e9	37726	vendored-node-dependencies	git show f773b3090ffd86cb5600fdaf3aca20ec9cc19606:e2e/node_modules/vitest/LICENSE.md
e2e/node_modules/vitest/README.md	239c447fc11958069475609877e061a258eac06c	256	vendored-node-dependencies	git show f773b3090ffd86cb5600fdaf3aca20ec9cc19606:e2e/node_modules/vitest/README.md
e2e/node_modules/vitest/browser/context.d.ts	ad0a691696bb561c697f1186e43a9b365fc1dc00	431	vendored-node-dependencies	git show f773b3090ffd86cb5600fdaf3aca20ec9cc19606:e2e/node_modules/vitest/browser/context.d.ts
e2e/node_modules/vitest/browser/context.js	17119bb01dd9db22c1f1ff4f43603d408ed7dcd8	667	vendored-node-dependencies	git show f773b3090ffd86cb5600fdaf3aca20ec9cc19606:e2e/node_modules/vitest/browser/context.js
e2e/node_modules/vitest/config.d.ts	36afa874abb35e02a7bb36d1ae0858e2a8b66b96	119	vendored-node-dependencies	git show f773b3090ffd86cb5600fdaf3aca20ec9cc19606:e2e/node_modules/vitest/config.d.ts
e2e/node_modules/vitest/coverage.d.ts	cf1145ffa2f6bd5f9f92452910f7d3d3993b30c5	35	vendored-node-dependencies	git show f773b3090ffd86cb5600fdaf3aca20ec9cc19606:e2e/node_modules/vitest/coverage.d.ts
e2e/node_modules/vitest/dist/browser.d.ts	a5a452c26eb0965889a414c7f3acf37313555541	2450	vendored-node-dependencies	git show f773b3090ffd86cb5600fdaf3aca20ec9cc19606:e2e/node_modules/vitest/dist/browser.d.ts
e2e/node_modules/vitest/dist/browser.js	958d36dd02691b2c4ddebcf2dc06064508971ee3	958	vendored-node-dependencies	git show f773b3090ffd86cb5600fdaf3aca20ec9cc19606:e2e/node_modules/vitest/dist/browser.js
e2e/node_modules/vitest/dist/chunks/_commonjsHelpers.D26ty3Ew.js	95e8e2e0b24d4ff203c91dcc087007ed934afe3e	396	vendored-node-dependencies	git show f773b3090ffd86cb5600fdaf3aca20ec9cc19606:e2e/node_modules/vitest/dist/chunks/_commonjsHelpers.D26ty3Ew.js
e2e/node_modules/vitest/dist/chunks/acorn.B2iPLyUM.js	d12dab30a3467414aa1ef2479eaee2a0f9403ec6	219196	vendored-node-dependencies	git show f773b3090ffd86cb5600fdaf3aca20ec9cc19606:e2e/node_modules/vitest/dist/chunks/acorn.B2iPLyUM.js
e2e/node_modules/vitest/dist/chunks/base.B6Opl8PE.js	1713b2248cdbba41deaedf2fc4ff1aa564a11f46	8972	vendored-node-dependencies	git show f773b3090ffd86cb5600fdaf3aca20ec9cc19606:e2e/node_modules/vitest/dist/chunks/base.B6Opl8PE.js
e2e/node_modules/vitest/dist/chunks/benchmark.CX_oY03V.js	6f74e6024316a6f8eea2ea60e9e964d7419a02dd	1434	vendored-node-dependencies	git show f773b3090ffd86cb5600fdaf3aca20ec9cc19606:e2e/node_modules/vitest/dist/chunks/benchmark.CX_oY03V.js
e2e/node_modules/vitest/dist/chunks/benchmark.d.DAaHLpsq.d.ts	388d1c3ea9c8e3bec9f64359d8bfdb4c7c1ebdb0	818	vendored-node-dependencies	git show f773b3090ffd86cb5600fdaf3aca20ec9cc19606:e2e/node_modules/vitest/dist/chunks/benchmark.d.DAaHLpsq.d.ts
e2e/node_modules/vitest/dist/chunks/browser.d.BcoexmFG.d.ts	2b16b11a185849b56937f3b1a3ca4d4672fd334d	1837	vendored-node-dependencies	git show f773b3090ffd86cb5600fdaf3aca20ec9cc19606:e2e/node_modules/vitest/dist/chunks/browser.d.BcoexmFG.d.ts
e2e/node_modules/vitest/dist/chunks/cac.DdICfEr1.js	290aaacf083621328b53a3beec4ac195dd57a124	96007	vendored-node-dependencies	git show f773b3090ffd86cb5600fdaf3aca20ec9cc19606:e2e/node_modules/vitest/dist/chunks/cac.DdICfEr1.js
e2e/node_modules/vitest/dist/chunks/cli-api.BK8pd4xc.js	1fbd189a39af6fbc5dac2d572ce1e414e52afdfa	495252	vendored-node-dependencies	git show f773b3090ffd86cb5600fdaf3aca20ec9cc19606:e2e/node_modules/vitest/dist/chunks/cli-api.BK8pd4xc.js
e2e/node_modules/vitest/dist/chunks/config.d.A1h_Y6Jt.d.ts	eeb7905767251307b5badeca28b252b920082593	6699	vendored-node-dependencies	git show f773b3090ffd86cb5600fdaf3aca20ec9cc19606:e2e/node_modules/vitest/dist/chunks/config.d.A1h_Y6Jt.d.ts
e2e/node_modules/vitest/dist/chunks/console.3WNpx0tS.js	b3e71e4b1cd2cdc7c2e13c73c5e3dab86412eb67	4797	vendored-node-dependencies	git show f773b3090ffd86cb5600fdaf3aca20ec9cc19606:e2e/node_modules/vitest/dist/chunks/console.3WNpx0tS.js
e2e/node_modules/vitest/dist/chunks/constants.CPYnjOGj.js	5ac51c25a66982db29377de911aeb15aeae909a5	800	vendored-node-dependencies	git show f773b3090ffd86cb5600fdaf3aca20ec9cc19606:e2e/node_modules/vitest/dist/chunks/constants.CPYnjOGj.js
e2e/node_modules/vitest/dist/chunks/coverage.CTzCuANN.js	5f7497ea3461ff877a3a6c1a984412eacae14191	1267	vendored-node-dependencies	git show f773b3090ffd86cb5600fdaf3aca20ec9cc19606:e2e/node_modules/vitest/dist/chunks/coverage.CTzCuANN.js
e2e/node_modules/vitest/dist/chunks/coverage.DM_a_rWm.js	0e039440d46cadf3057f1937c0552670a7ec1b53	54974	vendored-node-dependencies	git show f773b3090ffd86cb5600fdaf3aca20ec9cc19606:e2e/node_modules/vitest/dist/chunks/coverage.DM_a_rWm.js
e2e/node_modules/vitest/dist/chunks/coverage.d.BZtK59WP.d.ts	2b4d8530bc46de45f75e4753868064d2ba192123	994	vendored-node-dependencies	git show f773b3090ffd86cb5600fdaf3aca20ec9cc19606:e2e/node_modules/vitest/dist/chunks/coverage.d.BZtK59WP.d.ts
e2e/node_modules/vitest/dist/chunks/creator.DgVhQm5q.js	d2e8ca2a402fd60502d0da419a8d55b554a7dd51	19272	vendored-node-dependencies	git show f773b3090ffd86cb5600fdaf3aca20ec9cc19606:e2e/node_modules/vitest/dist/chunks/creator.DgVhQm5q.js
e2e/node_modules/vitest/dist/chunks/defaults.9aQKnqFk.js	eb18ea72fe3c153b5a6e4b3d9d4d7020d915f382	2190	vendored-node-dependencies	git show f773b3090ffd86cb5600fdaf3aca20ec9cc19606:e2e/node_modules/vitest/dist/chunks/defaults.9aQKnqFk.js
e2e/node_modules/vitest/dist/chunks/env.D4Lgay0q.js	f3389f04751ea6ae3c7d6ae171b8fc563348c4a9	433	vendored-node-dependencies	git show f773b3090ffd86cb5600fdaf3aca20ec9cc19606:e2e/node_modules/vitest/dist/chunks/env.D4Lgay0q.js
e2e/node_modules/vitest/dist/chunks/environment.d.CrsxCzP1.d.ts	162cf767c1e538169ddf635e3aef84b2de468e5f	848	vendored-node-dependencies	git show f773b3090ffd86cb5600fdaf3aca20ec9cc19606:e2e/node_modules/vitest/dist/chunks/environment.d.CrsxCzP1.d.ts
e2e/node_modules/vitest/dist/chunks/evaluatedModules.Dg1zASAC.js	e2905f02b18f7aae8bb3cd19dbc715b8dd432c79	523	vendored-node-dependencies	git show f773b3090ffd86cb5600fdaf3aca20ec9cc19606:e2e/node_modules/vitest/dist/chunks/evaluatedModules.Dg1zASAC.js
e2e/node_modules/vitest/dist/chunks/evaluatedModules.d.BxJ5omdx.d.ts	970d1515a64374d3bec26148fa0a665c97e3eb2d	205	vendored-node-dependencies	git show f773b3090ffd86cb5600fdaf3aca20ec9cc19606:e2e/node_modules/vitest/dist/chunks/evaluatedModules.d.BxJ5omdx.d.ts
e2e/node_modules/vitest/dist/chunks/global.d.DVsSRdQ5.d.ts	92e9e91ff6e564f7a9cc8bfa0e16afd2c0bf9fcf	3287	vendored-node-dependencies	git show f773b3090ffd86cb5600fdaf3aca20ec9cc19606:e2e/node_modules/vitest/dist/chunks/global.d.DVsSRdQ5.d.ts
e2e/node_modules/vitest/dist/chunks/globals.Dj1TGiMC.js	e1ec5427ce2be6f69741b8191180b2250149be85	883	vendored-node-dependencies	git show f773b3090ffd86cb5600fdaf3aca20ec9cc19606:e2e/node_modules/vitest/dist/chunks/globals.Dj1TGiMC.js
e2e/node_modules/vitest/dist/chunks/index.BCY_7LL2.js	c04c8f0b8e67c2d7bbbe5b18c15df12f06081c25	61509	vendored-node-dependencies	git show f773b3090ffd86cb5600fdaf3aca20ec9cc19606:e2e/node_modules/vitest/dist/chunks/index.BCY_7LL2.js
e2e/node_modules/vitest/dist/chunks/index.CMESou6r.js	4a1d9be8e19dba5922c3ac115343cacdea92466c	6988	vendored-node-dependencies	git show f773b3090ffd86cb5600fdaf3aca20ec9cc19606:e2e/node_modules/vitest/dist/chunks/index.CMESou6r.js
e2e/node_modules/vitest/dist/chunks/index.Chj8NDwU.js	5943b9b5316f6b3c4187b0d7b9c747effeadedc1	5811	vendored-node-dependencies	git show f773b3090ffd86cb5600fdaf3aca20ec9cc19606:e2e/node_modules/vitest/dist/chunks/index.Chj8NDwU.js
e2e/node_modules/vitest/dist/chunks/index.DC7d2Pf8.js	0b0934f9465dc7d05b9ff04bb8245a30bdbc7399	19801	vendored-node-dependencies	git show f773b3090ffd86cb5600fdaf3aca20ec9cc19606:e2e/node_modules/vitest/dist/chunks/index.DC7d2Pf8.js
e2e/node_modules/vitest/dist/chunks/index.DXx9Dtk7.js	c99b91314bb8d6d62c8c4ef57284bfbaa66988e1	7330	vendored-node-dependencies	git show f773b3090ffd86cb5600fdaf3aca20ec9cc19606:e2e/node_modules/vitest/dist/chunks/index.DXx9Dtk7.js
e2e/node_modules/vitest/dist/chunks/index.DdgEv5B1.js	201a0a519698e200a151b89f902f2eb13b5bf25e	1396	vendored-node-dependencies	git show f773b3090ffd86cb5600fdaf3aca20ec9cc19606:e2e/node_modules/vitest/dist/chunks/index.DdgEv5B1.js
e2e/node_modules/vitest/dist/chunks/index.UpGiHP7g.js	7ea2dde4c1523c7a52917008b2317e2bfc8a2376	151531	vendored-node-dependencies	git show f773b3090ffd86cb5600fdaf3aca20ec9cc19606:e2e/node_modules/vitest/dist/chunks/index.UpGiHP7g.js
e2e/node_modules/vitest/dist/chunks/index.og1WyBLx.js	966c79f27c52c9ded5aab2b442716ecbdcd4898c	176334	vendored-node-dependencies	git show f773b3090ffd86cb5600fdaf3aca20ec9cc19606:e2e/node_modules/vitest/dist/chunks/index.og1WyBLx.js
e2e/node_modules/vitest/dist/chunks/init-forks.H5ZuobOQ.js	3a3a5f671e3d503eae1af13c6068e4d18bb8f60b	1624	vendored-node-dependencies	git show f773b3090ffd86cb5600fdaf3aca20ec9cc19606:e2e/node_modules/vitest/dist/chunks/init-forks.H5ZuobOQ.js
e2e/node_modules/vitest/dist/chunks/init-threads.6kl1khcL.js	7b1d8e85e6fd5dd4846ef276002c92cebe5d0301	720	vendored-node-dependencies	git show f773b3090ffd86cb5600fdaf3aca20ec9cc19606:e2e/node_modules/vitest/dist/chunks/init-threads.6kl1khcL.js
e2e/node_modules/vitest/dist/chunks/init.k9zZ9sLh.js	e7e3cab12561dbd3cce1af69aae0a2c60d870506	13919	vendored-node-dependencies	git show f773b3090ffd86cb5600fdaf3aca20ec9cc19606:e2e/node_modules/vitest/dist/chunks/init.k9zZ9sLh.js
e2e/node_modules/vitest/dist/chunks/inspector.CvyFGlXm.js	99fb8437a02c2a70c0eb79b641f550220203b902	1642	vendored-node-dependencies	git show f773b3090ffd86cb5600fdaf3aca20ec9cc19606:e2e/node_modules/vitest/dist/chunks/inspector.CvyFGlXm.js
e2e/node_modules/vitest/dist/chunks/modules.BJuCwlRJ.js	31568483b8a6e51cfef4e4cb160abc7b5135796f	1493	vendored-node-dependencies	git show f773b3090ffd86cb5600fdaf3aca20ec9cc19606:e2e/node_modules/vitest/dist/chunks/modules.BJuCwlRJ.js
e2e/node_modules/vitest/dist/chunks/native.DPzPHdi5.js	333bfe3de4868d73c5056905ae3749e6cf02607f	6772	vendored-node-dependencies	git show f773b3090ffd86cb5600fdaf3aca20ec9cc19606:e2e/node_modules/vitest/dist/chunks/native.DPzPHdi5.js
e2e/node_modules/vitest/dist/chunks/nativeModuleMocker.BkNfQMkH.js	d2227a6092b0c1da5cf5a33fed7c6c777f2d7050	8862	vendored-node-dependencies	git show f773b3090ffd86cb5600fdaf3aca20ec9cc19606:e2e/node_modules/vitest/dist/chunks/nativeModuleMocker.BkNfQMkH.js
e2e/node_modules/vitest/dist/chunks/nativeModuleRunner.BIakptoF.js	85c92773a5f186b5a49702ac8f4c544df5e249c4	1052	vendored-node-dependencies	git show f773b3090ffd86cb5600fdaf3aca20ec9cc19606:e2e/node_modules/vitest/dist/chunks/nativeModuleRunner.BIakptoF.js
e2e/node_modules/vitest/dist/chunks/node.COQbm6gK.js	4f7d37f49ca0b44557196db14d53caad42fb5fb1	478	vendored-node-dependencies	git show f773b3090ffd86cb5600fdaf3aca20ec9cc19606:e2e/node_modules/vitest/dist/chunks/node.COQbm6gK.js
e2e/node_modules/vitest/dist/chunks/plugin.d.DwFIiJ7i.d.ts	1edbd4ae8f7349b1639257959ad984351f7796b3	1194	vendored-node-dependencies	git show f773b3090ffd86cb5600fdaf3aca20ec9cc19606:e2e/node_modules/vitest/dist/chunks/plugin.d.DwFIiJ7i.d.ts
e2e/node_modules/vitest/dist/chunks/reporters.d.DtoKVV2s.d.ts	fbe82be6ea7d5dd5e3fa6771c040f0a438f5717f	113407	vendored-node-dependencies	git show f773b3090ffd86cb5600fdaf3aca20ec9cc19606:e2e/node_modules/vitest/dist/chunks/reporters.d.DtoKVV2s.d.ts
e2e/node_modules/vitest/dist/chunks/rpc.MzXet3jl.js	66afd602e37355c8791ebaaa1db9cfe85d6df85b	4752	vendored-node-dependencies	git show f773b3090ffd86cb5600fdaf3aca20ec9cc19606:e2e/node_modules/vitest/dist/chunks/rpc.MzXet3jl.js
e2e/node_modules/vitest/dist/chunks/rpc.d.B_8sPU0w.d.ts	7d9de43b7af3d8f375e7beb33de4e78ddeba2f52	1639	vendored-node-dependencies	git show f773b3090ffd86cb5600fdaf3aca20ec9cc19606:e2e/node_modules/vitest/dist/chunks/rpc.d.B_8sPU0w.d.ts
e2e/node_modules/vitest/dist/chunks/setup-common.DYx3LtFI.js	907c615e1eb7492ee95e064997d067697b4a7eb9	3005	vendored-node-dependencies	git show f773b3090ffd86cb5600fdaf3aca20ec9cc19606:e2e/node_modules/vitest/dist/chunks/setup-common.DYx3LtFI.js
e2e/node_modules/vitest/dist/chunks/startVitestModuleRunner.DB-7oCpn.js	51603dba544cbff7ae2e0ecf28b1efa0776e6f43	27367	vendored-node-dependencies	git show f773b3090ffd86cb5600fdaf3aca20ec9cc19606:e2e/node_modules/vitest/dist/chunks/startVitestModuleRunner.DB-7oCpn.js
e2e/node_modules/vitest/dist/chunks/suite.d.udJtyAgw.d.ts	cdba1eb395e4e9a48761397534d1f3a5f28cd953	398	vendored-node-dependencies	git show f773b3090ffd86cb5600fdaf3aca20ec9cc19606:e2e/node_modules/vitest/dist/chunks/suite.d.udJtyAgw.d.ts
e2e/node_modules/vitest/dist/chunks/test.DNmyFkvJ.js	5e59edbaa734215b8c920201c4ec23a65afe872d	153875	vendored-node-dependencies	git show f773b3090ffd86cb5600fdaf3aca20ec9cc19606:e2e/node_modules/vitest/dist/chunks/test.DNmyFkvJ.js
e2e/node_modules/vitest/dist/chunks/traces.DT5aQ62U.js	26dc7cab7bd915cec7247367ae061d647bb7ef3e	6049	vendored-node-dependencies	git show f773b3090ffd86cb5600fdaf3aca20ec9cc19606:e2e/node_modules/vitest/dist/chunks/traces.DT5aQ62U.js
e2e/node_modules/vitest/dist/chunks/traces.d.D2T_R8rx.d.ts	2707949d0c3cf84196de9d02c81bcae2d794a148	1353	vendored-node-dependencies	git show f773b3090ffd86cb5600fdaf3aca20ec9cc19606:e2e/node_modules/vitest/dist/chunks/traces.d.D2T_R8rx.d.ts
e2e/node_modules/vitest/dist/chunks/utils.BS4fH3nR.js	5a7f98c60e8c09b524136a6ec919c4fd4f4c1c02	7555	vendored-node-dependencies	git show f773b3090ffd86cb5600fdaf3aca20ec9cc19606:e2e/node_modules/vitest/dist/chunks/utils.BS4fH3nR.js
e2e/node_modules/vitest/dist/chunks/utils.BX5Fg8C4.js	b9f147ccf75b1140d693c8d610ac41d89e12c497	2347	vendored-node-dependencies	git show f773b3090ffd86cb5600fdaf3aca20ec9cc19606:e2e/node_modules/vitest/dist/chunks/utils.BX5Fg8C4.js
e2e/node_modules/vitest/dist/chunks/vm.CXMd5FHa.js	addad55bb2255919f0d4182ce9c9bb70b8c5659f	29791	vendored-node-dependencies	git show f773b3090ffd86cb5600fdaf3aca20ec9cc19606:e2e/node_modules/vitest/dist/chunks/vm.CXMd5FHa.js
e2e/node_modules/vitest/dist/chunks/worker.d.ZpHpO4yb.d.ts	7a93c80c4eef1038a099f1708898dd214131b938	8770	vendored-node-dependencies	git show f773b3090ffd86cb5600fdaf3aca20ec9cc19606:e2e/node_modules/vitest/dist/chunks/worker.d.ZpHpO4yb.d.ts
e2e/node_modules/vitest/dist/cli.js	d8c3290964ad695fe44b91448cfcd6af86800577	284	vendored-node-dependencies	git show f773b3090ffd86cb5600fdaf3aca20ec9cc19606:e2e/node_modules/vitest/dist/cli.js
e2e/node_modules/vitest/dist/config.cjs	1003cbe679e99165b343c682e6374e8c91f4330c	2812	vendored-node-dependencies	git show f773b3090ffd86cb5600fdaf3aca20ec9cc19606:e2e/node_modules/vitest/dist/config.cjs
e2e/node_modules/vitest/dist/config.d.ts	5c8cf9f1b2363bcf53d78d50eeb921b7dd52a184	4163	vendored-node-dependencies	git show f773b3090ffd86cb5600fdaf3aca20ec9cc19606:e2e/node_modules/vitest/dist/config.d.ts
e2e/node_modules/vitest/dist/config.js	ce87436b68a7c822e03593f10a21eaa9b0d011ad	464	vendored-node-dependencies	git show f773b3090ffd86cb5600fdaf3aca20ec9cc19606:e2e/node_modules/vitest/dist/config.js
e2e/node_modules/vitest/dist/coverage.d.ts	e89528ba329ba2dfa9268a7248440104c99c5694	4657	vendored-node-dependencies	git show f773b3090ffd86cb5600fdaf3aca20ec9cc19606:e2e/node_modules/vitest/dist/coverage.d.ts
e2e/node_modules/vitest/dist/coverage.js	c11a76351852bd56ea64a75c748228c3ace12dfd	799	vendored-node-dependencies	git show f773b3090ffd86cb5600fdaf3aca20ec9cc19606:e2e/node_modules/vitest/dist/coverage.js
e2e/node_modules/vitest/dist/environments.d.ts	58d23ee85c53c4ef00ca51c28ef9e2ca44ccf3fd	665	vendored-node-dependencies	git show f773b3090ffd86cb5600fdaf3aca20ec9cc19606:e2e/node_modules/vitest/dist/environments.d.ts
e2e/node_modules/vitest/dist/environments.js	d082d90ab14648c7483ed535ec5d56b9cd5742f0	262	vendored-node-dependencies	git show f773b3090ffd86cb5600fdaf3aca20ec9cc19606:e2e/node_modules/vitest/dist/environments.js
e2e/node_modules/vitest/dist/index.d.ts	dc0cf97bf10265631cb6bb1fabc06790b5a61021	29194	vendored-node-dependencies	git show f773b3090ffd86cb5600fdaf3aca20ec9cc19606:e2e/node_modules/vitest/dist/index.d.ts
e2e/node_modules/vitest/dist/index.js	1898c584c4ba86c146e35c2ad5af6fdcb210a61a	1091	vendored-node-dependencies	git show f773b3090ffd86cb5600fdaf3aca20ec9cc19606:e2e/node_modules/vitest/dist/index.js
e2e/node_modules/vitest/dist/module-evaluator.d.ts	3069846f8050410069cdd7b1209ee80c6496550f	4373	vendored-node-dependencies	git show f773b3090ffd86cb5600fdaf3aca20ec9cc19606:e2e/node_modules/vitest/dist/module-evaluator.d.ts
e2e/node_modules/vitest/dist/module-evaluator.js	d7703b70eaebe617b39890d0fd4c2f4ab22cdc59	13377	vendored-node-dependencies	git show f773b3090ffd86cb5600fdaf3aca20ec9cc19606:e2e/node_modules/vitest/dist/module-evaluator.js
e2e/node_modules/vitest/dist/node.d.ts	4af12597408d7f46a148003f4425e83272e3ccdd	12439	vendored-node-dependencies	git show f773b3090ffd86cb5600fdaf3aca20ec9cc19606:e2e/node_modules/vitest/dist/node.d.ts
e2e/node_modules/vitest/dist/node.js	94eca058f3a493a451821f6392f322fc64fd397d	4398	vendored-node-dependencies	git show f773b3090ffd86cb5600fdaf3aca20ec9cc19606:e2e/node_modules/vitest/dist/node.js
e2e/node_modules/vitest/dist/nodejs-worker-loader.js	bc6f5e8a7d7eb44eee1438493377cd5c0755ca93	1412	vendored-node-dependencies	git show f773b3090ffd86cb5600fdaf3aca20ec9cc19606:e2e/node_modules/vitest/dist/nodejs-worker-loader.js
e2e/node_modules/vitest/dist/path.js	0acf87b08855a27fb72f1fe774aea49ee950dba2	242	vendored-node-dependencies	git show f773b3090ffd86cb5600fdaf3aca20ec9cc19606:e2e/node_modules/vitest/dist/path.js
e2e/node_modules/vitest/dist/reporters.d.ts	67e9db0f784bef598cc7164b2223abd72ea52c0a	1447	vendored-node-dependencies	git show f773b3090ffd86cb5600fdaf3aca20ec9cc19606:e2e/node_modules/vitest/dist/reporters.d.ts
e2e/node_modules/vitest/dist/reporters.js	5a960e3ba049afe9460a5ea2849e759fad8a893e	1065	vendored-node-dependencies	git show f773b3090ffd86cb5600fdaf3aca20ec9cc19606:e2e/node_modules/vitest/dist/reporters.js
e2e/node_modules/vitest/dist/runners.d.ts	2828b57d04bd327058ba44b400e7de3324dbed5b	2714	vendored-node-dependencies	git show f773b3090ffd86cb5600fdaf3aca20ec9cc19606:e2e/node_modules/vitest/dist/runners.d.ts
e2e/node_modules/vitest/dist/runners.js	034be8a4d0eed1b0fb84de964d469cfaa5b7afb1	711	vendored-node-dependencies	git show f773b3090ffd86cb5600fdaf3aca20ec9cc19606:e2e/node_modules/vitest/dist/runners.js
e2e/node_modules/vitest/dist/runtime.d.ts	cd6ea6713af7c0ae1c4522c6d1b6503abed30369	412	vendored-node-dependencies	git show f773b3090ffd86cb5600fdaf3aca20ec9cc19606:e2e/node_modules/vitest/dist/runtime.d.ts
e2e/node_modules/vitest/dist/runtime.js	cbb5d03e5eb8d878f7806ab60152d5c5f50980cc	1093	vendored-node-dependencies	git show f773b3090ffd86cb5600fdaf3aca20ec9cc19606:e2e/node_modules/vitest/dist/runtime.js
e2e/node_modules/vitest/dist/snapshot.d.ts	966a627668e27603f93e47bb305139d87a52dd71	364	vendored-node-dependencies	git show f773b3090ffd86cb5600fdaf3aca20ec9cc19606:e2e/node_modules/vitest/dist/snapshot.d.ts
e2e/node_modules/vitest/dist/snapshot.js	64ed1f27192a6f5dbe7027aa8b3e68bc091d8572	335	vendored-node-dependencies	git show f773b3090ffd86cb5600fdaf3aca20ec9cc19606:e2e/node_modules/vitest/dist/snapshot.js
e2e/node_modules/vitest/dist/spy.js	d2b1e1d4de69b692903a05b159f818c6bdde7ed3	29	vendored-node-dependencies	git show f773b3090ffd86cb5600fdaf3aca20ec9cc19606:e2e/node_modules/vitest/dist/spy.js
e2e/node_modules/vitest/dist/suite.d.ts	0f224f71419a59bcdf7f967b5fc0bebb10a1f099	360	vendored-node-dependencies	git show f773b3090ffd86cb5600fdaf3aca20ec9cc19606:e2e/node_modules/vitest/dist/suite.d.ts
e2e/node_modules/vitest/dist/suite.js	988b47ce971d7c1a4c9613b8e46476c741a33b43	569	vendored-node-dependencies	git show f773b3090ffd86cb5600fdaf3aca20ec9cc19606:e2e/node_modules/vitest/dist/suite.js
e2e/node_modules/vitest/dist/worker.d.ts	7aa5622d4518c35a77e6ad679e6e48ccd068393a	1468	vendored-node-dependencies	git show f773b3090ffd86cb5600fdaf3aca20ec9cc19606:e2e/node_modules/vitest/dist/worker.d.ts
e2e/node_modules/vitest/dist/worker.js	be1dca6da19ff565e0485322238219d865b0091d	1771	vendored-node-dependencies	git show f773b3090ffd86cb5600fdaf3aca20ec9cc19606:e2e/node_modules/vitest/dist/worker.js
e2e/node_modules/vitest/dist/workers/forks.js	738ed35b3fd10db8a5e8b016b0c91879c418196f	1918	vendored-node-dependencies	git show f773b3090ffd86cb5600fdaf3aca20ec9cc19606:e2e/node_modules/vitest/dist/workers/forks.js
e2e/node_modules/vitest/dist/workers/runVmTests.js	e3f749a602179252bd1351be6e1e037f6f4dcd55	4507	vendored-node-dependencies	git show f773b3090ffd86cb5600fdaf3aca20ec9cc19606:e2e/node_modules/vitest/dist/workers/runVmTests.js
e2e/node_modules/vitest/dist/workers/threads.js	b5d749b9f88f1bb9e4506555275a022b696df798	1950	vendored-node-dependencies	git show f773b3090ffd86cb5600fdaf3aca20ec9cc19606:e2e/node_modules/vitest/dist/workers/threads.js
e2e/node_modules/vitest/dist/workers/vmForks.js	7b13afa574718bfd2ddaea0caac407aee1972a05	1215	vendored-node-dependencies	git show f773b3090ffd86cb5600fdaf3aca20ec9cc19606:e2e/node_modules/vitest/dist/workers/vmForks.js
e2e/node_modules/vitest/dist/workers/vmThreads.js	23cd94de4628c2226d08cc68114851f51e4b69b5	1247	vendored-node-dependencies	git show f773b3090ffd86cb5600fdaf3aca20ec9cc19606:e2e/node_modules/vitest/dist/workers/vmThreads.js
e2e/node_modules/vitest/environments.d.ts	9758d6e8ded85e1bbe59e7eaa5aae1a07d0afbfe	36	vendored-node-dependencies	git show f773b3090ffd86cb5600fdaf3aca20ec9cc19606:e2e/node_modules/vitest/environments.d.ts
e2e/node_modules/vitest/globals.d.ts	a654eaa12b1ab130990cadc08c8e722ce28e93e0	1009	vendored-node-dependencies	git show f773b3090ffd86cb5600fdaf3aca20ec9cc19606:e2e/node_modules/vitest/globals.d.ts
e2e/node_modules/vitest/import-meta.d.ts	ee00ff5d04818a8aa22b703b801e694492bd7ed5	249	vendored-node-dependencies	git show f773b3090ffd86cb5600fdaf3aca20ec9cc19606:e2e/node_modules/vitest/import-meta.d.ts
e2e/node_modules/vitest/importMeta.d.ts	689212677484845c5fa88c39e22c7752fce0047f	83	vendored-node-dependencies	git show f773b3090ffd86cb5600fdaf3aca20ec9cc19606:e2e/node_modules/vitest/importMeta.d.ts
e2e/node_modules/vitest/index.cjs	85fc303f76c66d38c6b2ce355dca7064cb44e126	412	vendored-node-dependencies	git show f773b3090ffd86cb5600fdaf3aca20ec9cc19606:e2e/node_modules/vitest/index.cjs
e2e/node_modules/vitest/index.d.cts	09e9c9b2a265b231e5f195ca1cfddccebffbfa9f	32	vendored-node-dependencies	git show f773b3090ffd86cb5600fdaf3aca20ec9cc19606:e2e/node_modules/vitest/index.d.cts
e2e/node_modules/vitest/jsdom.d.ts	723af9d426a17e635c88b08b23bf720152fc1b85	86	vendored-node-dependencies	git show f773b3090ffd86cb5600fdaf3aca20ec9cc19606:e2e/node_modules/vitest/jsdom.d.ts
e2e/node_modules/vitest/mocker.d.ts	38df3da1924abded4f0c63c0a678cb4f37be1631	33	vendored-node-dependencies	git show f773b3090ffd86cb5600fdaf3aca20ec9cc19606:e2e/node_modules/vitest/mocker.d.ts
e2e/node_modules/vitest/node.d.ts	18975f6e88c96fa7d97248e993b2af40ca7fe896	31	vendored-node-dependencies	git show f773b3090ffd86cb5600fdaf3aca20ec9cc19606:e2e/node_modules/vitest/node.d.ts
e2e/node_modules/vitest/optional-runtime-types.d.ts	ba94336682fd1539c342061fd7e6490c5c4fbb1a	164	vendored-node-dependencies	git show f773b3090ffd86cb5600fdaf3aca20ec9cc19606:e2e/node_modules/vitest/optional-runtime-types.d.ts
e2e/node_modules/vitest/optional-types.d.ts	49cdb4fae8205306adc0b6e7998dc5a792d0ab36	194	vendored-node-dependencies	git show f773b3090ffd86cb5600fdaf3aca20ec9cc19606:e2e/node_modules/vitest/optional-types.d.ts
e2e/node_modules/vitest/package.json	1a86f6558469e0730506bab70aac36eeb67e0482	5932	vendored-node-dependencies	git show f773b3090ffd86cb5600fdaf3aca20ec9cc19606:e2e/node_modules/vitest/package.json
e2e/node_modules/vitest/reporters.d.ts	5fe5fe7e27afef273a21e20aae05d813a13d7940	36	vendored-node-dependencies	git show f773b3090ffd86cb5600fdaf3aca20ec9cc19606:e2e/node_modules/vitest/reporters.d.ts
e2e/node_modules/vitest/runners.d.ts	0477c34a9a47d4c8c7601a9fcf91015b7ca2e3db	34	vendored-node-dependencies	git show f773b3090ffd86cb5600fdaf3aca20ec9cc19606:e2e/node_modules/vitest/runners.d.ts
e2e/node_modules/vitest/snapshot.d.ts	e032fa789764f191c3e9e5b382c1b6ef5742d301	35	vendored-node-dependencies	git show f773b3090ffd86cb5600fdaf3aca20ec9cc19606:e2e/node_modules/vitest/snapshot.d.ts
e2e/node_modules/vitest/suite.d.ts	9465dc5c11d2d0cd0ec9dc7716fcb344fb71f8de	32	vendored-node-dependencies	git show f773b3090ffd86cb5600fdaf3aca20ec9cc19606:e2e/node_modules/vitest/suite.d.ts
e2e/node_modules/vitest/suppress-warnings.cjs	7ab439dc571ea7b320018233fea5cce7c4dbf85b	862	vendored-node-dependencies	git show f773b3090ffd86cb5600fdaf3aca20ec9cc19606:e2e/node_modules/vitest/suppress-warnings.cjs
e2e/node_modules/vitest/vitest.mjs	02dd4714b90340442ab2b2b72a704a99c9b5e4b8	43	vendored-node-dependencies	git show f773b3090ffd86cb5600fdaf3aca20ec9cc19606:e2e/node_modules/vitest/vitest.mjs
e2e/node_modules/vitest/worker.d.ts	7dd14165ffbf697cbbd14dc0abd3c2e4fa3d0f9a	33	vendored-node-dependencies	git show f773b3090ffd86cb5600fdaf3aca20ec9cc19606:e2e/node_modules/vitest/worker.d.ts
e2e/node_modules/why-is-node-running/.github/FUNDING.yml	90f7f20b1ac27ec9cbe89779fd8d6ec40e2f2ce3	18	vendored-node-dependencies	git show f773b3090ffd86cb5600fdaf3aca20ec9cc19606:e2e/node_modules/why-is-node-running/.github/FUNDING.yml
e2e/node_modules/why-is-node-running/LICENSE	bae9da7bfae2b5e22cfb0945b362b23ca822c8bb	1079	vendored-node-dependencies	git show f773b3090ffd86cb5600fdaf3aca20ec9cc19606:e2e/node_modules/why-is-node-running/LICENSE
e2e/node_modules/why-is-node-running/README.md	d5e4c5457400d4993ae18835f1ab57edcd86ba22	2534	vendored-node-dependencies	git show f773b3090ffd86cb5600fdaf3aca20ec9cc19606:e2e/node_modules/why-is-node-running/README.md
e2e/node_modules/why-is-node-running/cli.js	15cf2b9147ab2cb4c36afdc1ff50604e32cd593a	441	vendored-node-dependencies	git show f773b3090ffd86cb5600fdaf3aca20ec9cc19606:e2e/node_modules/why-is-node-running/cli.js
e2e/node_modules/why-is-node-running/example.js	4584d4b778a1c6be4fcf8ab8cc7877f3aa4b1d30	241	vendored-node-dependencies	git show f773b3090ffd86cb5600fdaf3aca20ec9cc19606:e2e/node_modules/why-is-node-running/example.js
e2e/node_modules/why-is-node-running/include.js	c7ffe28cb6df140083f47c54abe6ad99dc9f3b4e	55	vendored-node-dependencies	git show f773b3090ffd86cb5600fdaf3aca20ec9cc19606:e2e/node_modules/why-is-node-running/include.js
e2e/node_modules/why-is-node-running/index.js	70842c5609e949492271e3cbd27aacf4991f3561	2073	vendored-node-dependencies	git show f773b3090ffd86cb5600fdaf3aca20ec9cc19606:e2e/node_modules/why-is-node-running/index.js
e2e/node_modules/why-is-node-running/package.json	9bf6a6d651e47b7f3d843f306ebb3aa1deb9c712	855	vendored-node-dependencies	git show f773b3090ffd86cb5600fdaf3aca20ec9cc19606:e2e/node_modules/why-is-node-running/package.json
fix.fsx	38148132c657f675fb9771f2e739b8de0999176a	1500	obsolete-scratch-script	git show f773b3090ffd86cb5600fdaf3aca20ec9cc19606:fix.fsx
generate_ledger.fsx	ec1c158eb82cd09a72c32f150a8569474edac66c	4888	obsolete-scratch-script	git show f773b3090ffd86cb5600fdaf3aca20ec9cc19606:generate_ledger.fsx
out-toolchain.json	91e2a1778808f2a981e2b4636ac60acb292502bd	74	machine-host-output	git show f773b3090ffd86cb5600fdaf3aca20ec9cc19606:out-toolchain.json
public_html/FSharpAssay/FsAssay.Web.Client.styles.css	a8835279306e5541255833ac6db75a9e946e630e	295	compiled-public-html-copy	git show f773b3090ffd86cb5600fdaf3aca20ec9cc19606:public_html/FSharpAssay/FsAssay.Web.Client.styles.css
public_html/FSharpAssay/_content/BlazorMonaco/jsInterop.js	78788b2533448048c619f1616e5c824355c1ab22	36428	compiled-public-html-copy	git show f773b3090ffd86cb5600fdaf3aca20ec9cc19606:public_html/FSharpAssay/_content/BlazorMonaco/jsInterop.js
public_html/FSharpAssay/_content/BlazorMonaco/lib/monaco-editor/min-maps/vs/base/common/worker/simpleWorker.nls.de.js.map	c0a08428a4d813b8cc72894ac9f4ecb1574716bb	1433	compiled-public-html-copy	git show f773b3090ffd86cb5600fdaf3aca20ec9cc19606:public_html/FSharpAssay/_content/BlazorMonaco/lib/monaco-editor/min-maps/vs/base/common/worker/simpleWorker.nls.de.js.map
public_html/FSharpAssay/_content/BlazorMonaco/lib/monaco-editor/min-maps/vs/base/common/worker/simpleWorker.nls.es.js.map	dfe050f30d66b597d0fe2cb08dcd40c7348e6a74	1443	compiled-public-html-copy	git show f773b3090ffd86cb5600fdaf3aca20ec9cc19606:public_html/FSharpAssay/_content/BlazorMonaco/lib/monaco-editor/min-maps/vs/base/common/worker/simpleWorker.nls.es.js.map
public_html/FSharpAssay/_content/BlazorMonaco/lib/monaco-editor/min-maps/vs/base/common/worker/simpleWorker.nls.fr.js.map	19cd3ef0f364eb7d0b9eaf828d85309253a85fbc	1447	compiled-public-html-copy	git show f773b3090ffd86cb5600fdaf3aca20ec9cc19606:public_html/FSharpAssay/_content/BlazorMonaco/lib/monaco-editor/min-maps/vs/base/common/worker/simpleWorker.nls.fr.js.map
public_html/FSharpAssay/_content/BlazorMonaco/lib/monaco-editor/min-maps/vs/base/common/worker/simpleWorker.nls.it.js.map	783e45af69c98a6c9d6d07fff5dfac7e6ae38ff7	1444	compiled-public-html-copy	git show f773b3090ffd86cb5600fdaf3aca20ec9cc19606:public_html/FSharpAssay/_content/BlazorMonaco/lib/monaco-editor/min-maps/vs/base/common/worker/simpleWorker.nls.it.js.map
public_html/FSharpAssay/_content/BlazorMonaco/lib/monaco-editor/min-maps/vs/base/common/worker/simpleWorker.nls.ja.js.map	76d5d856d7e70d4dbbe135fe73c4ad3cfff86725	1540	compiled-public-html-copy	git show f773b3090ffd86cb5600fdaf3aca20ec9cc19606:public_html/FSharpAssay/_content/BlazorMonaco/lib/monaco-editor/min-maps/vs/base/common/worker/simpleWorker.nls.ja.js.map
public_html/FSharpAssay/_content/BlazorMonaco/lib/monaco-editor/min-maps/vs/base/common/worker/simpleWorker.nls.js.map	f3497952e3636cdd56b4e472fc026e2c3395c61a	1577	compiled-public-html-copy	git show f773b3090ffd86cb5600fdaf3aca20ec9cc19606:public_html/FSharpAssay/_content/BlazorMonaco/lib/monaco-editor/min-maps/vs/base/common/worker/simpleWorker.nls.js.map
public_html/FSharpAssay/_content/BlazorMonaco/lib/monaco-editor/min-maps/vs/base/common/worker/simpleWorker.nls.ko.js.map	9cee45af0402f701893f04c7d0fe890d942129bf	1443	compiled-public-html-copy	git show f773b3090ffd86cb5600fdaf3aca20ec9cc19606:public_html/FSharpAssay/_content/BlazorMonaco/lib/monaco-editor/min-maps/vs/base/common/worker/simpleWorker.nls.ko.js.map
public_html/FSharpAssay/_content/BlazorMonaco/lib/monaco-editor/min-maps/vs/base/common/worker/simpleWorker.nls.ru.js.map	e105629b2b0c97aa09382859e918c671e8a64a1b	1663	compiled-public-html-copy	git show f773b3090ffd86cb5600fdaf3aca20ec9cc19606:public_html/FSharpAssay/_content/BlazorMonaco/lib/monaco-editor/min-maps/vs/base/common/worker/simpleWorker.nls.ru.js.map
public_html/FSharpAssay/_content/BlazorMonaco/lib/monaco-editor/min-maps/vs/base/common/worker/simpleWorker.nls.zh-cn.js.map	52a7828a6d95591eaa25fa0255545f4629b6f265	1402	compiled-public-html-copy	git show f773b3090ffd86cb5600fdaf3aca20ec9cc19606:public_html/FSharpAssay/_content/BlazorMonaco/lib/monaco-editor/min-maps/vs/base/common/worker/simpleWorker.nls.zh-cn.js.map
public_html/FSharpAssay/_content/BlazorMonaco/lib/monaco-editor/min-maps/vs/base/common/worker/simpleWorker.nls.zh-tw.js.map	2a6c66bbde0179406e22c39734cfcbb796f18ada	1411	compiled-public-html-copy	git show f773b3090ffd86cb5600fdaf3aca20ec9cc19606:public_html/FSharpAssay/_content/BlazorMonaco/lib/monaco-editor/min-maps/vs/base/common/worker/simpleWorker.nls.zh-tw.js.map
public_html/FSharpAssay/_content/BlazorMonaco/lib/monaco-editor/min-maps/vs/base/worker/workerMain.js.map	fe1dd2be14fdb489f9088ce00aada2f839df854e	1332437	compiled-public-html-copy	git show f773b3090ffd86cb5600fdaf3aca20ec9cc19606:public_html/FSharpAssay/_content/BlazorMonaco/lib/monaco-editor/min-maps/vs/base/worker/workerMain.js.map
public_html/FSharpAssay/_content/BlazorMonaco/lib/monaco-editor/min-maps/vs/editor/editor.main.js.map	b426aeeec37af4729d27d184ef7bb3a214ae9832	12528584	compiled-public-html-copy	git show f773b3090ffd86cb5600fdaf3aca20ec9cc19606:public_html/FSharpAssay/_content/BlazorMonaco/lib/monaco-editor/min-maps/vs/editor/editor.main.js.map
public_html/FSharpAssay/_content/BlazorMonaco/lib/monaco-editor/min-maps/vs/editor/editor.main.nls.de.js.map	8d1a5526ce98ba493479e26361dab748f4bfd097	147599	compiled-public-html-copy	git show f773b3090ffd86cb5600fdaf3aca20ec9cc19606:public_html/FSharpAssay/_content/BlazorMonaco/lib/monaco-editor/min-maps/vs/editor/editor.main.nls.de.js.map
public_html/FSharpAssay/_content/BlazorMonaco/lib/monaco-editor/min-maps/vs/editor/editor.main.nls.es.js.map	40249cdbd827f1be77b1db0f8f132c2e7dab7f62	147968	compiled-public-html-copy	git show f773b3090ffd86cb5600fdaf3aca20ec9cc19606:public_html/FSharpAssay/_content/BlazorMonaco/lib/monaco-editor/min-maps/vs/editor/editor.main.nls.es.js.map
public_html/FSharpAssay/_content/BlazorMonaco/lib/monaco-editor/min-maps/vs/editor/editor.main.nls.fr.js.map	0adecc15ee351b743995bee9c8779691b537f39a	156351	compiled-public-html-copy	git show f773b3090ffd86cb5600fdaf3aca20ec9cc19606:public_html/FSharpAssay/_content/BlazorMonaco/lib/monaco-editor/min-maps/vs/editor/editor.main.nls.fr.js.map
public_html/FSharpAssay/_content/BlazorMonaco/lib/monaco-editor/min-maps/vs/editor/editor.main.nls.it.js.map	d457f7294fcfa970a86ddae07b7426d2d889b3df	152615	compiled-public-html-copy	git show f773b3090ffd86cb5600fdaf3aca20ec9cc19606:public_html/FSharpAssay/_content/BlazorMonaco/lib/monaco-editor/min-maps/vs/editor/editor.main.nls.it.js.map
public_html/FSharpAssay/_content/BlazorMonaco/lib/monaco-editor/min-maps/vs/editor/editor.main.nls.ja.js.map	22e5442b37074b02f80ca24790aae4201c103f9e	164446	compiled-public-html-copy	git show f773b3090ffd86cb5600fdaf3aca20ec9cc19606:public_html/FSharpAssay/_content/BlazorMonaco/lib/monaco-editor/min-maps/vs/editor/editor.main.nls.ja.js.map
public_html/FSharpAssay/_content/BlazorMonaco/lib/monaco-editor/min-maps/vs/editor/editor.main.nls.js.map	9828575b94cb9bd20bffa33d2675d37ba8fd61a1	125342	compiled-public-html-copy	git show f773b3090ffd86cb5600fdaf3aca20ec9cc19606:public_html/FSharpAssay/_content/BlazorMonaco/lib/monaco-editor/min-maps/vs/editor/editor.main.nls.js.map
public_html/FSharpAssay/_content/BlazorMonaco/lib/monaco-editor/min-maps/vs/editor/editor.main.nls.ko.js.map	956128425bea473e845adf55f51faebe51b3e3f0	146966	compiled-public-html-copy	git show f773b3090ffd86cb5600fdaf3aca20ec9cc19606:public_html/FSharpAssay/_content/BlazorMonaco/lib/monaco-editor/min-maps/vs/editor/editor.main.nls.ko.js.map
public_html/FSharpAssay/_content/BlazorMonaco/lib/monaco-editor/min-maps/vs/editor/editor.main.nls.ru.js.map	0e8e5705431ba9a6fcaec668910fad81c1e4d6a1	222763	compiled-public-html-copy	git show f773b3090ffd86cb5600fdaf3aca20ec9cc19606:public_html/FSharpAssay/_content/BlazorMonaco/lib/monaco-editor/min-maps/vs/editor/editor.main.nls.ru.js.map
public_html/FSharpAssay/_content/BlazorMonaco/lib/monaco-editor/min-maps/vs/editor/editor.main.nls.zh-cn.js.map	c85c6dae821018a4bd8816f0f9af8e5af6c7ff3e	117002	compiled-public-html-copy	git show f773b3090ffd86cb5600fdaf3aca20ec9cc19606:public_html/FSharpAssay/_content/BlazorMonaco/lib/monaco-editor/min-maps/vs/editor/editor.main.nls.zh-cn.js.map
public_html/FSharpAssay/_content/BlazorMonaco/lib/monaco-editor/min-maps/vs/editor/editor.main.nls.zh-tw.js.map	a9f49a210a8fc71687e04587b74d46f4069a8fec	119311	compiled-public-html-copy	git show f773b3090ffd86cb5600fdaf3aca20ec9cc19606:public_html/FSharpAssay/_content/BlazorMonaco/lib/monaco-editor/min-maps/vs/editor/editor.main.nls.zh-tw.js.map
public_html/FSharpAssay/_content/BlazorMonaco/lib/monaco-editor/min-maps/vs/loader.js.map	f2782e43d52683776073634a9503c7e778973f33	112623	compiled-public-html-copy	git show f773b3090ffd86cb5600fdaf3aca20ec9cc19606:public_html/FSharpAssay/_content/BlazorMonaco/lib/monaco-editor/min-maps/vs/loader.js.map
public_html/FSharpAssay/_content/BlazorMonaco/lib/monaco-editor/min/vs/base/browser/ui/codicons/codicon/codicon.ttf	4894dfa316d4a98f4804f67b7840b00e0e20051a	79504	compiled-public-html-copy	git show f773b3090ffd86cb5600fdaf3aca20ec9cc19606:public_html/FSharpAssay/_content/BlazorMonaco/lib/monaco-editor/min/vs/base/browser/ui/codicons/codicon/codicon.ttf
public_html/FSharpAssay/_content/BlazorMonaco/lib/monaco-editor/min/vs/base/common/worker/simpleWorker.nls.de.js	3768cb94f2f81850bb13d0fb9631e1ca817dac73	876	compiled-public-html-copy	git show f773b3090ffd86cb5600fdaf3aca20ec9cc19606:public_html/FSharpAssay/_content/BlazorMonaco/lib/monaco-editor/min/vs/base/common/worker/simpleWorker.nls.de.js
public_html/FSharpAssay/_content/BlazorMonaco/lib/monaco-editor/min/vs/base/common/worker/simpleWorker.nls.de.min.js	b42b28957397f3ac5c66d069a868825074348d38	429	compiled-public-html-copy	git show f773b3090ffd86cb5600fdaf3aca20ec9cc19606:public_html/FSharpAssay/_content/BlazorMonaco/lib/monaco-editor/min/vs/base/common/worker/simpleWorker.nls.de.min.js
public_html/FSharpAssay/_content/BlazorMonaco/lib/monaco-editor/min/vs/base/common/worker/simpleWorker.nls.es.js	785465220a2aad84fcb75f7637c5dc4d1b2150cf	897	compiled-public-html-copy	git show f773b3090ffd86cb5600fdaf3aca20ec9cc19606:public_html/FSharpAssay/_content/BlazorMonaco/lib/monaco-editor/min/vs/base/common/worker/simpleWorker.nls.es.js
public_html/FSharpAssay/_content/BlazorMonaco/lib/monaco-editor/min/vs/base/common/worker/simpleWorker.nls.es.min.js	a858992a19f044da4453bcc61f591bce11da39cb	438	compiled-public-html-copy	git show f773b3090ffd86cb5600fdaf3aca20ec9cc19606:public_html/FSharpAssay/_content/BlazorMonaco/lib/monaco-editor/min/vs/base/common/worker/simpleWorker.nls.es.min.js
public_html/FSharpAssay/_content/BlazorMonaco/lib/monaco-editor/min/vs/base/common/worker/simpleWorker.nls.fr.js	94b9c7e61f17e2cb0126aec78029136049fec21f	911	compiled-public-html-copy	git show f773b3090ffd86cb5600fdaf3aca20ec9cc19606:public_html/FSharpAssay/_content/BlazorMonaco/lib/monaco-editor/min/vs/base/common/worker/simpleWorker.nls.fr.js
public_html/FSharpAssay/_content/BlazorMonaco/lib/monaco-editor/min/vs/base/common/worker/simpleWorker.nls.fr.min.js	53f2eafb71cc44eb929fa87f98a316963232c9f0	438	compiled-public-html-copy	git show f773b3090ffd86cb5600fdaf3aca20ec9cc19606:public_html/FSharpAssay/_content/BlazorMonaco/lib/monaco-editor/min/vs/base/common/worker/simpleWorker.nls.fr.min.js
public_html/FSharpAssay/_content/BlazorMonaco/lib/monaco-editor/min/vs/base/common/worker/simpleWorker.nls.it.js	da0d53cf79acbd930a6ee2884a4cac6630f5394e	886	compiled-public-html-copy	git show f773b3090ffd86cb5600fdaf3aca20ec9cc19606:public_html/FSharpAssay/_content/BlazorMonaco/lib/monaco-editor/min/vs/base/common/worker/simpleWorker.nls.it.js
public_html/FSharpAssay/_content/BlazorMonaco/lib/monaco-editor/min/vs/base/common/worker/simpleWorker.nls.it.min.js	c33fb784adc0d7cc7b3dc9162b6a95f2d603500e	439	compiled-public-html-copy	git show f773b3090ffd86cb5600fdaf3aca20ec9cc19606:public_html/FSharpAssay/_content/BlazorMonaco/lib/monaco-editor/min/vs/base/common/worker/simpleWorker.nls.it.min.js
public_html/FSharpAssay/_content/BlazorMonaco/lib/monaco-editor/min/vs/base/common/worker/simpleWorker.nls.ja.js	f028c13ab0b600bd71472a27081efb8d56c25f51	1274	compiled-public-html-copy	git show f773b3090ffd86cb5600fdaf3aca20ec9cc19606:public_html/FSharpAssay/_content/BlazorMonaco/lib/monaco-editor/min/vs/base/common/worker/simpleWorker.nls.ja.js
public_html/FSharpAssay/_content/BlazorMonaco/lib/monaco-editor/min/vs/base/common/worker/simpleWorker.nls.ja.min.js	519490fa452c332c496654cb862f371ac56bff64	520	compiled-public-html-copy	git show f773b3090ffd86cb5600fdaf3aca20ec9cc19606:public_html/FSharpAssay/_content/BlazorMonaco/lib/monaco-editor/min/vs/base/common/worker/simpleWorker.nls.ja.min.js
public_html/FSharpAssay/_content/BlazorMonaco/lib/monaco-editor/min/vs/base/common/worker/simpleWorker.nls.js	1923fc03fe35c9a4c35fdfdf256f02d2e15603dc	839	compiled-public-html-copy	git show f773b3090ffd86cb5600fdaf3aca20ec9cc19606:public_html/FSharpAssay/_content/BlazorMonaco/lib/monaco-editor/min/vs/base/common/worker/simpleWorker.nls.js
public_html/FSharpAssay/_content/BlazorMonaco/lib/monaco-editor/min/vs/base/common/worker/simpleWorker.nls.ko.js	ab7b5b7edaefec793738fa17232296553d883b79	1090	compiled-public-html-copy	git show f773b3090ffd86cb5600fdaf3aca20ec9cc19606:public_html/FSharpAssay/_content/BlazorMonaco/lib/monaco-editor/min/vs/base/common/worker/simpleWorker.nls.ko.js
public_html/FSharpAssay/_content/BlazorMonaco/lib/monaco-editor/min/vs/base/common/worker/simpleWorker.nls.ko.min.js	4a4a584408f007bf8bb2707d6782a2b977c39303	429	compiled-public-html-copy	git show f773b3090ffd86cb5600fdaf3aca20ec9cc19606:public_html/FSharpAssay/_content/BlazorMonaco/lib/monaco-editor/min/vs/base/common/worker/simpleWorker.nls.ko.min.js
public_html/FSharpAssay/_content/BlazorMonaco/lib/monaco-editor/min/vs/base/common/worker/simpleWorker.nls.min.js	398c2bf6fe3c099bf794a233004884d40bc1791a	397	compiled-public-html-copy	git show f773b3090ffd86cb5600fdaf3aca20ec9cc19606:public_html/FSharpAssay/_content/BlazorMonaco/lib/monaco-editor/min/vs/base/common/worker/simpleWorker.nls.min.js
public_html/FSharpAssay/_content/BlazorMonaco/lib/monaco-editor/min/vs/base/common/worker/simpleWorker.nls.ru.js	0b3b832fcebac4f821f62f0178111cb3e4732404	1926	compiled-public-html-copy	git show f773b3090ffd86cb5600fdaf3aca20ec9cc19606:public_html/FSharpAssay/_content/BlazorMonaco/lib/monaco-editor/min/vs/base/common/worker/simpleWorker.nls.ru.js
public_html/FSharpAssay/_content/BlazorMonaco/lib/monaco-editor/min/vs/base/common/worker/simpleWorker.nls.ru.min.js	593852e6ae95afd91791ec00b87de23c9da2af60	637	compiled-public-html-copy	git show f773b3090ffd86cb5600fdaf3aca20ec9cc19606:public_html/FSharpAssay/_content/BlazorMonaco/lib/monaco-editor/min/vs/base/common/worker/simpleWorker.nls.ru.min.js
public_html/FSharpAssay/_content/BlazorMonaco/lib/monaco-editor/min/vs/base/common/worker/simpleWorker.nls.zh-cn.js	5afebb8986bab887bc65b4b6a5f6abce0c416b81	1010	compiled-public-html-copy	git show f773b3090ffd86cb5600fdaf3aca20ec9cc19606:public_html/FSharpAssay/_content/BlazorMonaco/lib/monaco-editor/min/vs/base/common/worker/simpleWorker.nls.zh-cn.js
public_html/FSharpAssay/_content/BlazorMonaco/lib/monaco-editor/min/vs/base/common/worker/simpleWorker.nls.zh-cn.min.js	016fb7d7d0be1720d91c2cfb279e743f36e4fdae	388	compiled-public-html-copy	git show f773b3090ffd86cb5600fdaf3aca20ec9cc19606:public_html/FSharpAssay/_content/BlazorMonaco/lib/monaco-editor/min/vs/base/common/worker/simpleWorker.nls.zh-cn.min.js
public_html/FSharpAssay/_content/BlazorMonaco/lib/monaco-editor/min/vs/base/common/worker/simpleWorker.nls.zh-tw.js	8061b04ded2dea4aaa5b0586083b0cfa66be18ee	1028	compiled-public-html-copy	git show f773b3090ffd86cb5600fdaf3aca20ec9cc19606:public_html/FSharpAssay/_content/BlazorMonaco/lib/monaco-editor/min/vs/base/common/worker/simpleWorker.nls.zh-tw.js
public_html/FSharpAssay/_content/BlazorMonaco/lib/monaco-editor/min/vs/base/common/worker/simpleWorker.nls.zh-tw.min.js	891eeda9e79425f70d2e16efae6540533abddf1d	397	compiled-public-html-copy	git show f773b3090ffd86cb5600fdaf3aca20ec9cc19606:public_html/FSharpAssay/_content/BlazorMonaco/lib/monaco-editor/min/vs/base/common/worker/simpleWorker.nls.zh-tw.min.js
public_html/FSharpAssay/_content/BlazorMonaco/lib/monaco-editor/min/vs/base/worker/workerMain.js	c10059a853a30bee3e0216a6b3e1bf5892a0f7ca	340141	compiled-public-html-copy	git show f773b3090ffd86cb5600fdaf3aca20ec9cc19606:public_html/FSharpAssay/_content/BlazorMonaco/lib/monaco-editor/min/vs/base/worker/workerMain.js
public_html/FSharpAssay/_content/BlazorMonaco/lib/monaco-editor/min/vs/base/worker/workerMain.min.js	cd7e2813d5a06acad412edaf156320bc523450ac	330757	compiled-public-html-copy	git show f773b3090ffd86cb5600fdaf3aca20ec9cc19606:public_html/FSharpAssay/_content/BlazorMonaco/lib/monaco-editor/min/vs/base/worker/workerMain.min.js
public_html/FSharpAssay/_content/BlazorMonaco/lib/monaco-editor/min/vs/basic-languages/abap/abap.js	9addf4c20bdcd6d4b2eb60970cacb356fe475d89	14996	compiled-public-html-copy	git show f773b3090ffd86cb5600fdaf3aca20ec9cc19606:public_html/FSharpAssay/_content/BlazorMonaco/lib/monaco-editor/min/vs/basic-languages/abap/abap.js
public_html/FSharpAssay/_content/BlazorMonaco/lib/monaco-editor/min/vs/basic-languages/abap/abap.min.js	97aacd08e74f0d13c1535bb6d62c70f06689e005	14485	compiled-public-html-copy	git show f773b3090ffd86cb5600fdaf3aca20ec9cc19606:public_html/FSharpAssay/_content/BlazorMonaco/lib/monaco-editor/min/vs/basic-languages/abap/abap.min.js
public_html/FSharpAssay/_content/BlazorMonaco/lib/monaco-editor/min/vs/basic-languages/apex/apex.js	32baff4b0cd7235ec4287ce8e12bc7c9aadb7f49	4785	compiled-public-html-copy	git show f773b3090ffd86cb5600fdaf3aca20ec9cc19606:public_html/FSharpAssay/_content/BlazorMonaco/lib/monaco-editor/min/vs/basic-languages/apex/apex.js
public_html/FSharpAssay/_content/BlazorMonaco/lib/monaco-editor/min/vs/basic-languages/apex/apex.min.js	9debbd4ab7a93d55a609405a022e336b570f70fa	4262	compiled-public-html-copy	git show f773b3090ffd86cb5600fdaf3aca20ec9cc19606:public_html/FSharpAssay/_content/BlazorMonaco/lib/monaco-editor/min/vs/basic-languages/apex/apex.min.js
public_html/FSharpAssay/_content/BlazorMonaco/lib/monaco-editor/min/vs/basic-languages/azcli/azcli.js	ebad3d5a0e58b6a84dc6c5d518b8a68ba86b5485	1683	compiled-public-html-copy	git show f773b3090ffd86cb5600fdaf3aca20ec9cc19606:public_html/FSharpAssay/_content/BlazorMonaco/lib/monaco-editor/min/vs/basic-languages/azcli/azcli.js
public_html/FSharpAssay/_content/BlazorMonaco/lib/monaco-editor/min/vs/basic-languages/azcli/azcli.min.js	ad597a34c05c704dc4063d10b904ef4f0c1f2086	1172	compiled-public-html-copy	git show f773b3090ffd86cb5600fdaf3aca20ec9cc19606:public_html/FSharpAssay/_content/BlazorMonaco/lib/monaco-editor/min/vs/basic-languages/azcli/azcli.min.js
public_html/FSharpAssay/_content/BlazorMonaco/lib/monaco-editor/min/vs/basic-languages/bat/bat.js	042d6288b9084c0363a4d95350583fd5a5f14411	2676	compiled-public-html-copy	git show f773b3090ffd86cb5600fdaf3aca20ec9cc19606:public_html/FSharpAssay/_content/BlazorMonaco/lib/monaco-editor/min/vs/basic-languages/bat/bat.js
public_html/FSharpAssay/_content/BlazorMonaco/lib/monaco-editor/min/vs/basic-languages/bat/bat.min.js	92c23ee52dc5e66e3f7d6fc39f8851e7f088141d	2165	compiled-public-html-copy	git show f773b3090ffd86cb5600fdaf3aca20ec9cc19606:public_html/FSharpAssay/_content/BlazorMonaco/lib/monaco-editor/min/vs/basic-languages/bat/bat.min.js
public_html/FSharpAssay/_content/BlazorMonaco/lib/monaco-editor/min/vs/basic-languages/bicep/bicep.js	d4b9f48c7270b2dd2f5984e86130c18a84f376bb	3372	compiled-public-html-copy	git show f773b3090ffd86cb5600fdaf3aca20ec9cc19606:public_html/FSharpAssay/_content/BlazorMonaco/lib/monaco-editor/min/vs/basic-languages/bicep/bicep.js
public_html/FSharpAssay/_content/BlazorMonaco/lib/monaco-editor/min/vs/basic-languages/bicep/bicep.min.js	18a028a955be99d85c1a11b2a93c00cb3890505f	2808	compiled-public-html-copy	git show f773b3090ffd86cb5600fdaf3aca20ec9cc19606:public_html/FSharpAssay/_content/BlazorMonaco/lib/monaco-editor/min/vs/basic-languages/bicep/bicep.min.js
public_html/FSharpAssay/_content/BlazorMonaco/lib/monaco-editor/min/vs/basic-languages/cameligo/cameligo.js	86147dfa43202ab2c8b27e4d9befeb5b57dae08a	3026	compiled-public-html-copy	git show f773b3090ffd86cb5600fdaf3aca20ec9cc19606:public_html/FSharpAssay/_content/BlazorMonaco/lib/monaco-editor/min/vs/basic-languages/cameligo/cameligo.js
public_html/FSharpAssay/_content/BlazorMonaco/lib/monaco-editor/min/vs/basic-languages/cameligo/cameligo.min.js	cd5ace1ce02aae49051db11e48c9c4dbe38709b3	2515	compiled-public-html-copy	git show f773b3090ffd86cb5600fdaf3aca20ec9cc19606:public_html/FSharpAssay/_content/BlazorMonaco/lib/monaco-editor/min/vs/basic-languages/cameligo/cameligo.min.js
public_html/FSharpAssay/_content/BlazorMonaco/lib/monaco-editor/min/vs/basic-languages/clojure/clojure.js	3afadccfb49fc7787a52b091b206c2dde2363978	10482	compiled-public-html-copy	git show f773b3090ffd86cb5600fdaf3aca20ec9cc19606:public_html/FSharpAssay/_content/BlazorMonaco/lib/monaco-editor/min/vs/basic-languages/clojure/clojure.js
public_html/FSharpAssay/_content/BlazorMonaco/lib/monaco-editor/min/vs/basic-languages/clojure/clojure.min.js	f33d6ac9e416b1ee640af1c71f56ccd3009ca231	9971	compiled-public-html-copy	git show f773b3090ffd86cb5600fdaf3aca20ec9cc19606:public_html/FSharpAssay/_content/BlazorMonaco/lib/monaco-editor/min/vs/basic-languages/clojure/clojure.min.js
public_html/FSharpAssay/_content/BlazorMonaco/lib/monaco-editor/min/vs/basic-languages/coffee/coffee.js	ba139eaf31bec43a2c1570bf3c4eeb33f384abaf	4427	compiled-public-html-copy	git show f773b3090ffd86cb5600fdaf3aca20ec9cc19606:public_html/FSharpAssay/_content/BlazorMonaco/lib/monaco-editor/min/vs/basic-languages/coffee/coffee.js
public_html/FSharpAssay/_content/BlazorMonaco/lib/monaco-editor/min/vs/basic-languages/coffee/coffee.min.js	9f115c1a6d853db4feaff4612a1b44828869c5b4	3916	compiled-public-html-copy	git show f773b3090ffd86cb5600fdaf3aca20ec9cc19606:public_html/FSharpAssay/_content/BlazorMonaco/lib/monaco-editor/min/vs/basic-languages/coffee/coffee.min.js
public_html/FSharpAssay/_content/BlazorMonaco/lib/monaco-editor/min/vs/basic-languages/cpp/cpp.js	35c3b1863a73c5aeef27b870155be87c1229325b	6265	compiled-public-html-copy	git show f773b3090ffd86cb5600fdaf3aca20ec9cc19606:public_html/FSharpAssay/_content/BlazorMonaco/lib/monaco-editor/min/vs/basic-languages/cpp/cpp.js
public_html/FSharpAssay/_content/BlazorMonaco/lib/monaco-editor/min/vs/basic-languages/cpp/cpp.min.js	a24d8a1bb871a8cfc7ace7c312e5ca0916e7f499	5754	compiled-public-html-copy	git show f773b3090ffd86cb5600fdaf3aca20ec9cc19606:public_html/FSharpAssay/_content/BlazorMonaco/lib/monaco-editor/min/vs/basic-languages/cpp/cpp.min.js
public_html/FSharpAssay/_content/BlazorMonaco/lib/monaco-editor/min/vs/basic-languages/csharp/csharp.js	07fd5327b8710fb89211a3c8a05942b40f6f4aa1	5361	compiled-public-html-copy	git show f773b3090ffd86cb5600fdaf3aca20ec9cc19606:public_html/FSharpAssay/_content/BlazorMonaco/lib/monaco-editor/min/vs/basic-languages/csharp/csharp.js
public_html/FSharpAssay/_content/BlazorMonaco/lib/monaco-editor/min/vs/basic-languages/csharp/csharp.min.js	e8e4947295d292c2e012512530011dbe54b633bf	4850	compiled-public-html-copy	git show f773b3090ffd86cb5600fdaf3aca20ec9cc19606:public_html/FSharpAssay/_content/BlazorMonaco/lib/monaco-editor/min/vs/basic-languages/csharp/csharp.min.js
public_html/FSharpAssay/_content/BlazorMonaco/lib/monaco-editor/min/vs/basic-languages/csp/csp.js	62b764b927d55f214467c2c710771ead88b515d5	2250	compiled-public-html-copy	git show f773b3090ffd86cb5600fdaf3aca20ec9cc19606:public_html/FSharpAssay/_content/BlazorMonaco/lib/monaco-editor/min/vs/basic-languages/csp/csp.js
public_html/FSharpAssay/_content/BlazorMonaco/lib/monaco-editor/min/vs/basic-languages/csp/csp.min.js	4fd803e9c376183dd0207d6a84b6bf282fc6e99a	1739	compiled-public-html-copy	git show f773b3090ffd86cb5600fdaf3aca20ec9cc19606:public_html/FSharpAssay/_content/BlazorMonaco/lib/monaco-editor/min/vs/basic-languages/csp/csp.min.js
public_html/FSharpAssay/_content/BlazorMonaco/lib/monaco-editor/min/vs/basic-languages/css/css.js	1466120f1c27e2f38429cdfbd0e9aaa750c05500	5343	compiled-public-html-copy	git show f773b3090ffd86cb5600fdaf3aca20ec9cc19606:public_html/FSharpAssay/_content/BlazorMonaco/lib/monaco-editor/min/vs/basic-languages/css/css.js
public_html/FSharpAssay/_content/BlazorMonaco/lib/monaco-editor/min/vs/basic-languages/css/css.min.js	4c12a8705c6e7fdcbead31e2341733f0ca1e16ec	4831	compiled-public-html-copy	git show f773b3090ffd86cb5600fdaf3aca20ec9cc19606:public_html/FSharpAssay/_content/BlazorMonaco/lib/monaco-editor/min/vs/basic-languages/css/css.min.js
public_html/FSharpAssay/_content/BlazorMonaco/lib/monaco-editor/min/vs/basic-languages/cypher/cypher.js	f618ee627b1d7d6a083caa1a32ab8c648042545d	4222	compiled-public-html-copy	git show f773b3090ffd86cb5600fdaf3aca20ec9cc19606:public_html/FSharpAssay/_content/BlazorMonaco/lib/monaco-editor/min/vs/basic-languages/cypher/cypher.js
public_html/FSharpAssay/_content/BlazorMonaco/lib/monaco-editor/min/vs/basic-languages/cypher/cypher.min.js	a4aae8200ae834d1a0a18168978e3178de04ee92	3714	compiled-public-html-copy	git show f773b3090ffd86cb5600fdaf3aca20ec9cc19606:public_html/FSharpAssay/_content/BlazorMonaco/lib/monaco-editor/min/vs/basic-languages/cypher/cypher.min.js
public_html/FSharpAssay/_content/BlazorMonaco/lib/monaco-editor/min/vs/basic-languages/dart/dart.js	c960d2894ffb4a0d915a137a94bd2ca585f59a3f	5083	compiled-public-html-copy	git show f773b3090ffd86cb5600fdaf3aca20ec9cc19606:public_html/FSharpAssay/_content/BlazorMonaco/lib/monaco-editor/min/vs/basic-languages/dart/dart.js
public_html/FSharpAssay/_content/BlazorMonaco/lib/monaco-editor/min/vs/basic-languages/dart/dart.min.js	080f33edf7b871a06200e8c175077a176918b012	4572	compiled-public-html-copy	git show f773b3090ffd86cb5600fdaf3aca20ec9cc19606:public_html/FSharpAssay/_content/BlazorMonaco/lib/monaco-editor/min/vs/basic-languages/dart/dart.min.js
public_html/FSharpAssay/_content/BlazorMonaco/lib/monaco-editor/min/vs/basic-languages/dockerfile/dockerfile.js	8a38cef71208e3b9d454b64a126f7d7c4d2f11f9	2714	compiled-public-html-copy	git show f773b3090ffd86cb5600fdaf3aca20ec9cc19606:public_html/FSharpAssay/_content/BlazorMonaco/lib/monaco-editor/min/vs/basic-languages/dockerfile/dockerfile.js
public_html/FSharpAssay/_content/BlazorMonaco/lib/monaco-editor/min/vs/basic-languages/dockerfile/dockerfile.min.js	fe6aee3acf6a046f4df8641110c355a85a096619	2203	compiled-public-html-copy	git show f773b3090ffd86cb5600fdaf3aca20ec9cc19606:public_html/FSharpAssay/_content/BlazorMonaco/lib/monaco-editor/min/vs/basic-languages/dockerfile/dockerfile.min.js
public_html/FSharpAssay/_content/BlazorMonaco/lib/monaco-editor/min/vs/basic-languages/ecl/ecl.js	28c85fee2bc272d70e0aac01c60fcadaf7b34d2a	6173	compiled-public-html-copy	git show f773b3090ffd86cb5600fdaf3aca20ec9cc19606:public_html/FSharpAssay/_content/BlazorMonaco/lib/monaco-editor/min/vs/basic-languages/ecl/ecl.js
public_html/FSharpAssay/_content/BlazorMonaco/lib/monaco-editor/min/vs/basic-languages/ecl/ecl.min.js	f8c54d664eedbbb475268fd656f08db34c3eb913	5662	compiled-public-html-copy	git show f773b3090ffd86cb5600fdaf3aca20ec9cc19606:public_html/FSharpAssay/_content/BlazorMonaco/lib/monaco-editor/min/vs/basic-languages/ecl/ecl.min.js
public_html/FSharpAssay/_content/BlazorMonaco/lib/monaco-editor/min/vs/basic-languages/elixir/elixir.js	af8d8142d56793813fc8397823ec28e96673e8e7	11094	compiled-public-html-copy	git show f773b3090ffd86cb5600fdaf3aca20ec9cc19606:public_html/FSharpAssay/_content/BlazorMonaco/lib/monaco-editor/min/vs/basic-languages/elixir/elixir.js
public_html/FSharpAssay/_content/BlazorMonaco/lib/monaco-editor/min/vs/basic-languages/elixir/elixir.min.js	f8db51cc3f11f86ca42bdb242c7aa8c7efa8d61c	10583	compiled-public-html-copy	git show f773b3090ffd86cb5600fdaf3aca20ec9cc19606:public_html/FSharpAssay/_content/BlazorMonaco/lib/monaco-editor/min/vs/basic-languages/elixir/elixir.min.js
public_html/FSharpAssay/_content/BlazorMonaco/lib/monaco-editor/min/vs/basic-languages/flow9/flow9.js	c8ea9634642d05aa92bd2aa4313e936007c3d76e	2645	compiled-public-html-copy	git show f773b3090ffd86cb5600fdaf3aca20ec9cc19606:public_html/FSharpAssay/_content/BlazorMonaco/lib/monaco-editor/min/vs/basic-languages/flow9/flow9.js
public_html/FSharpAssay/_content/BlazorMonaco/lib/monaco-editor/min/vs/basic-languages/flow9/flow9.min.js	ecbc5b99dd8afce8e63b50c5d92a17ff530c048f	2134	compiled-public-html-copy	git show f773b3090ffd86cb5600fdaf3aca20ec9cc19606:public_html/FSharpAssay/_content/BlazorMonaco/lib/monaco-editor/min/vs/basic-languages/flow9/flow9.min.js
public_html/FSharpAssay/_content/BlazorMonaco/lib/monaco-editor/min/vs/basic-languages/freemarker2/freemarker2.js	b44af3d25033e68a572c484e7349444f23de8c8d	17161	compiled-public-html-copy	git show f773b3090ffd86cb5600fdaf3aca20ec9cc19606:public_html/FSharpAssay/_content/BlazorMonaco/lib/monaco-editor/min/vs/basic-languages/freemarker2/freemarker2.js
public_html/FSharpAssay/_content/BlazorMonaco/lib/monaco-editor/min/vs/basic-languages/freemarker2/freemarker2.min.js	9b05dbba9a4338c54118eeda94f6dc7dbd66f596	16556	compiled-public-html-copy	git show f773b3090ffd86cb5600fdaf3aca20ec9cc19606:public_html/FSharpAssay/_content/BlazorMonaco/lib/monaco-editor/min/vs/basic-languages/freemarker2/freemarker2.min.js
public_html/FSharpAssay/_content/BlazorMonaco/lib/monaco-editor/min/vs/basic-languages/fsharp/fsharp.js	89589c074144b06dfce36659dec75164341a432b	3820	compiled-public-html-copy	git show f773b3090ffd86cb5600fdaf3aca20ec9cc19606:public_html/FSharpAssay/_content/BlazorMonaco/lib/monaco-editor/min/vs/basic-languages/fsharp/fsharp.js
public_html/FSharpAssay/_content/BlazorMonaco/lib/monaco-editor/min/vs/basic-languages/fsharp/fsharp.min.js	d6229f54df2cc7b98c30767839a151f68658ce9c	3309	compiled-public-html-copy	git show f773b3090ffd86cb5600fdaf3aca20ec9cc19606:public_html/FSharpAssay/_content/BlazorMonaco/lib/monaco-editor/min/vs/basic-languages/fsharp/fsharp.min.js
public_html/FSharpAssay/_content/BlazorMonaco/lib/monaco-editor/min/vs/basic-languages/go/go.js	0c0d50e04cddf8f22ad62a3a16f4588322aefc2d	3486	compiled-public-html-copy	git show f773b3090ffd86cb5600fdaf3aca20ec9cc19606:public_html/FSharpAssay/_content/BlazorMonaco/lib/monaco-editor/min/vs/basic-languages/go/go.js
public_html/FSharpAssay/_content/BlazorMonaco/lib/monaco-editor/min/vs/basic-languages/go/go.min.js	4d6b0ffad1840254d9051188b0401df1d63a2fd9	2975	compiled-public-html-copy	git show f773b3090ffd86cb5600fdaf3aca20ec9cc19606:public_html/FSharpAssay/_content/BlazorMonaco/lib/monaco-editor/min/vs/basic-languages/go/go.min.js
public_html/FSharpAssay/_content/BlazorMonaco/lib/monaco-editor/min/vs/basic-languages/graphql/graphql.js	a7fdcef063256ca2ff8b8372852f70f10091db99	3099	compiled-public-html-copy	git show f773b3090ffd86cb5600fdaf3aca20ec9cc19606:public_html/FSharpAssay/_content/BlazorMonaco/lib/monaco-editor/min/vs/basic-languages/graphql/graphql.js
public_html/FSharpAssay/_content/BlazorMonaco/lib/monaco-editor/min/vs/basic-languages/graphql/graphql.min.js	e0c8a8925f985857732adc21e13ce22102e922d8	2588	compiled-public-html-copy	git show f773b3090ffd86cb5600fdaf3aca20ec9cc19606:public_html/FSharpAssay/_content/BlazorMonaco/lib/monaco-editor/min/vs/basic-languages/graphql/graphql.min.js
public_html/FSharpAssay/_content/BlazorMonaco/lib/monaco-editor/min/vs/basic-languages/handlebars/handlebars.js	0eb689ea327fb53062edb342f5a21bf3d4c988d6	7837	compiled-public-html-copy	git show f773b3090ffd86cb5600fdaf3aca20ec9cc19606:public_html/FSharpAssay/_content/BlazorMonaco/lib/monaco-editor/min/vs/basic-languages/handlebars/handlebars.js
public_html/FSharpAssay/_content/BlazorMonaco/lib/monaco-editor/min/vs/basic-languages/handlebars/handlebars.min.js	9cf61420ec9b83ef6698d101c81f624bae50a838	7276	compiled-public-html-copy	git show f773b3090ffd86cb5600fdaf3aca20ec9cc19606:public_html/FSharpAssay/_content/BlazorMonaco/lib/monaco-editor/min/vs/basic-languages/handlebars/handlebars.min.js
public_html/FSharpAssay/_content/BlazorMonaco/lib/monaco-editor/min/vs/basic-languages/hcl/hcl.js	7e0c706ffc0212efa8a55fdcd3e685ca9b4c9e93	4421	compiled-public-html-copy	git show f773b3090ffd86cb5600fdaf3aca20ec9cc19606:public_html/FSharpAssay/_content/BlazorMonaco/lib/monaco-editor/min/vs/basic-languages/hcl/hcl.js
public_html/FSharpAssay/_content/BlazorMonaco/lib/monaco-editor/min/vs/basic-languages/hcl/hcl.min.js	dddf0fc0518e5d7f0a8cb0898de1bbaa12f0b5aa	3910	compiled-public-html-copy	git show f773b3090ffd86cb5600fdaf3aca20ec9cc19606:public_html/FSharpAssay/_content/BlazorMonaco/lib/monaco-editor/min/vs/basic-languages/hcl/hcl.min.js
public_html/FSharpAssay/_content/BlazorMonaco/lib/monaco-editor/min/vs/basic-languages/html/html.js	39f86ac1687bee9c85cf9f430552aa1cbf1f04f2	6065	compiled-public-html-copy	git show f773b3090ffd86cb5600fdaf3aca20ec9cc19606:public_html/FSharpAssay/_content/BlazorMonaco/lib/monaco-editor/min/vs/basic-languages/html/html.js
public_html/FSharpAssay/_content/BlazorMonaco/lib/monaco-editor/min/vs/basic-languages/html/html.min.js	67928454adfc68343670391900aeee54b1374b9d	5522	compiled-public-html-copy	git show f773b3090ffd86cb5600fdaf3aca20ec9cc19606:public_html/FSharpAssay/_content/BlazorMonaco/lib/monaco-editor/min/vs/basic-languages/html/html.min.js
public_html/FSharpAssay/_content/BlazorMonaco/lib/monaco-editor/min/vs/basic-languages/ini/ini.js	6e7bf209a7253ce9dcbc01adf5ea7acb5721eb9d	1932	compiled-public-html-copy	git show f773b3090ffd86cb5600fdaf3aca20ec9cc19606:public_html/FSharpAssay/_content/BlazorMonaco/lib/monaco-editor/min/vs/basic-languages/ini/ini.js
public_html/FSharpAssay/_content/BlazorMonaco/lib/monaco-editor/min/vs/basic-languages/ini/ini.min.js	a649ca183200e8a1c1e8bc6617ca011d2f5f10dd	1421	compiled-public-html-copy	git show f773b3090ffd86cb5600fdaf3aca20ec9cc19606:public_html/FSharpAssay/_content/BlazorMonaco/lib/monaco-editor/min/vs/basic-languages/ini/ini.min.js
public_html/FSharpAssay/_content/BlazorMonaco/lib/monaco-editor/min/vs/basic-languages/java/java.js	3cc0a2f77b11aa463c9d275b738e809346607b49	4054	compiled-public-html-copy	git show f773b3090ffd86cb5600fdaf3aca20ec9cc19606:public_html/FSharpAssay/_content/BlazorMonaco/lib/monaco-editor/min/vs/basic-languages/java/java.js
public_html/FSharpAssay/_content/BlazorMonaco/lib/monaco-editor/min/vs/basic-languages/java/java.min.js	f29bf8e781b7a9a8f9be422c7821526c5eb47745	3543	compiled-public-html-copy	git show f773b3090ffd86cb5600fdaf3aca20ec9cc19606:public_html/FSharpAssay/_content/BlazorMonaco/lib/monaco-editor/min/vs/basic-languages/java/java.min.js
public_html/FSharpAssay/_content/BlazorMonaco/lib/monaco-editor/min/vs/basic-languages/javascript/javascript.js	d9028f89a3fe1a36179fe23bc90f5606ac9552ad	7147	compiled-public-html-copy	git show f773b3090ffd86cb5600fdaf3aca20ec9cc19606:public_html/FSharpAssay/_content/BlazorMonaco/lib/monaco-editor/min/vs/basic-languages/javascript/javascript.js
public_html/FSharpAssay/_content/BlazorMonaco/lib/monaco-editor/min/vs/basic-languages/javascript/javascript.min.js	f171409dff0ac7b58aeb79152c0fb494c2302ad3	6574	compiled-public-html-copy	git show f773b3090ffd86cb5600fdaf3aca20ec9cc19606:public_html/FSharpAssay/_content/BlazorMonaco/lib/monaco-editor/min/vs/basic-languages/javascript/javascript.min.js
public_html/FSharpAssay/_content/BlazorMonaco/lib/monaco-editor/min/vs/basic-languages/julia/julia.js	96868ee81b7679e56adbad46ccc42f760c3bbf82	8062	compiled-public-html-copy	git show f773b3090ffd86cb5600fdaf3aca20ec9cc19606:public_html/FSharpAssay/_content/BlazorMonaco/lib/monaco-editor/min/vs/basic-languages/julia/julia.js
public_html/FSharpAssay/_content/BlazorMonaco/lib/monaco-editor/min/vs/basic-languages/julia/julia.min.js	057aa2871904691c25d5b32bca7abcb5d5c09226	7473	compiled-public-html-copy	git show f773b3090ffd86cb5600fdaf3aca20ec9cc19606:public_html/FSharpAssay/_content/BlazorMonaco/lib/monaco-editor/min/vs/basic-languages/julia/julia.min.js
public_html/FSharpAssay/_content/BlazorMonaco/lib/monaco-editor/min/vs/basic-languages/kotlin/kotlin.js	a082c964519d605190544cea89f6bbf9e0b47a8f	4276	compiled-public-html-copy	git show f773b3090ffd86cb5600fdaf3aca20ec9cc19606:public_html/FSharpAssay/_content/BlazorMonaco/lib/monaco-editor/min/vs/basic-languages/kotlin/kotlin.js
public_html/FSharpAssay/_content/BlazorMonaco/lib/monaco-editor/min/vs/basic-languages/kotlin/kotlin.min.js	cc7cfa4f41ae69a8f1e4e5b08b7d9c756cdf3e0b	3765	compiled-public-html-copy	git show f773b3090ffd86cb5600fdaf3aca20ec9cc19606:public_html/FSharpAssay/_content/BlazorMonaco/lib/monaco-editor/min/vs/basic-languages/kotlin/kotlin.min.js
public_html/FSharpAssay/_content/BlazorMonaco/lib/monaco-editor/min/vs/basic-languages/less/less.js	31c9b97c2d079459a4c53a91751ff3a6888e9791	4732	compiled-public-html-copy	git show f773b3090ffd86cb5600fdaf3aca20ec9cc19606:public_html/FSharpAssay/_content/BlazorMonaco/lib/monaco-editor/min/vs/basic-languages/less/less.js
public_html/FSharpAssay/_content/BlazorMonaco/lib/monaco-editor/min/vs/basic-languages/less/less.min.js	79faaee5537ea022c5ef9f1bcee301c4090885ba	4221	compiled-public-html-copy	git show f773b3090ffd86cb5600fdaf3aca20ec9cc19606:public_html/FSharpAssay/_content/BlazorMonaco/lib/monaco-editor/min/vs/basic-languages/less/less.min.js
public_html/FSharpAssay/_content/BlazorMonaco/lib/monaco-editor/min/vs/basic-languages/lexon/lexon.js	60a2933991ece29d0085e344ef2f3eb8b388d1b0	3272	compiled-public-html-copy	git show f773b3090ffd86cb5600fdaf3aca20ec9cc19606:public_html/FSharpAssay/_content/BlazorMonaco/lib/monaco-editor/min/vs/basic-languages/lexon/lexon.js
public_html/FSharpAssay/_content/BlazorMonaco/lib/monaco-editor/min/vs/basic-languages/lexon/lexon.min.js	4d5bae7f683f7bb3d025d050c52cbd1578118109	2761	compiled-public-html-copy	git show f773b3090ffd86cb5600fdaf3aca20ec9cc19606:public_html/FSharpAssay/_content/BlazorMonaco/lib/monaco-editor/min/vs/basic-languages/lexon/lexon.min.js
public_html/FSharpAssay/_content/BlazorMonaco/lib/monaco-editor/min/vs/basic-languages/liquid/liquid.js	20c2eafb07c1ea8c7abe0700b6c0f510513b0d83	5015	compiled-public-html-copy	git show f773b3090ffd86cb5600fdaf3aca20ec9cc19606:public_html/FSharpAssay/_content/BlazorMonaco/lib/monaco-editor/min/vs/basic-languages/liquid/liquid.js
public_html/FSharpAssay/_content/BlazorMonaco/lib/monaco-editor/min/vs/basic-languages/liquid/liquid.min.js	13001aabba29417b48c76e33cd4f6d019a26c342	4454	compiled-public-html-copy	git show f773b3090ffd86cb5600fdaf3aca20ec9cc19606:public_html/FSharpAssay/_content/BlazorMonaco/lib/monaco-editor/min/vs/basic-languages/liquid/liquid.min.js
public_html/FSharpAssay/_content/BlazorMonaco/lib/monaco-editor/min/vs/basic-languages/lua/lua.js	ed256fb6d36ebbed69b0a09e21436c3b0efb3978	2954	compiled-public-html-copy	git show f773b3090ffd86cb5600fdaf3aca20ec9cc19606:public_html/FSharpAssay/_content/BlazorMonaco/lib/monaco-editor/min/vs/basic-languages/lua/lua.js
public_html/FSharpAssay/_content/BlazorMonaco/lib/monaco-editor/min/vs/basic-languages/lua/lua.min.js	eeea69b4a9c57f3c18b47446d8e058eed89195e3	2443	compiled-public-html-copy	git show f773b3090ffd86cb5600fdaf3aca20ec9cc19606:public_html/FSharpAssay/_content/BlazorMonaco/lib/monaco-editor/min/vs/basic-languages/lua/lua.min.js
public_html/FSharpAssay/_content/BlazorMonaco/lib/monaco-editor/min/vs/basic-languages/m3/m3.js	fa0e51e6a3c22ef313ea339c2d8da6a67bec4d37	3646	compiled-public-html-copy	git show f773b3090ffd86cb5600fdaf3aca20ec9cc19606:public_html/FSharpAssay/_content/BlazorMonaco/lib/monaco-editor/min/vs/basic-languages/m3/m3.js
public_html/FSharpAssay/_content/BlazorMonaco/lib/monaco-editor/min/vs/basic-languages/m3/m3.min.js	9e44efc316fc1c14623ac8b23cd451256190115c	3135	compiled-public-html-copy	git show f773b3090ffd86cb5600fdaf3aca20ec9cc19606:public_html/FSharpAssay/_content/BlazorMonaco/lib/monaco-editor/min/vs/basic-languages/m3/m3.min.js
public_html/FSharpAssay/_content/BlazorMonaco/lib/monaco-editor/min/vs/basic-languages/markdown/markdown.js	29fdb87d858273acf088857ed413c842e75b0136	4629	compiled-public-html-copy	git show f773b3090ffd86cb5600fdaf3aca20ec9cc19606:public_html/FSharpAssay/_content/BlazorMonaco/lib/monaco-editor/min/vs/basic-languages/markdown/markdown.js
public_html/FSharpAssay/_content/BlazorMonaco/lib/monaco-editor/min/vs/basic-languages/markdown/markdown.min.js	c6e7ee7f3827c6d38872f64cc9969ffd4ddf218d	4136	compiled-public-html-copy	git show f773b3090ffd86cb5600fdaf3aca20ec9cc19606:public_html/FSharpAssay/_content/BlazorMonaco/lib/monaco-editor/min/vs/basic-languages/markdown/markdown.min.js
public_html/FSharpAssay/_content/BlazorMonaco/lib/monaco-editor/min/vs/basic-languages/mdx/mdx.js	8d21153a1b097647230e64ed498e7321dbf7dbe3	5926	compiled-public-html-copy	git show f773b3090ffd86cb5600fdaf3aca20ec9cc19606:public_html/FSharpAssay/_content/BlazorMonaco/lib/monaco-editor/min/vs/basic-languages/mdx/mdx.js
public_html/FSharpAssay/_content/BlazorMonaco/lib/monaco-editor/min/vs/basic-languages/mdx/mdx.min.js	b1c711a03029eee43df08d8922e6bd46c8a006cb	5347	compiled-public-html-copy	git show f773b3090ffd86cb5600fdaf3aca20ec9cc19606:public_html/FSharpAssay/_content/BlazorMonaco/lib/monaco-editor/min/vs/basic-languages/mdx/mdx.min.js
public_html/FSharpAssay/_content/BlazorMonaco/lib/monaco-editor/min/vs/basic-languages/mips/mips.js	a9e5ff80acf0fae544740906220388e22406e21a	3412	compiled-public-html-copy	git show f773b3090ffd86cb5600fdaf3aca20ec9cc19606:public_html/FSharpAssay/_content/BlazorMonaco/lib/monaco-editor/min/vs/basic-languages/mips/mips.js
public_html/FSharpAssay/_content/BlazorMonaco/lib/monaco-editor/min/vs/basic-languages/mips/mips.min.js	60a5175ac42b20d34bab4920b914ba5908ad5098	2901	compiled-public-html-copy	git show f773b3090ffd86cb5600fdaf3aca20ec9cc19606:public_html/FSharpAssay/_content/BlazorMonaco/lib/monaco-editor/min/vs/basic-languages/mips/mips.min.js
public_html/FSharpAssay/_content/BlazorMonaco/lib/monaco-editor/min/vs/basic-languages/msdax/msdax.js	9eb5a3031f9f39f8affabe62458b059bf5b0e3df	5747	compiled-public-html-copy	git show f773b3090ffd86cb5600fdaf3aca20ec9cc19606:public_html/FSharpAssay/_content/BlazorMonaco/lib/monaco-editor/min/vs/basic-languages/msdax/msdax.js
public_html/FSharpAssay/_content/BlazorMonaco/lib/monaco-editor/min/vs/basic-languages/msdax/msdax.min.js	76e499e9e4a106dc85a1d6b3875d9282e097a6f0	5236	compiled-public-html-copy	git show f773b3090ffd86cb5600fdaf3aca20ec9cc19606:public_html/FSharpAssay/_content/BlazorMonaco/lib/monaco-editor/min/vs/basic-languages/msdax/msdax.min.js
public_html/FSharpAssay/_content/BlazorMonaco/lib/monaco-editor/min/vs/basic-languages/mysql/mysql.js	d933ec2a90b57b33d67f641999a826511b158b7b	12109	compiled-public-html-copy	git show f773b3090ffd86cb5600fdaf3aca20ec9cc19606:public_html/FSharpAssay/_content/BlazorMonaco/lib/monaco-editor/min/vs/basic-languages/mysql/mysql.js
public_html/FSharpAssay/_content/BlazorMonaco/lib/monaco-editor/min/vs/basic-languages/mysql/mysql.min.js	ee2ea9678d6bbd76b9c63454c76e97a4a6ea4b0d	11598	compiled-public-html-copy	git show f773b3090ffd86cb5600fdaf3aca20ec9cc19606:public_html/FSharpAssay/_content/BlazorMonaco/lib/monaco-editor/min/vs/basic-languages/mysql/mysql.min.js
public_html/FSharpAssay/_content/BlazorMonaco/lib/monaco-editor/min/vs/basic-languages/objective-c/objective-c.js	6051209cefa060474ac6f05377239978dbbf81ed	3249	compiled-public-html-copy	git show f773b3090ffd86cb5600fdaf3aca20ec9cc19606:public_html/FSharpAssay/_content/BlazorMonaco/lib/monaco-editor/min/vs/basic-languages/objective-c/objective-c.js
public_html/FSharpAssay/_content/BlazorMonaco/lib/monaco-editor/min/vs/basic-languages/objective-c/objective-c.min.js	a5ef6231696e5a91dabd8eeca5ffa08d8de2550d	2738	compiled-public-html-copy	git show f773b3090ffd86cb5600fdaf3aca20ec9cc19606:public_html/FSharpAssay/_content/BlazorMonaco/lib/monaco-editor/min/vs/basic-languages/objective-c/objective-c.min.js
public_html/FSharpAssay/_content/BlazorMonaco/lib/monaco-editor/min/vs/basic-languages/pascal/pascal.js	8e1cf2db86822c33d74e7e03941a1a598ac87b47	3832	compiled-public-html-copy	git show f773b3090ffd86cb5600fdaf3aca20ec9cc19606:public_html/FSharpAssay/_content/BlazorMonaco/lib/monaco-editor/min/vs/basic-languages/pascal/pascal.js
public_html/FSharpAssay/_content/BlazorMonaco/lib/monaco-editor/min/vs/basic-languages/pascal/pascal.min.js	3a4d0849e9d1ab06db35638bd9ab8cdd27429766	3321	compiled-public-html-copy	git show f773b3090ffd86cb5600fdaf3aca20ec9cc19606:public_html/FSharpAssay/_content/BlazorMonaco/lib/monaco-editor/min/vs/basic-languages/pascal/pascal.min.js
public_html/FSharpAssay/_content/BlazorMonaco/lib/monaco-editor/min/vs/basic-languages/pascaligo/pascaligo.js	b662b358352d37d992156d5c420109cb0cd33991	2843	compiled-public-html-copy	git show f773b3090ffd86cb5600fdaf3aca20ec9cc19606:public_html/FSharpAssay/_content/BlazorMonaco/lib/monaco-editor/min/vs/basic-languages/pascaligo/pascaligo.js
public_html/FSharpAssay/_content/BlazorMonaco/lib/monaco-editor/min/vs/basic-languages/pascaligo/pascaligo.min.js	acb779d83534e4ef8d4610156352c3731f2c0c5e	2332	compiled-public-html-copy	git show f773b3090ffd86cb5600fdaf3aca20ec9cc19606:public_html/FSharpAssay/_content/BlazorMonaco/lib/monaco-editor/min/vs/basic-languages/pascaligo/pascaligo.min.js
public_html/FSharpAssay/_content/BlazorMonaco/lib/monaco-editor/min/vs/basic-languages/perl/perl.js	7079100aae275de77e053f2dc9e37397181e70e3	9088	compiled-public-html-copy	git show f773b3090ffd86cb5600fdaf3aca20ec9cc19606:public_html/FSharpAssay/_content/BlazorMonaco/lib/monaco-editor/min/vs/basic-languages/perl/perl.js
public_html/FSharpAssay/_content/BlazorMonaco/lib/monaco-editor/min/vs/basic-languages/perl/perl.min.js	14393ad53f15054411ebcd50929a9820dd37a4d1	8577	compiled-public-html-copy	git show f773b3090ffd86cb5600fdaf3aca20ec9cc19606:public_html/FSharpAssay/_content/BlazorMonaco/lib/monaco-editor/min/vs/basic-languages/perl/perl.min.js
public_html/FSharpAssay/_content/BlazorMonaco/lib/monaco-editor/min/vs/basic-languages/pgsql/pgsql.js	445a07366a6d12bf032eabd9150bd7f03e19f0a3	14299	compiled-public-html-copy	git show f773b3090ffd86cb5600fdaf3aca20ec9cc19606:public_html/FSharpAssay/_content/BlazorMonaco/lib/monaco-editor/min/vs/basic-languages/pgsql/pgsql.js
public_html/FSharpAssay/_content/BlazorMonaco/lib/monaco-editor/min/vs/basic-languages/pgsql/pgsql.min.js	e6877c028a7010f2621f66c77eaa08e422441b8f	13788	compiled-public-html-copy	git show f773b3090ffd86cb5600fdaf3aca20ec9cc19606:public_html/FSharpAssay/_content/BlazorMonaco/lib/monaco-editor/min/vs/basic-languages/pgsql/pgsql.min.js
public_html/FSharpAssay/_content/BlazorMonaco/lib/monaco-editor/min/vs/basic-languages/php/php.js	8a4097939c5ec18f671f4b82076298b6bb05d849	8858	compiled-public-html-copy	git show f773b3090ffd86cb5600fdaf3aca20ec9cc19606:public_html/FSharpAssay/_content/BlazorMonaco/lib/monaco-editor/min/vs/basic-languages/php/php.js
public_html/FSharpAssay/_content/BlazorMonaco/lib/monaco-editor/min/vs/basic-languages/php/php.min.js	281f5f7db6d57c05b0a938e993736e8103410ecd	8347	compiled-public-html-copy	git show f773b3090ffd86cb5600fdaf3aca20ec9cc19606:public_html/FSharpAssay/_content/BlazorMonaco/lib/monaco-editor/min/vs/basic-languages/php/php.min.js
public_html/FSharpAssay/_content/BlazorMonaco/lib/monaco-editor/min/vs/basic-languages/pla/pla.js	37c8fad24148e1c26a70f05242800952c82756c0	2514	compiled-public-html-copy	git show f773b3090ffd86cb5600fdaf3aca20ec9cc19606:public_html/FSharpAssay/_content/BlazorMonaco/lib/monaco-editor/min/vs/basic-languages/pla/pla.js
public_html/FSharpAssay/_content/BlazorMonaco/lib/monaco-editor/min/vs/basic-languages/pla/pla.min.js	bfa6eb261ac6f71f0375bb7d05c54556a578dd31	2003	compiled-public-html-copy	git show f773b3090ffd86cb5600fdaf3aca20ec9cc19606:public_html/FSharpAssay/_content/BlazorMonaco/lib/monaco-editor/min/vs/basic-languages/pla/pla.min.js
public_html/FSharpAssay/_content/BlazorMonaco/lib/monaco-editor/min/vs/basic-languages/postiats/postiats.js	0f794b784e3f02e6264b6251e0a4dc12c14766ec	8697	compiled-public-html-copy	git show f773b3090ffd86cb5600fdaf3aca20ec9cc19606:public_html/FSharpAssay/_content/BlazorMonaco/lib/monaco-editor/min/vs/basic-languages/postiats/postiats.js
public_html/FSharpAssay/_content/BlazorMonaco/lib/monaco-editor/min/vs/basic-languages/postiats/postiats.min.js	8b331ce404fd9c7b39efb6f29de20ee763e53455	8186	compiled-public-html-copy	git show f773b3090ffd86cb5600fdaf3aca20ec9cc19606:public_html/FSharpAssay/_content/BlazorMonaco/lib/monaco-editor/min/vs/basic-languages/postiats/postiats.min.js
public_html/FSharpAssay/_content/BlazorMonaco/lib/monaco-editor/min/vs/basic-languages/powerquery/powerquery.js	b0cf123ae2a182c6da42e79ae0c6e43cd672d8f1	17784	compiled-public-html-copy	git show f773b3090ffd86cb5600fdaf3aca20ec9cc19606:public_html/FSharpAssay/_content/BlazorMonaco/lib/monaco-editor/min/vs/basic-languages/powerquery/powerquery.js
public_html/FSharpAssay/_content/BlazorMonaco/lib/monaco-editor/min/vs/basic-languages/powerquery/powerquery.min.js	02de3a05c2a523340601283a376a2bce6016f67b	17273	compiled-public-html-copy	git show f773b3090ffd86cb5600fdaf3aca20ec9cc19606:public_html/FSharpAssay/_content/BlazorMonaco/lib/monaco-editor/min/vs/basic-languages/powerquery/powerquery.min.js
public_html/FSharpAssay/_content/BlazorMonaco/lib/monaco-editor/min/vs/basic-languages/powershell/powershell.js	63e903658166234bcfe4f234391a581efc8789c3	4114	compiled-public-html-copy	git show f773b3090ffd86cb5600fdaf3aca20ec9cc19606:public_html/FSharpAssay/_content/BlazorMonaco/lib/monaco-editor/min/vs/basic-languages/powershell/powershell.js
public_html/FSharpAssay/_content/BlazorMonaco/lib/monaco-editor/min/vs/basic-languages/powershell/powershell.min.js	5018d641e468886aa7dc280be1121fbd7c649584	3603	compiled-public-html-copy	git show f773b3090ffd86cb5600fdaf3aca20ec9cc19606:public_html/FSharpAssay/_content/BlazorMonaco/lib/monaco-editor/min/vs/basic-languages/powershell/powershell.min.js
public_html/FSharpAssay/_content/BlazorMonaco/lib/monaco-editor/min/vs/basic-languages/protobuf/protobuf.js	dc2e73ce9f8ae69a29c40a50ccfe5dd053b2601a	9888	compiled-public-html-copy	git show f773b3090ffd86cb5600fdaf3aca20ec9cc19606:public_html/FSharpAssay/_content/BlazorMonaco/lib/monaco-editor/min/vs/basic-languages/protobuf/protobuf.js
public_html/FSharpAssay/_content/BlazorMonaco/lib/monaco-editor/min/vs/basic-languages/protobuf/protobuf.min.js	7359600ef6db9505796ffe138aded00a7dacdf15	9373	compiled-public-html-copy	git show f773b3090ffd86cb5600fdaf3aca20ec9cc19606:public_html/FSharpAssay/_content/BlazorMonaco/lib/monaco-editor/min/vs/basic-languages/protobuf/protobuf.min.js
public_html/FSharpAssay/_content/BlazorMonaco/lib/monaco-editor/min/vs/basic-languages/pug/pug.js	2ffc373093c0baa19b65fa6f38b58557c5b0e4b6	5659	compiled-public-html-copy	git show f773b3090ffd86cb5600fdaf3aca20ec9cc19606:public_html/FSharpAssay/_content/BlazorMonaco/lib/monaco-editor/min/vs/basic-languages/pug/pug.js
public_html/FSharpAssay/_content/BlazorMonaco/lib/monaco-editor/min/vs/basic-languages/pug/pug.min.js	6d7ce26f867549f449107208399f98fb7291140e	5148	compiled-public-html-copy	git show f773b3090ffd86cb5600fdaf3aca20ec9cc19606:public_html/FSharpAssay/_content/BlazorMonaco/lib/monaco-editor/min/vs/basic-languages/pug/pug.min.js
public_html/FSharpAssay/_content/BlazorMonaco/lib/monaco-editor/min/vs/basic-languages/python/python.js	971ded0d00a0329028ebdff31c9783128f117a39	4679	compiled-public-html-copy	git show f773b3090ffd86cb5600fdaf3aca20ec9cc19606:public_html/FSharpAssay/_content/BlazorMonaco/lib/monaco-editor/min/vs/basic-languages/python/python.js
public_html/FSharpAssay/_content/BlazorMonaco/lib/monaco-editor/min/vs/basic-languages/python/python.min.js	1a64457b1b18b43db9c90a490391a532ea1ce64e	4114	compiled-public-html-copy	git show f773b3090ffd86cb5600fdaf3aca20ec9cc19606:public_html/FSharpAssay/_content/BlazorMonaco/lib/monaco-editor/min/vs/basic-languages/python/python.min.js
public_html/FSharpAssay/_content/BlazorMonaco/lib/monaco-editor/min/vs/basic-languages/qsharp/qsharp.js	c3ba76b4e8ae79d602b97be0ddd54f9be68c766a	3772	compiled-public-html-copy	git show f773b3090ffd86cb5600fdaf3aca20ec9cc19606:public_html/FSharpAssay/_content/BlazorMonaco/lib/monaco-editor/min/vs/basic-languages/qsharp/qsharp.js
public_html/FSharpAssay/_content/BlazorMonaco/lib/monaco-editor/min/vs/basic-languages/qsharp/qsharp.min.js	5b4bd49896a5582334334622a5eab1bac6079864	3261	compiled-public-html-copy	git show f773b3090ffd86cb5600fdaf3aca20ec9cc19606:public_html/FSharpAssay/_content/BlazorMonaco/lib/monaco-editor/min/vs/basic-languages/qsharp/qsharp.min.js
public_html/FSharpAssay/_content/BlazorMonaco/lib/monaco-editor/min/vs/basic-languages/r/r.js	96f0b2eb193b867c8027c1ecea53db43331fddd0	3958	compiled-public-html-copy	git show f773b3090ffd86cb5600fdaf3aca20ec9cc19606:public_html/FSharpAssay/_content/BlazorMonaco/lib/monaco-editor/min/vs/basic-languages/r/r.js
public_html/FSharpAssay/_content/BlazorMonaco/lib/monaco-editor/min/vs/basic-languages/r/r.min.js	c8d29bbcb8eea31c7af582535b31101f558b5552	3447	compiled-public-html-copy	git show f773b3090ffd86cb5600fdaf3aca20ec9cc19606:public_html/FSharpAssay/_content/BlazorMonaco/lib/monaco-editor/min/vs/basic-languages/r/r.min.js
public_html/FSharpAssay/_content/BlazorMonaco/lib/monaco-editor/min/vs/basic-languages/razor/razor.js	586b03437dc90a6da465c9b7aa8f6df452e3a02a	9831	compiled-public-html-copy	git show f773b3090ffd86cb5600fdaf3aca20ec9cc19606:public_html/FSharpAssay/_content/BlazorMonaco/lib/monaco-editor/min/vs/basic-languages/razor/razor.js
public_html/FSharpAssay/_content/BlazorMonaco/lib/monaco-editor/min/vs/basic-languages/razor/razor.min.js	1a6a669709bd150f8317c0165b88d67efc515243	9276	compiled-public-html-copy	git show f773b3090ffd86cb5600fdaf3aca20ec9cc19606:public_html/FSharpAssay/_content/BlazorMonaco/lib/monaco-editor/min/vs/basic-languages/razor/razor.min.js
public_html/FSharpAssay/_content/BlazorMonaco/lib/monaco-editor/min/vs/basic-languages/redis/redis.js	90a79548738e818b17e0d469a1ee7fb4f87bb7fb	4391	compiled-public-html-copy	git show f773b3090ffd86cb5600fdaf3aca20ec9cc19606:public_html/FSharpAssay/_content/BlazorMonaco/lib/monaco-editor/min/vs/basic-languages/redis/redis.js
public_html/FSharpAssay/_content/BlazorMonaco/lib/monaco-editor/min/vs/basic-languages/redis/redis.min.js	67d1d82287ba0f3c50b3f952f7c1625ee2e63dea	3880	compiled-public-html-copy	git show f773b3090ffd86cb5600fdaf3aca20ec9cc19606:public_html/FSharpAssay/_content/BlazorMonaco/lib/monaco-editor/min/vs/basic-languages/redis/redis.min.js
public_html/FSharpAssay/_content/BlazorMonaco/lib/monaco-editor/min/vs/basic-languages/redshift/redshift.js	68e4226273c8e7b9f4d23e4b505392d557f12882	12641	compiled-public-html-copy	git show f773b3090ffd86cb5600fdaf3aca20ec9cc19606:public_html/FSharpAssay/_content/BlazorMonaco/lib/monaco-editor/min/vs/basic-languages/redshift/redshift.js
public_html/FSharpAssay/_content/BlazorMonaco/lib/monaco-editor/min/vs/basic-languages/redshift/redshift.min.js	b1e847e9f45aea9c999d92c26e1d7de8dc61b922	12130	compiled-public-html-copy	git show f773b3090ffd86cb5600fdaf3aca20ec9cc19606:public_html/FSharpAssay/_content/BlazorMonaco/lib/monaco-editor/min/vs/basic-languages/redshift/redshift.min.js
public_html/FSharpAssay/_content/BlazorMonaco/lib/monaco-editor/min/vs/basic-languages/restructuredtext/restructuredtext.js	48705cf5b7d209d775bb926f73886ae725789d96	4750	compiled-public-html-copy	git show f773b3090ffd86cb5600fdaf3aca20ec9cc19606:public_html/FSharpAssay/_content/BlazorMonaco/lib/monaco-editor/min/vs/basic-languages/restructuredtext/restructuredtext.js
public_html/FSharpAssay/_content/BlazorMonaco/lib/monaco-editor/min/vs/basic-languages/restructuredtext/restructuredtext.min.js	2d067160d925d98bfa0c6af53e982b3e14487ec3	4251	compiled-public-html-copy	git show f773b3090ffd86cb5600fdaf3aca20ec9cc19606:public_html/FSharpAssay/_content/BlazorMonaco/lib/monaco-editor/min/vs/basic-languages/restructuredtext/restructuredtext.min.js
public_html/FSharpAssay/_content/BlazorMonaco/lib/monaco-editor/min/vs/basic-languages/ruby/ruby.js	7ab12c630d737c03016d2d56b714a9d67d20f3be	9337	compiled-public-html-copy	git show f773b3090ffd86cb5600fdaf3aca20ec9cc19606:public_html/FSharpAssay/_content/BlazorMonaco/lib/monaco-editor/min/vs/basic-languages/ruby/ruby.js
public_html/FSharpAssay/_content/BlazorMonaco/lib/monaco-editor/min/vs/basic-languages/ruby/ruby.min.js	400ed37276e29c7ecb48fdd1182a10b2a1a692cf	8826	compiled-public-html-copy	git show f773b3090ffd86cb5600fdaf3aca20ec9cc19606:public_html/FSharpAssay/_content/BlazorMonaco/lib/monaco-editor/min/vs/basic-languages/ruby/ruby.min.js
public_html/FSharpAssay/_content/BlazorMonaco/lib/monaco-editor/min/vs/basic-languages/rust/rust.js	31a6d6e0ff10548dcc5cc5e86fac61c2bff36277	4993	compiled-public-html-copy	git show f773b3090ffd86cb5600fdaf3aca20ec9cc19606:public_html/FSharpAssay/_content/BlazorMonaco/lib/monaco-editor/min/vs/basic-languages/rust/rust.js
public_html/FSharpAssay/_content/BlazorMonaco/lib/monaco-editor/min/vs/basic-languages/rust/rust.min.js	15c5d1d049e36e7d094bf84b671e8ab54ac6e027	4482	compiled-public-html-copy	git show f773b3090ffd86cb5600fdaf3aca20ec9cc19606:public_html/FSharpAssay/_content/BlazorMonaco/lib/monaco-editor/min/vs/basic-languages/rust/rust.min.js
public_html/FSharpAssay/_content/BlazorMonaco/lib/monaco-editor/min/vs/basic-languages/sb/sb.js	a6deac180c6d9f5fcb41cdddf3dada477c8bcf6c	2658	compiled-public-html-copy	git show f773b3090ffd86cb5600fdaf3aca20ec9cc19606:public_html/FSharpAssay/_content/BlazorMonaco/lib/monaco-editor/min/vs/basic-languages/sb/sb.js
public_html/FSharpAssay/_content/BlazorMonaco/lib/monaco-editor/min/vs/basic-languages/sb/sb.min.js	a9b12af00582a37891c02d087e409130089eef1a	2147	compiled-public-html-copy	git show f773b3090ffd86cb5600fdaf3aca20ec9cc19606:public_html/FSharpAssay/_content/BlazorMonaco/lib/monaco-editor/min/vs/basic-languages/sb/sb.min.js
public_html/FSharpAssay/_content/BlazorMonaco/lib/monaco-editor/min/vs/basic-languages/scala/scala.js	cf47f4838a6e141d40adae079f0d6c0fbbacf35b	8153	compiled-public-html-copy	git show f773b3090ffd86cb5600fdaf3aca20ec9cc19606:public_html/FSharpAssay/_content/BlazorMonaco/lib/monaco-editor/min/vs/basic-languages/scala/scala.js
public_html/FSharpAssay/_content/BlazorMonaco/lib/monaco-editor/min/vs/basic-languages/scala/scala.min.js	a472bca80b0d3cfa7efa22d8c1390c671f7ab5b6	7642	compiled-public-html-copy	git show f773b3090ffd86cb5600fdaf3aca20ec9cc19606:public_html/FSharpAssay/_content/BlazorMonaco/lib/monaco-editor/min/vs/basic-languages/scala/scala.min.js
public_html/FSharpAssay/_content/BlazorMonaco/lib/monaco-editor/min/vs/basic-languages/scheme/scheme.js	68d99ca5c77523a31543b530b536e52c73b7da7f	2604	compiled-public-html-copy	git show f773b3090ffd86cb5600fdaf3aca20ec9cc19606:public_html/FSharpAssay/_content/BlazorMonaco/lib/monaco-editor/min/vs/basic-languages/scheme/scheme.js
public_html/FSharpAssay/_content/BlazorMonaco/lib/monaco-editor/min/vs/basic-languages/scheme/scheme.min.js	12313dfc9d7c06860aef6dd4ddf5592478980b3a	2093	compiled-public-html-copy	git show f773b3090ffd86cb5600fdaf3aca20ec9cc19606:public_html/FSharpAssay/_content/BlazorMonaco/lib/monaco-editor/min/vs/basic-languages/scheme/scheme.min.js
public_html/FSharpAssay/_content/BlazorMonaco/lib/monaco-editor/min/vs/basic-languages/scss/scss.js	0815dfa01219c989e1954c4c39a58963847f20ec	7244	compiled-public-html-copy	git show f773b3090ffd86cb5600fdaf3aca20ec9cc19606:public_html/FSharpAssay/_content/BlazorMonaco/lib/monaco-editor/min/vs/basic-languages/scss/scss.js
public_html/FSharpAssay/_content/BlazorMonaco/lib/monaco-editor/min/vs/basic-languages/scss/scss.min.js	4451c6502208ae6b081e017586e189a5761a6c99	6732	compiled-public-html-copy	git show f773b3090ffd86cb5600fdaf3aca20ec9cc19606:public_html/FSharpAssay/_content/BlazorMonaco/lib/monaco-editor/min/vs/basic-languages/scss/scss.min.js
public_html/FSharpAssay/_content/BlazorMonaco/lib/monaco-editor/min/vs/basic-languages/shell/shell.js	8a586f74ad9416f6fb97c7fb9adb568f1219a723	3908	compiled-public-html-copy	git show f773b3090ffd86cb5600fdaf3aca20ec9cc19606:public_html/FSharpAssay/_content/BlazorMonaco/lib/monaco-editor/min/vs/basic-languages/shell/shell.js
public_html/FSharpAssay/_content/BlazorMonaco/lib/monaco-editor/min/vs/basic-languages/shell/shell.min.js	63870d611d5e5c72f3a962bf3b950be53f481d67	3397	compiled-public-html-copy	git show f773b3090ffd86cb5600fdaf3aca20ec9cc19606:public_html/FSharpAssay/_content/BlazorMonaco/lib/monaco-editor/min/vs/basic-languages/shell/shell.min.js
public_html/FSharpAssay/_content/BlazorMonaco/lib/monaco-editor/min/vs/basic-languages/solidity/solidity.js	6cc63b2fad26ddaff20f6e655f78c50a865618dd	19438	compiled-public-html-copy	git show f773b3090ffd86cb5600fdaf3aca20ec9cc19606:public_html/FSharpAssay/_content/BlazorMonaco/lib/monaco-editor/min/vs/basic-languages/solidity/solidity.js
public_html/FSharpAssay/_content/BlazorMonaco/lib/monaco-editor/min/vs/basic-languages/solidity/solidity.min.js	c409c6252d8523dda7530974e77ec1aa86e6cabf	18927	compiled-public-html-copy	git show f773b3090ffd86cb5600fdaf3aca20ec9cc19606:public_html/FSharpAssay/_content/BlazorMonaco/lib/monaco-editor/min/vs/basic-languages/solidity/solidity.min.js
public_html/FSharpAssay/_content/BlazorMonaco/lib/monaco-editor/min/vs/basic-languages/sophia/sophia.js	afce7fdc07daf25e26b3ce39c49d249670884ae2	3601	compiled-public-html-copy	git show f773b3090ffd86cb5600fdaf3aca20ec9cc19606:public_html/FSharpAssay/_content/BlazorMonaco/lib/monaco-editor/min/vs/basic-languages/sophia/sophia.js
public_html/FSharpAssay/_content/BlazorMonaco/lib/monaco-editor/min/vs/basic-languages/sophia/sophia.min.js	401f2f088d9b0b420112d5be7197cc743fa6c7d5	3090	compiled-public-html-copy	git show f773b3090ffd86cb5600fdaf3aca20ec9cc19606:public_html/FSharpAssay/_content/BlazorMonaco/lib/monaco-editor/min/vs/basic-languages/sophia/sophia.min.js
public_html/FSharpAssay/_content/BlazorMonaco/lib/monaco-editor/min/vs/basic-languages/sparql/sparql.js	e21c936ce863138fe8f635e7444410b66598152b	3389	compiled-public-html-copy	git show f773b3090ffd86cb5600fdaf3aca20ec9cc19606:public_html/FSharpAssay/_content/BlazorMonaco/lib/monaco-editor/min/vs/basic-languages/sparql/sparql.js
public_html/FSharpAssay/_content/BlazorMonaco/lib/monaco-editor/min/vs/basic-languages/sparql/sparql.min.js	01b5a2e9fab8f57d8ce102fcbab10818fada5fcc	2878	compiled-public-html-copy	git show f773b3090ffd86cb5600fdaf3aca20ec9cc19606:public_html/FSharpAssay/_content/BlazorMonaco/lib/monaco-editor/min/vs/basic-languages/sparql/sparql.min.js
public_html/FSharpAssay/_content/BlazorMonaco/lib/monaco-editor/min/vs/basic-languages/sql/sql.js	686e83d23ec6b7fa271a0ed1620c431c9b261d79	11128	compiled-public-html-copy	git show f773b3090ffd86cb5600fdaf3aca20ec9cc19606:public_html/FSharpAssay/_content/BlazorMonaco/lib/monaco-editor/min/vs/basic-languages/sql/sql.js
public_html/FSharpAssay/_content/BlazorMonaco/lib/monaco-editor/min/vs/basic-languages/sql/sql.min.js	6b0286434c5563f9275a3a221d454505fa01d981	10617	compiled-public-html-copy	git show f773b3090ffd86cb5600fdaf3aca20ec9cc19606:public_html/FSharpAssay/_content/BlazorMonaco/lib/monaco-editor/min/vs/basic-languages/sql/sql.min.js
public_html/FSharpAssay/_content/BlazorMonaco/lib/monaco-editor/min/vs/basic-languages/st/st.js	ad8f487be33a7aabb9d49558d2822e59012f1e20	8232	compiled-public-html-copy	git show f773b3090ffd86cb5600fdaf3aca20ec9cc19606:public_html/FSharpAssay/_content/BlazorMonaco/lib/monaco-editor/min/vs/basic-languages/st/st.js
public_html/FSharpAssay/_content/BlazorMonaco/lib/monaco-editor/min/vs/basic-languages/st/st.min.js	6f455cbff5db6a65d916c7859578b61b9b0227eb	7717	compiled-public-html-copy	git show f773b3090ffd86cb5600fdaf3aca20ec9cc19606:public_html/FSharpAssay/_content/BlazorMonaco/lib/monaco-editor/min/vs/basic-languages/st/st.min.js
public_html/FSharpAssay/_content/BlazorMonaco/lib/monaco-editor/min/vs/basic-languages/swift/swift.js	de5b1d5fe96e705ec0d5037552140f0c10dd668f	6010	compiled-public-html-copy	git show f773b3090ffd86cb5600fdaf3aca20ec9cc19606:public_html/FSharpAssay/_content/BlazorMonaco/lib/monaco-editor/min/vs/basic-languages/swift/swift.js
public_html/FSharpAssay/_content/BlazorMonaco/lib/monaco-editor/min/vs/basic-languages/swift/swift.min.js	9fc37a972be2c0971650d7bbad599a0f44a37581	5236	compiled-public-html-copy	git show f773b3090ffd86cb5600fdaf3aca20ec9cc19606:public_html/FSharpAssay/_content/BlazorMonaco/lib/monaco-editor/min/vs/basic-languages/swift/swift.min.js
public_html/FSharpAssay/_content/BlazorMonaco/lib/monaco-editor/min/vs/basic-languages/systemverilog/systemverilog.js	1695c1b2563a664ad578e595f3553ab0361e0bf4	8454	compiled-public-html-copy	git show f773b3090ffd86cb5600fdaf3aca20ec9cc19606:public_html/FSharpAssay/_content/BlazorMonaco/lib/monaco-editor/min/vs/basic-languages/systemverilog/systemverilog.js
public_html/FSharpAssay/_content/BlazorMonaco/lib/monaco-editor/min/vs/basic-languages/systemverilog/systemverilog.min.js	eb1dc14ea543e667ecd19539f864f471f7c39c2f	7943	compiled-public-html-copy	git show f773b3090ffd86cb5600fdaf3aca20ec9cc19606:public_html/FSharpAssay/_content/BlazorMonaco/lib/monaco-editor/min/vs/basic-languages/systemverilog/systemverilog.min.js
public_html/FSharpAssay/_content/BlazorMonaco/lib/monaco-editor/min/vs/basic-languages/tcl/tcl.js	1ad2a1424357f34df92b82a2d9ae362cc3238c29	4402	compiled-public-html-copy	git show f773b3090ffd86cb5600fdaf3aca20ec9cc19606:public_html/FSharpAssay/_content/BlazorMonaco/lib/monaco-editor/min/vs/basic-languages/tcl/tcl.js
public_html/FSharpAssay/_content/BlazorMonaco/lib/monaco-editor/min/vs/basic-languages/tcl/tcl.min.js	ca6b9700a38807659a1939fe30f402205c95fda0	3891	compiled-public-html-copy	git show f773b3090ffd86cb5600fdaf3aca20ec9cc19606:public_html/FSharpAssay/_content/BlazorMonaco/lib/monaco-editor/min/vs/basic-languages/tcl/tcl.min.js
public_html/FSharpAssay/_content/BlazorMonaco/lib/monaco-editor/min/vs/basic-languages/twig/twig.js	0df11a69964d5b247a0f0d2455ffd996e693c200	6806	compiled-public-html-copy	git show f773b3090ffd86cb5600fdaf3aca20ec9cc19606:public_html/FSharpAssay/_content/BlazorMonaco/lib/monaco-editor/min/vs/basic-languages/twig/twig.js
public_html/FSharpAssay/_content/BlazorMonaco/lib/monaco-editor/min/vs/basic-languages/twig/twig.min.js	211324db33c7b03819efc0598809d5cd8bc6e530	6301	compiled-public-html-copy	git show f773b3090ffd86cb5600fdaf3aca20ec9cc19606:public_html/FSharpAssay/_content/BlazorMonaco/lib/monaco-editor/min/vs/basic-languages/twig/twig.min.js
public_html/FSharpAssay/_content/BlazorMonaco/lib/monaco-editor/min/vs/basic-languages/typescript/typescript.js	22568c18f1be2b09f477a98ddbfc03edb98c9db1	6470	compiled-public-html-copy	git show f773b3090ffd86cb5600fdaf3aca20ec9cc19606:public_html/FSharpAssay/_content/BlazorMonaco/lib/monaco-editor/min/vs/basic-languages/typescript/typescript.js
public_html/FSharpAssay/_content/BlazorMonaco/lib/monaco-editor/min/vs/basic-languages/typescript/typescript.min.js	0c8451b2524aa4bcd0f6c3f29649adcb744fbd5f	5905	compiled-public-html-copy	git show f773b3090ffd86cb5600fdaf3aca20ec9cc19606:public_html/FSharpAssay/_content/BlazorMonaco/lib/monaco-editor/min/vs/basic-languages/typescript/typescript.min.js
public_html/FSharpAssay/_content/BlazorMonaco/lib/monaco-editor/min/vs/basic-languages/vb/vb.js	8324152664ca916468d80a441c2eb3ef58352fbc	6620	compiled-public-html-copy	git show f773b3090ffd86cb5600fdaf3aca20ec9cc19606:public_html/FSharpAssay/_content/BlazorMonaco/lib/monaco-editor/min/vs/basic-languages/vb/vb.js
public_html/FSharpAssay/_content/BlazorMonaco/lib/monaco-editor/min/vs/basic-languages/vb/vb.min.js	48f420ea0235fbb8f3661b9a7b6854251d1fbb61	6109	compiled-public-html-copy	git show f773b3090ffd86cb5600fdaf3aca20ec9cc19606:public_html/FSharpAssay/_content/BlazorMonaco/lib/monaco-editor/min/vs/basic-languages/vb/vb.min.js
public_html/FSharpAssay/_content/BlazorMonaco/lib/monaco-editor/min/vs/basic-languages/wgsl/wgsl.js	c6f19dec04e48e31dec6a31addad9f9e48c0a57d	8453	compiled-public-html-copy	git show f773b3090ffd86cb5600fdaf3aca20ec9cc19606:public_html/FSharpAssay/_content/BlazorMonaco/lib/monaco-editor/min/vs/basic-languages/wgsl/wgsl.js
public_html/FSharpAssay/_content/BlazorMonaco/lib/monaco-editor/min/vs/basic-languages/wgsl/wgsl.min.js	d50e7f9f2502b08cc5d91ee9bf6a22ffa2d5427e	7906	compiled-public-html-copy	git show f773b3090ffd86cb5600fdaf3aca20ec9cc19606:public_html/FSharpAssay/_content/BlazorMonaco/lib/monaco-editor/min/vs/basic-languages/wgsl/wgsl.min.js
public_html/FSharpAssay/_content/BlazorMonaco/lib/monaco-editor/min/vs/basic-languages/xml/xml.js	a026dddbf35bab23ce45d7ff3c52aabc4f47aeda	3462	compiled-public-html-copy	git show f773b3090ffd86cb5600fdaf3aca20ec9cc19606:public_html/FSharpAssay/_content/BlazorMonaco/lib/monaco-editor/min/vs/basic-languages/xml/xml.js
public_html/FSharpAssay/_content/BlazorMonaco/lib/monaco-editor/min/vs/basic-languages/xml/xml.min.js	230bc9a48412ae35c92f25e440c139c517415948	2903	compiled-public-html-copy	git show f773b3090ffd86cb5600fdaf3aca20ec9cc19606:public_html/FSharpAssay/_content/BlazorMonaco/lib/monaco-editor/min/vs/basic-languages/xml/xml.min.js
public_html/FSharpAssay/_content/BlazorMonaco/lib/monaco-editor/min/vs/basic-languages/yaml/yaml.js	a3e3a5939145a570cb74f706f53de09454c31d84	5066	compiled-public-html-copy	git show f773b3090ffd86cb5600fdaf3aca20ec9cc19606:public_html/FSharpAssay/_content/BlazorMonaco/lib/monaco-editor/min/vs/basic-languages/yaml/yaml.js
public_html/FSharpAssay/_content/BlazorMonaco/lib/monaco-editor/min/vs/basic-languages/yaml/yaml.min.js	0161571dd384c2be73e9b28b0a7ee7395d7b3baa	4501	compiled-public-html-copy	git show f773b3090ffd86cb5600fdaf3aca20ec9cc19606:public_html/FSharpAssay/_content/BlazorMonaco/lib/monaco-editor/min/vs/basic-languages/yaml/yaml.min.js
public_html/FSharpAssay/_content/BlazorMonaco/lib/monaco-editor/min/vs/editor/editor.main.css	1ee971d1e8d992c64f3d7b2e771baa2c4f384c06	119796	compiled-public-html-copy	git show f773b3090ffd86cb5600fdaf3aca20ec9cc19606:public_html/FSharpAssay/_content/BlazorMonaco/lib/monaco-editor/min/vs/editor/editor.main.css
public_html/FSharpAssay/_content/BlazorMonaco/lib/monaco-editor/min/vs/editor/editor.main.js	d1b98b9f44486c98a5dfa77b75d03d69d5963ee5	3521500	compiled-public-html-copy	git show f773b3090ffd86cb5600fdaf3aca20ec9cc19606:public_html/FSharpAssay/_content/BlazorMonaco/lib/monaco-editor/min/vs/editor/editor.main.js
public_html/FSharpAssay/_content/BlazorMonaco/lib/monaco-editor/min/vs/editor/editor.main.min.css	fee6a2425e6ff930b2c07eaca9fd424935cf961d	119699	compiled-public-html-copy	git show f773b3090ffd86cb5600fdaf3aca20ec9cc19606:public_html/FSharpAssay/_content/BlazorMonaco/lib/monaco-editor/min/vs/editor/editor.main.min.css
public_html/FSharpAssay/_content/BlazorMonaco/lib/monaco-editor/min/vs/editor/editor.main.min.js	619b0869f5c8a7b8d25fb18df3fea37eda68ff74	3427481	compiled-public-html-copy	git show f773b3090ffd86cb5600fdaf3aca20ec9cc19606:public_html/FSharpAssay/_content/BlazorMonaco/lib/monaco-editor/min/vs/editor/editor.main.min.js
public_html/FSharpAssay/_content/BlazorMonaco/lib/monaco-editor/min/vs/editor/editor.main.nls.de.js	7e453f192c4dc47dd7ccc73a016a2e4e54eb8902	121045	compiled-public-html-copy	git show f773b3090ffd86cb5600fdaf3aca20ec9cc19606:public_html/FSharpAssay/_content/BlazorMonaco/lib/monaco-editor/min/vs/editor/editor.main.nls.de.js
public_html/FSharpAssay/_content/BlazorMonaco/lib/monaco-editor/min/vs/editor/editor.main.nls.de.min.js	e2e08796997a4f6377fb10b009d899ae80d11190	117280	compiled-public-html-copy	git show f773b3090ffd86cb5600fdaf3aca20ec9cc19606:public_html/FSharpAssay/_content/BlazorMonaco/lib/monaco-editor/min/vs/editor/editor.main.nls.de.min.js
public_html/FSharpAssay/_content/BlazorMonaco/lib/monaco-editor/min/vs/editor/editor.main.nls.es.js	05ae4c5db5d7d24c0d4d12f1dd7f81511cf8c286	121480	compiled-public-html-copy	git show f773b3090ffd86cb5600fdaf3aca20ec9cc19606:public_html/FSharpAssay/_content/BlazorMonaco/lib/monaco-editor/min/vs/editor/editor.main.nls.es.js
public_html/FSharpAssay/_content/BlazorMonaco/lib/monaco-editor/min/vs/editor/editor.main.nls.es.min.js	2b315f76d3798b524d322335f74e1ff5fe5f7a69	117618	compiled-public-html-copy	git show f773b3090ffd86cb5600fdaf3aca20ec9cc19606:public_html/FSharpAssay/_content/BlazorMonaco/lib/monaco-editor/min/vs/editor/editor.main.nls.es.min.js
public_html/FSharpAssay/_content/BlazorMonaco/lib/monaco-editor/min/vs/editor/editor.main.nls.fr.js	0b02ccde0366d496b8c55408ef79394d9346c2b2	133333	compiled-public-html-copy	git show f773b3090ffd86cb5600fdaf3aca20ec9cc19606:public_html/FSharpAssay/_content/BlazorMonaco/lib/monaco-editor/min/vs/editor/editor.main.nls.fr.js
public_html/FSharpAssay/_content/BlazorMonaco/lib/monaco-editor/min/vs/editor/editor.main.nls.fr.min.js	97c3e7253283e8a41ed94ebcf1aa036952b3baf3	125223	compiled-public-html-copy	git show f773b3090ffd86cb5600fdaf3aca20ec9cc19606:public_html/FSharpAssay/_content/BlazorMonaco/lib/monaco-editor/min/vs/editor/editor.main.nls.fr.min.js
public_html/FSharpAssay/_content/BlazorMonaco/lib/monaco-editor/min/vs/editor/editor.main.nls.it.js	6075683e40c57e6887fc1d48e3766137f457cd77	123032	compiled-public-html-copy	git show f773b3090ffd86cb5600fdaf3aca20ec9cc19606:public_html/FSharpAssay/_content/BlazorMonaco/lib/monaco-editor/min/vs/editor/editor.main.nls.it.js
public_html/FSharpAssay/_content/BlazorMonaco/lib/monaco-editor/min/vs/editor/editor.main.nls.it.min.js	6a67c3ae111b5add2f3c78868108bb323fb266f9	121737	compiled-public-html-copy	git show f773b3090ffd86cb5600fdaf3aca20ec9cc19606:public_html/FSharpAssay/_content/BlazorMonaco/lib/monaco-editor/min/vs/editor/editor.main.nls.it.min.js
public_html/FSharpAssay/_content/BlazorMonaco/lib/monaco-editor/min/vs/editor/editor.main.nls.ja.js	644f9863edbcc36fdc0b347c3f0d0b19b0d38796	249884	compiled-public-html-copy	git show f773b3090ffd86cb5600fdaf3aca20ec9cc19606:public_html/FSharpAssay/_content/BlazorMonaco/lib/monaco-editor/min/vs/editor/editor.main.nls.ja.js
public_html/FSharpAssay/_content/BlazorMonaco/lib/monaco-editor/min/vs/editor/editor.main.nls.ja.min.js	3bb60f3a670710f962a4138dafcca50bcb27cd49	134609	compiled-public-html-copy	git show f773b3090ffd86cb5600fdaf3aca20ec9cc19606:public_html/FSharpAssay/_content/BlazorMonaco/lib/monaco-editor/min/vs/editor/editor.main.nls.ja.min.js
public_html/FSharpAssay/_content/BlazorMonaco/lib/monaco-editor/min/vs/editor/editor.main.nls.js	87fa0d8849a065b9e3c7f45891237a3dbdcabd06	96549	compiled-public-html-copy	git show f773b3090ffd86cb5600fdaf3aca20ec9cc19606:public_html/FSharpAssay/_content/BlazorMonaco/lib/monaco-editor/min/vs/editor/editor.main.nls.js
public_html/FSharpAssay/_content/BlazorMonaco/lib/monaco-editor/min/vs/editor/editor.main.nls.ko.js	051073c2e986359780de56bb24709dc7c61f45d1	206085	compiled-public-html-copy	git show f773b3090ffd86cb5600fdaf3aca20ec9cc19606:public_html/FSharpAssay/_content/BlazorMonaco/lib/monaco-editor/min/vs/editor/editor.main.nls.ko.js
public_html/FSharpAssay/_content/BlazorMonaco/lib/monaco-editor/min/vs/editor/editor.main.nls.ko.min.js	f15bd9be7f106cdceec168dcb788ce1a6f460a55	117000	compiled-public-html-copy	git show f773b3090ffd86cb5600fdaf3aca20ec9cc19606:public_html/FSharpAssay/_content/BlazorMonaco/lib/monaco-editor/min/vs/editor/editor.main.nls.ko.min.js
public_html/FSharpAssay/_content/BlazorMonaco/lib/monaco-editor/min/vs/editor/editor.main.nls.min.js	5d9dad1a75071cb4e8dd67ad8b58ae41662575da	96127	compiled-public-html-copy	git show f773b3090ffd86cb5600fdaf3aca20ec9cc19606:public_html/FSharpAssay/_content/BlazorMonaco/lib/monaco-editor/min/vs/editor/editor.main.nls.min.js
public_html/FSharpAssay/_content/BlazorMonaco/lib/monaco-editor/min/vs/editor/editor.main.nls.ru.js	d3159cf25d55d6cc38d653ed3c0bd6f34edd8f49	514550	compiled-public-html-copy	git show f773b3090ffd86cb5600fdaf3aca20ec9cc19606:public_html/FSharpAssay/_content/BlazorMonaco/lib/monaco-editor/min/vs/editor/editor.main.nls.ru.js
public_html/FSharpAssay/_content/BlazorMonaco/lib/monaco-editor/min/vs/editor/editor.main.nls.ru.min.js	52943f9c9df77dcf0c233830b421632207d72f57	191966	compiled-public-html-copy	git show f773b3090ffd86cb5600fdaf3aca20ec9cc19606:public_html/FSharpAssay/_content/BlazorMonaco/lib/monaco-editor/min/vs/editor/editor.main.nls.ru.min.js
public_html/FSharpAssay/_content/BlazorMonaco/lib/monaco-editor/min/vs/editor/editor.main.nls.zh-cn.js	ed368c20f8c1869d91ae01917078871ec499e837	156489	compiled-public-html-copy	git show f773b3090ffd86cb5600fdaf3aca20ec9cc19606:public_html/FSharpAssay/_content/BlazorMonaco/lib/monaco-editor/min/vs/editor/editor.main.nls.zh-cn.js
public_html/FSharpAssay/_content/BlazorMonaco/lib/monaco-editor/min/vs/editor/editor.main.nls.zh-cn.min.js	6ae0484debbdc6de4823b764ff3aa30d8a0b42c4	87330	compiled-public-html-copy	git show f773b3090ffd86cb5600fdaf3aca20ec9cc19606:public_html/FSharpAssay/_content/BlazorMonaco/lib/monaco-editor/min/vs/editor/editor.main.nls.zh-cn.min.js
public_html/FSharpAssay/_content/BlazorMonaco/lib/monaco-editor/min/vs/editor/editor.main.nls.zh-tw.js	01e8f69f67bbe816b0958eeff6047d3701935af9	159942	compiled-public-html-copy	git show f773b3090ffd86cb5600fdaf3aca20ec9cc19606:public_html/FSharpAssay/_content/BlazorMonaco/lib/monaco-editor/min/vs/editor/editor.main.nls.zh-tw.js
public_html/FSharpAssay/_content/BlazorMonaco/lib/monaco-editor/min/vs/editor/editor.main.nls.zh-tw.min.js	4f6d87abe82266ba117b78873e654fd14bd403ee	89553	compiled-public-html-copy	git show f773b3090ffd86cb5600fdaf3aca20ec9cc19606:public_html/FSharpAssay/_content/BlazorMonaco/lib/monaco-editor/min/vs/editor/editor.main.nls.zh-tw.min.js
public_html/FSharpAssay/_content/BlazorMonaco/lib/monaco-editor/min/vs/language/css/cssMode.js	143a582ed744f6ebb25a29a76c683a7939b3ff31	34391	compiled-public-html-copy	git show f773b3090ffd86cb5600fdaf3aca20ec9cc19606:public_html/FSharpAssay/_content/BlazorMonaco/lib/monaco-editor/min/vs/language/css/cssMode.js
public_html/FSharpAssay/_content/BlazorMonaco/lib/monaco-editor/min/vs/language/css/cssMode.min.js	c2c1ba447d9916741b95a3452eff237b2fcbbed8	26636	compiled-public-html-copy	git show f773b3090ffd86cb5600fdaf3aca20ec9cc19606:public_html/FSharpAssay/_content/BlazorMonaco/lib/monaco-editor/min/vs/language/css/cssMode.min.js
public_html/FSharpAssay/_content/BlazorMonaco/lib/monaco-editor/min/vs/language/css/cssWorker.js	bea682759b2f0b84d3f499fd58ce4825196eaa9b	775537	compiled-public-html-copy	git show f773b3090ffd86cb5600fdaf3aca20ec9cc19606:public_html/FSharpAssay/_content/BlazorMonaco/lib/monaco-editor/min/vs/language/css/cssWorker.js
public_html/FSharpAssay/_content/BlazorMonaco/lib/monaco-editor/min/vs/language/css/cssWorker.min.js	c40b72bb8dc04e51aaaaef738bba589365ab4dbf	761506	compiled-public-html-copy	git show f773b3090ffd86cb5600fdaf3aca20ec9cc19606:public_html/FSharpAssay/_content/BlazorMonaco/lib/monaco-editor/min/vs/language/css/cssWorker.min.js
public_html/FSharpAssay/_content/BlazorMonaco/lib/monaco-editor/min/vs/language/html/htmlMode.js	dae94fe50757d6fe042972c6d44ec3e41c07ddbb	34927	compiled-public-html-copy	git show f773b3090ffd86cb5600fdaf3aca20ec9cc19606:public_html/FSharpAssay/_content/BlazorMonaco/lib/monaco-editor/min/vs/language/html/htmlMode.js
public_html/FSharpAssay/_content/BlazorMonaco/lib/monaco-editor/min/vs/language/html/htmlMode.min.js	2d38ea1606092e8a6a79b4b81b1e3ee1856836bd	27179	compiled-public-html-copy	git show f773b3090ffd86cb5600fdaf3aca20ec9cc19606:public_html/FSharpAssay/_content/BlazorMonaco/lib/monaco-editor/min/vs/language/html/htmlMode.min.js
public_html/FSharpAssay/_content/BlazorMonaco/lib/monaco-editor/min/vs/language/html/htmlWorker.js	202744aa2f6df65ea5aad646a6f6f7f411110ea7	445984	compiled-public-html-copy	git show f773b3090ffd86cb5600fdaf3aca20ec9cc19606:public_html/FSharpAssay/_content/BlazorMonaco/lib/monaco-editor/min/vs/language/html/htmlWorker.js
public_html/FSharpAssay/_content/BlazorMonaco/lib/monaco-editor/min/vs/language/html/htmlWorker.min.js	65d1694a36bc394da699b5fdc68566babf0ff6c9	427782	compiled-public-html-copy	git show f773b3090ffd86cb5600fdaf3aca20ec9cc19606:public_html/FSharpAssay/_content/BlazorMonaco/lib/monaco-editor/min/vs/language/html/htmlWorker.min.js
public_html/FSharpAssay/_content/BlazorMonaco/lib/monaco-editor/min/vs/language/json/jsonMode.js	86d2eb3e39df913a02833d12b51532ae5fe48356	40458	compiled-public-html-copy	git show f773b3090ffd86cb5600fdaf3aca20ec9cc19606:public_html/FSharpAssay/_content/BlazorMonaco/lib/monaco-editor/min/vs/language/json/jsonMode.js
public_html/FSharpAssay/_content/BlazorMonaco/lib/monaco-editor/min/vs/language/json/jsonMode.min.js	d73871d6a505bca66c12b1fd9f87ecabc61dcdef	32493	compiled-public-html-copy	git show f773b3090ffd86cb5600fdaf3aca20ec9cc19606:public_html/FSharpAssay/_content/BlazorMonaco/lib/monaco-editor/min/vs/language/json/jsonMode.min.js
public_html/FSharpAssay/_content/BlazorMonaco/lib/monaco-editor/min/vs/language/json/jsonWorker.js	d75db043ae9fdacb9f7018b6d56ddc5c79395c91	129197	compiled-public-html-copy	git show f773b3090ffd86cb5600fdaf3aca20ec9cc19606:public_html/FSharpAssay/_content/BlazorMonaco/lib/monaco-editor/min/vs/language/json/jsonWorker.js
public_html/FSharpAssay/_content/BlazorMonaco/lib/monaco-editor/min/vs/language/json/jsonWorker.min.js	c361e58c8e05ce71d8e431be4bab3548f908d58c	118657	compiled-public-html-copy	git show f773b3090ffd86cb5600fdaf3aca20ec9cc19606:public_html/FSharpAssay/_content/BlazorMonaco/lib/monaco-editor/min/vs/language/json/jsonWorker.min.js
public_html/FSharpAssay/_content/BlazorMonaco/lib/monaco-editor/min/vs/language/typescript/tsMode.js	a57abffaae8c3efe344c14dbeb7bdc403c64412c	23602	compiled-public-html-copy	git show f773b3090ffd86cb5600fdaf3aca20ec9cc19606:public_html/FSharpAssay/_content/BlazorMonaco/lib/monaco-editor/min/vs/language/typescript/tsMode.js
public_html/FSharpAssay/_content/BlazorMonaco/lib/monaco-editor/min/vs/language/typescript/tsWorker.js	35ca0ed1ec5f6d042b42cd2677d5215f77ba880d	4637462	compiled-public-html-copy	git show f773b3090ffd86cb5600fdaf3aca20ec9cc19606:public_html/FSharpAssay/_content/BlazorMonaco/lib/monaco-editor/min/vs/language/typescript/tsWorker.js
public_html/FSharpAssay/_content/BlazorMonaco/lib/monaco-editor/min/vs/language/typescript/tsWorker.min.js	0e8ab67a5a24555488507469511394d5c64372f3	4451566	compiled-public-html-copy	git show f773b3090ffd86cb5600fdaf3aca20ec9cc19606:public_html/FSharpAssay/_content/BlazorMonaco/lib/monaco-editor/min/vs/language/typescript/tsWorker.min.js
public_html/FSharpAssay/_content/BlazorMonaco/lib/monaco-editor/min/vs/loader.js	27be9a12bf930c515248a4ce6225e66354379e24	30061	compiled-public-html-copy	git show f773b3090ffd86cb5600fdaf3aca20ec9cc19606:public_html/FSharpAssay/_content/BlazorMonaco/lib/monaco-editor/min/vs/loader.js
public_html/FSharpAssay/_content/BlazorMonaco/lib/monaco-editor/min/vs/loader.min.js	c63f6bddc6e28542fed1fbf60651983423217ae1	29156	compiled-public-html-copy	git show f773b3090ffd86cb5600fdaf3aca20ec9cc19606:public_html/FSharpAssay/_content/BlazorMonaco/lib/monaco-editor/min/vs/loader.min.js
public_html/FSharpAssay/_content/MudBlazor/MudBlazor.min.css	7fd4d96882e1024f781d4cd13d4c234246a6aeac	595613	compiled-public-html-copy	git show f773b3090ffd86cb5600fdaf3aca20ec9cc19606:public_html/FSharpAssay/_content/MudBlazor/MudBlazor.min.css
public_html/FSharpAssay/_content/MudBlazor/MudBlazor.min.js	42222c8e7fc4cb23b827b09364e60ddb8766d449	55249	compiled-public-html-copy	git show f773b3090ffd86cb5600fdaf3aca20ec9cc19606:public_html/FSharpAssay/_content/MudBlazor/MudBlazor.min.js
public_html/FSharpAssay/_framework/BlazorMonaco.wasm	f83f44e9c999367100d26ffc4ee81bc0f9d0a941	227093	compiled-public-html-copy	git show f773b3090ffd86cb5600fdaf3aca20ec9cc19606:public_html/FSharpAssay/_framework/BlazorMonaco.wasm
public_html/FSharpAssay/_framework/BlazorMonaco.wasm.br	0275c00b6c05ca52d2dfc0d0ba3955273355de39	57451	compiled-public-html-copy	git show f773b3090ffd86cb5600fdaf3aca20ec9cc19606:public_html/FSharpAssay/_framework/BlazorMonaco.wasm.br
public_html/FSharpAssay/_framework/BlazorMonaco.wasm.gz	c0400ba989a9544b11a1dfc01bf74cda216ed159	80245	compiled-public-html-copy	git show f773b3090ffd86cb5600fdaf3aca20ec9cc19606:public_html/FSharpAssay/_framework/BlazorMonaco.wasm.gz
public_html/FSharpAssay/_framework/Bolero.Html.wasm	1e0f65ca0dee0f2147648a37603873c4099671bc	9493	compiled-public-html-copy	git show f773b3090ffd86cb5600fdaf3aca20ec9cc19606:public_html/FSharpAssay/_framework/Bolero.Html.wasm
public_html/FSharpAssay/_framework/Bolero.Html.wasm.br	e273919099bf268c6d37bfa45402f210555f21f6	3267	compiled-public-html-copy	git show f773b3090ffd86cb5600fdaf3aca20ec9cc19606:public_html/FSharpAssay/_framework/Bolero.Html.wasm.br
public_html/FSharpAssay/_framework/Bolero.Html.wasm.gz	2de18a11d010134747cea3999d6cab299d52277e	4183	compiled-public-html-copy	git show f773b3090ffd86cb5600fdaf3aca20ec9cc19606:public_html/FSharpAssay/_framework/Bolero.Html.wasm.gz
public_html/FSharpAssay/_framework/Bolero.wasm	7def3f03181ffb0d92ab3a2cf88343b6e069ebee	35605	compiled-public-html-copy	git show f773b3090ffd86cb5600fdaf3aca20ec9cc19606:public_html/FSharpAssay/_framework/Bolero.wasm
public_html/FSharpAssay/_framework/Bolero.wasm.br	91b6a508fd008c6a45209577191e0cef90d4f7b2	13522	compiled-public-html-copy	git show f773b3090ffd86cb5600fdaf3aca20ec9cc19606:public_html/FSharpAssay/_framework/Bolero.wasm.br
public_html/FSharpAssay/_framework/Bolero.wasm.gz	35a21b0bf8364dded07bc6be986dae2205e6d271	15695	compiled-public-html-copy	git show f773b3090ffd86cb5600fdaf3aca20ec9cc19606:public_html/FSharpAssay/_framework/Bolero.wasm.gz
public_html/FSharpAssay/_framework/Elmish.wasm	546e236d86df68ac3a51364008df33f00a511694	50453	compiled-public-html-copy	git show f773b3090ffd86cb5600fdaf3aca20ec9cc19606:public_html/FSharpAssay/_framework/Elmish.wasm
public_html/FSharpAssay/_framework/Elmish.wasm.br	7b4a62940923ff5b86e68195451b83359923b39a	17479	compiled-public-html-copy	git show f773b3090ffd86cb5600fdaf3aca20ec9cc19606:public_html/FSharpAssay/_framework/Elmish.wasm.br
public_html/FSharpAssay/_framework/Elmish.wasm.gz	5558bdb59c9ee055e2116e6a8af9dd7cd377d26d	21168	compiled-public-html-copy	git show f773b3090ffd86cb5600fdaf3aca20ec9cc19606:public_html/FSharpAssay/_framework/Elmish.wasm.gz
public_html/FSharpAssay/_framework/FSharp.Core.wasm	502a35c81ae623dc9792ca4db078cf7f16b956e3	1560341	compiled-public-html-copy	git show f773b3090ffd86cb5600fdaf3aca20ec9cc19606:public_html/FSharpAssay/_framework/FSharp.Core.wasm
public_html/FSharpAssay/_framework/FSharp.Core.wasm.br	ea2f391daedb0b3c0cb03bc77b48e7e0ee791d3e	386143	compiled-public-html-copy	git show f773b3090ffd86cb5600fdaf3aca20ec9cc19606:public_html/FSharpAssay/_framework/FSharp.Core.wasm.br
public_html/FSharpAssay/_framework/FSharp.Core.wasm.gz	db076794f3ea920720ab65681f43477085b2cd23	511356	compiled-public-html-copy	git show f773b3090ffd86cb5600fdaf3aca20ec9cc19606:public_html/FSharpAssay/_framework/FSharp.Core.wasm.gz
public_html/FSharpAssay/_framework/FSharp.SystemTextJson.wasm	1182e05fca1ca6d99ad3643a0a48007e9856bf42	60181	compiled-public-html-copy	git show f773b3090ffd86cb5600fdaf3aca20ec9cc19606:public_html/FSharpAssay/_framework/FSharp.SystemTextJson.wasm
public_html/FSharpAssay/_framework/FSharp.SystemTextJson.wasm.br	67c4e42b5e1285484764b05bb8426fb94edf1168	22724	compiled-public-html-copy	git show f773b3090ffd86cb5600fdaf3aca20ec9cc19606:public_html/FSharpAssay/_framework/FSharp.SystemTextJson.wasm.br
public_html/FSharpAssay/_framework/FSharp.SystemTextJson.wasm.gz	8eb8448ba3744afaf659a9e5e5a6b5313ee9d8f8	26676	compiled-public-html-copy	git show f773b3090ffd86cb5600fdaf3aca20ec9cc19606:public_html/FSharpAssay/_framework/FSharp.SystemTextJson.wasm.gz
public_html/FSharpAssay/_framework/FsAssay.Web.Client.wasm	41742fe2c53f3f95613f39d872133849852130de	43797	compiled-public-html-copy	git show f773b3090ffd86cb5600fdaf3aca20ec9cc19606:public_html/FSharpAssay/_framework/FsAssay.Web.Client.wasm
public_html/FSharpAssay/_framework/FsAssay.Web.Client.wasm.br	008a8184eadc073c69c0cbd10d4e77126838a252	17813	compiled-public-html-copy	git show f773b3090ffd86cb5600fdaf3aca20ec9cc19606:public_html/FSharpAssay/_framework/FsAssay.Web.Client.wasm.br
public_html/FSharpAssay/_framework/FsAssay.Web.Client.wasm.gz	e4f348af5a5809ed8fd96857e2f0fd336817419b	21027	compiled-public-html-copy	git show f773b3090ffd86cb5600fdaf3aca20ec9cc19606:public_html/FSharpAssay/_framework/FsAssay.Web.Client.wasm.gz
public_html/FSharpAssay/_framework/Microsoft.AspNetCore.Components.Web.wasm	fb7576f46289f3443c2630233dba8f68172baf4a	45845	compiled-public-html-copy	git show f773b3090ffd86cb5600fdaf3aca20ec9cc19606:public_html/FSharpAssay/_framework/Microsoft.AspNetCore.Components.Web.wasm
public_html/FSharpAssay/_framework/Microsoft.AspNetCore.Components.Web.wasm.br	924ecbd7bca2fec8176b2100a1588b8b760e747f	15469	compiled-public-html-copy	git show f773b3090ffd86cb5600fdaf3aca20ec9cc19606:public_html/FSharpAssay/_framework/Microsoft.AspNetCore.Components.Web.wasm.br
public_html/FSharpAssay/_framework/Microsoft.AspNetCore.Components.Web.wasm.gz	f31b9d1b9e68b68c273d9fd19f11242a904e8b19	19256	compiled-public-html-copy	git show f773b3090ffd86cb5600fdaf3aca20ec9cc19606:public_html/FSharpAssay/_framework/Microsoft.AspNetCore.Components.Web.wasm.gz
public_html/FSharpAssay/_framework/Microsoft.AspNetCore.Components.WebAssembly.wasm	3ea4925b727d7512e96bec70bd1029861d3afe76	71957	compiled-public-html-copy	git show f773b3090ffd86cb5600fdaf3aca20ec9cc19606:public_html/FSharpAssay/_framework/Microsoft.AspNetCore.Components.WebAssembly.wasm
public_html/FSharpAssay/_framework/Microsoft.AspNetCore.Components.WebAssembly.wasm.br	e27ca085d075aa71e5470b36beadf977e0dea680	26644	compiled-public-html-copy	git show f773b3090ffd86cb5600fdaf3aca20ec9cc19606:public_html/FSharpAssay/_framework/Microsoft.AspNetCore.Components.WebAssembly.wasm.br
public_html/FSharpAssay/_framework/Microsoft.AspNetCore.Components.WebAssembly.wasm.gz	624d17ee6c9059c203379c76f7c89289a93024a7	30870	compiled-public-html-copy	git show f773b3090ffd86cb5600fdaf3aca20ec9cc19606:public_html/FSharpAssay/_framework/Microsoft.AspNetCore.Components.WebAssembly.wasm.gz
public_html/FSharpAssay/_framework/Microsoft.AspNetCore.Components.wasm	eb04c3d2ea24b1965ab79226f6eeaf1e4959eddb	139541	compiled-public-html-copy	git show f773b3090ffd86cb5600fdaf3aca20ec9cc19606:public_html/FSharpAssay/_framework/Microsoft.AspNetCore.Components.wasm
public_html/FSharpAssay/_framework/Microsoft.AspNetCore.Components.wasm.br	fd0f9a39276d812959b796457056364d816e982a	51549	compiled-public-html-copy	git show f773b3090ffd86cb5600fdaf3aca20ec9cc19606:public_html/FSharpAssay/_framework/Microsoft.AspNetCore.Components.wasm.br
public_html/FSharpAssay/_framework/Microsoft.AspNetCore.Components.wasm.gz	1cdcf780e653fdcbf78192c14bb5af44468bdbc3	60380	compiled-public-html-copy	git show f773b3090ffd86cb5600fdaf3aca20ec9cc19606:public_html/FSharpAssay/_framework/Microsoft.AspNetCore.Components.wasm.gz
public_html/FSharpAssay/_framework/Microsoft.Extensions.Configuration.Abstractions.wasm	64055214709d055a8e9bcee128f3da152c511f22	6421	compiled-public-html-copy	git show f773b3090ffd86cb5600fdaf3aca20ec9cc19606:public_html/FSharpAssay/_framework/Microsoft.Extensions.Configuration.Abstractions.wasm
public_html/FSharpAssay/_framework/Microsoft.Extensions.Configuration.Abstractions.wasm.br	0bdcd745bf37f9ad4dd6dcc38b074835847dad75	2319	compiled-public-html-copy	git show f773b3090ffd86cb5600fdaf3aca20ec9cc19606:public_html/FSharpAssay/_framework/Microsoft.Extensions.Configuration.Abstractions.wasm.br
public_html/FSharpAssay/_framework/Microsoft.Extensions.Configuration.Abstractions.wasm.gz	534e381c93883325c75a88f0735db8801c118662	2692	compiled-public-html-copy	git show f773b3090ffd86cb5600fdaf3aca20ec9cc19606:public_html/FSharpAssay/_framework/Microsoft.Extensions.Configuration.Abstractions.wasm.gz
public_html/FSharpAssay/_framework/Microsoft.Extensions.Configuration.Json.wasm	ef93f2052d65cbac570bd78d3b9dcbffd246b79e	8981	compiled-public-html-copy	git show f773b3090ffd86cb5600fdaf3aca20ec9cc19606:public_html/FSharpAssay/_framework/Microsoft.Extensions.Configuration.Json.wasm
public_html/FSharpAssay/_framework/Microsoft.Extensions.Configuration.Json.wasm.br	293a72e73638565049a0f11a341ebeb1026ea3d0	3554	compiled-public-html-copy	git show f773b3090ffd86cb5600fdaf3aca20ec9cc19606:public_html/FSharpAssay/_framework/Microsoft.Extensions.Configuration.Json.wasm.br
public_html/FSharpAssay/_framework/Microsoft.Extensions.Configuration.Json.wasm.gz	fe66a9b9febb69a1ef2d081deb15949d4ac20c18	4084	compiled-public-html-copy	git show f773b3090ffd86cb5600fdaf3aca20ec9cc19606:public_html/FSharpAssay/_framework/Microsoft.Extensions.Configuration.Json.wasm.gz
public_html/FSharpAssay/_framework/Microsoft.Extensions.Configuration.wasm	296905e2eb9d191431c6fa618d61044a28c22e6f	8981	compiled-public-html-copy	git show f773b3090ffd86cb5600fdaf3aca20ec9cc19606:public_html/FSharpAssay/_framework/Microsoft.Extensions.Configuration.wasm
public_html/FSharpAssay/_framework/Microsoft.Extensions.Configuration.wasm.br	9f0a6369da2fe63eee80c41e403ffd3546eb52ad	3541	compiled-public-html-copy	git show f773b3090ffd86cb5600fdaf3aca20ec9cc19606:public_html/FSharpAssay/_framework/Microsoft.Extensions.Configuration.wasm.br
public_html/FSharpAssay/_framework/Microsoft.Extensions.Configuration.wasm.gz	c11cba205fafb375411ca385ef0f11e2770a7204	4062	compiled-public-html-copy	git show f773b3090ffd86cb5600fdaf3aca20ec9cc19606:public_html/FSharpAssay/_framework/Microsoft.Extensions.Configuration.wasm.gz
public_html/FSharpAssay/_framework/Microsoft.Extensions.DependencyInjection.Abstractions.wasm	a29868aca2b315fcaf4a795dfb14f7b2032e0e64	17173	compiled-public-html-copy	git show f773b3090ffd86cb5600fdaf3aca20ec9cc19606:public_html/FSharpAssay/_framework/Microsoft.Extensions.DependencyInjection.Abstractions.wasm
public_html/FSharpAssay/_framework/Microsoft.Extensions.DependencyInjection.Abstractions.wasm.br	f07e5f141bd43db3ceb8af0d4307bf8fc180f2ba	6164	compiled-public-html-copy	git show f773b3090ffd86cb5600fdaf3aca20ec9cc19606:public_html/FSharpAssay/_framework/Microsoft.Extensions.DependencyInjection.Abstractions.wasm.br
public_html/FSharpAssay/_framework/Microsoft.Extensions.DependencyInjection.Abstractions.wasm.gz	f10d54a11aee4f6b8ef03e758df6f72769877501	7086	compiled-public-html-copy	git show f773b3090ffd86cb5600fdaf3aca20ec9cc19606:public_html/FSharpAssay/_framework/Microsoft.Extensions.DependencyInjection.Abstractions.wasm.gz
public_html/FSharpAssay/_framework/Microsoft.Extensions.DependencyInjection.wasm	d56b97a891afafbf79c02680b839a6dab6d57a58	44309	compiled-public-html-copy	git show f773b3090ffd86cb5600fdaf3aca20ec9cc19606:public_html/FSharpAssay/_framework/Microsoft.Extensions.DependencyInjection.wasm
public_html/FSharpAssay/_framework/Microsoft.Extensions.DependencyInjection.wasm.br	8c6c1837f581eb2a44baf73dab38cef08cccc507	18417	compiled-public-html-copy	git show f773b3090ffd86cb5600fdaf3aca20ec9cc19606:public_html/FSharpAssay/_framework/Microsoft.Extensions.DependencyInjection.wasm.br
public_html/FSharpAssay/_framework/Microsoft.Extensions.DependencyInjection.wasm.gz	4c59e85532431fcd93b739d26d575c9842396eff	21293	compiled-public-html-copy	git show f773b3090ffd86cb5600fdaf3aca20ec9cc19606:public_html/FSharpAssay/_framework/Microsoft.Extensions.DependencyInjection.wasm.gz
public_html/FSharpAssay/_framework/Microsoft.Extensions.Localization.Abstractions.wasm	419e1947812072409c54dbbe65ac1d90080d1d05	7445	compiled-public-html-copy	git show f773b3090ffd86cb5600fdaf3aca20ec9cc19606:public_html/FSharpAssay/_framework/Microsoft.Extensions.Localization.Abstractions.wasm
public_html/FSharpAssay/_framework/Microsoft.Extensions.Localization.Abstractions.wasm.br	9c26441f1d47ba3897ff8bd982c47a66c2ef965c	2677	compiled-public-html-copy	git show f773b3090ffd86cb5600fdaf3aca20ec9cc19606:public_html/FSharpAssay/_framework/Microsoft.Extensions.Localization.Abstractions.wasm.br
public_html/FSharpAssay/_framework/Microsoft.Extensions.Localization.Abstractions.wasm.gz	6e3305bf1212a6a618e88bd42eae76227e40c44a	3069	compiled-public-html-copy	git show f773b3090ffd86cb5600fdaf3aca20ec9cc19606:public_html/FSharpAssay/_framework/Microsoft.Extensions.Localization.Abstractions.wasm.gz
public_html/FSharpAssay/_framework/Microsoft.Extensions.Localization.wasm	f13d69b396902d98a3a0307f08bc9eba84f1b09f	21269	compiled-public-html-copy	git show f773b3090ffd86cb5600fdaf3aca20ec9cc19606:public_html/FSharpAssay/_framework/Microsoft.Extensions.Localization.wasm
public_html/FSharpAssay/_framework/Microsoft.Extensions.Localization.wasm.br	11607f85ff47aeb746bc61026e3a9c2660b97ccd	8736	compiled-public-html-copy	git show f773b3090ffd86cb5600fdaf3aca20ec9cc19606:public_html/FSharpAssay/_framework/Microsoft.Extensions.Localization.wasm.br
public_html/FSharpAssay/_framework/Microsoft.Extensions.Localization.wasm.gz	62db5f86b81983ed4be3e6da5534c48752683222	10030	compiled-public-html-copy	git show f773b3090ffd86cb5600fdaf3aca20ec9cc19606:public_html/FSharpAssay/_framework/Microsoft.Extensions.Localization.wasm.gz
public_html/FSharpAssay/_framework/Microsoft.Extensions.Logging.Abstractions.wasm	664d427a8c7c23b410d1e8f94a999a1397ebac07	28949	compiled-public-html-copy	git show f773b3090ffd86cb5600fdaf3aca20ec9cc19606:public_html/FSharpAssay/_framework/Microsoft.Extensions.Logging.Abstractions.wasm
public_html/FSharpAssay/_framework/Microsoft.Extensions.Logging.Abstractions.wasm.br	951695cf4cf4b592ea166475f2ed5558b794d363	11378	compiled-public-html-copy	git show f773b3090ffd86cb5600fdaf3aca20ec9cc19606:public_html/FSharpAssay/_framework/Microsoft.Extensions.Logging.Abstractions.wasm.br
public_html/FSharpAssay/_framework/Microsoft.Extensions.Logging.Abstractions.wasm.gz	16245d149ff11f2176e34f45d20973e8f5937d77	13370	compiled-public-html-copy	git show f773b3090ffd86cb5600fdaf3aca20ec9cc19606:public_html/FSharpAssay/_framework/Microsoft.Extensions.Logging.Abstractions.wasm.gz
public_html/FSharpAssay/_framework/Microsoft.Extensions.Logging.wasm	0f11313ab0e487d8d0ce143777ef4d34a68efb74	17173	compiled-public-html-copy	git show f773b3090ffd86cb5600fdaf3aca20ec9cc19606:public_html/FSharpAssay/_framework/Microsoft.Extensions.Logging.wasm
public_html/FSharpAssay/_framework/Microsoft.Extensions.Logging.wasm.br	8ba0e37a431949b83eecc13dacaa74aaa4be0bb9	7468	compiled-public-html-copy	git show f773b3090ffd86cb5600fdaf3aca20ec9cc19606:public_html/FSharpAssay/_framework/Microsoft.Extensions.Logging.wasm.br
public_html/FSharpAssay/_framework/Microsoft.Extensions.Logging.wasm.gz	992dc1be6f80f94c606f23b85ba0be82b9e070a9	8571	compiled-public-html-copy	git show f773b3090ffd86cb5600fdaf3aca20ec9cc19606:public_html/FSharpAssay/_framework/Microsoft.Extensions.Logging.wasm.gz
public_html/FSharpAssay/_framework/Microsoft.Extensions.Options.wasm	d872a6b67de9ff8a44d0bf8e065817dff4d11565	17685	compiled-public-html-copy	git show f773b3090ffd86cb5600fdaf3aca20ec9cc19606:public_html/FSharpAssay/_framework/Microsoft.Extensions.Options.wasm
public_html/FSharpAssay/_framework/Microsoft.Extensions.Options.wasm.br	b2e333e1f602a7e549214483f4a085b07c77f2c8	7418	compiled-public-html-copy	git show f773b3090ffd86cb5600fdaf3aca20ec9cc19606:public_html/FSharpAssay/_framework/Microsoft.Extensions.Options.wasm.br
public_html/FSharpAssay/_framework/Microsoft.Extensions.Options.wasm.gz	301cfe67224d04e2d8d2174233f0c677012276e7	8463	compiled-public-html-copy	git show f773b3090ffd86cb5600fdaf3aca20ec9cc19606:public_html/FSharpAssay/_framework/Microsoft.Extensions.Options.wasm.gz
public_html/FSharpAssay/_framework/Microsoft.Extensions.Primitives.wasm	af1ab13cb339263d50cb11bae0e76b6537a2cbbd	8981	compiled-public-html-copy	git show f773b3090ffd86cb5600fdaf3aca20ec9cc19606:public_html/FSharpAssay/_framework/Microsoft.Extensions.Primitives.wasm
public_html/FSharpAssay/_framework/Microsoft.Extensions.Primitives.wasm.br	7b72448f83b3a5f1a43b47f431b596ed6238d921	3365	compiled-public-html-copy	git show f773b3090ffd86cb5600fdaf3aca20ec9cc19606:public_html/FSharpAssay/_framework/Microsoft.Extensions.Primitives.wasm.br
public_html/FSharpAssay/_framework/Microsoft.Extensions.Primitives.wasm.gz	efffa7af56d4b70844cb684fa92bfe8725728f92	3873	compiled-public-html-copy	git show f773b3090ffd86cb5600fdaf3aca20ec9cc19606:public_html/FSharpAssay/_framework/Microsoft.Extensions.Primitives.wasm.gz
public_html/FSharpAssay/_framework/Microsoft.JSInterop.WebAssembly.wasm	2771230f819208e8e67f15d92853be72a969bc76	9493	compiled-public-html-copy	git show f773b3090ffd86cb5600fdaf3aca20ec9cc19606:public_html/FSharpAssay/_framework/Microsoft.JSInterop.WebAssembly.wasm
public_html/FSharpAssay/_framework/Microsoft.JSInterop.WebAssembly.wasm.br	bd9e91314741148d836ec7eb58da8938e86dcc6e	3906	compiled-public-html-copy	git show f773b3090ffd86cb5600fdaf3aca20ec9cc19606:public_html/FSharpAssay/_framework/Microsoft.JSInterop.WebAssembly.wasm.br
public_html/FSharpAssay/_framework/Microsoft.JSInterop.WebAssembly.wasm.gz	18a0513faeca8d15665646052c036616715b221f	4471	compiled-public-html-copy	git show f773b3090ffd86cb5600fdaf3aca20ec9cc19606:public_html/FSharpAssay/_framework/Microsoft.JSInterop.WebAssembly.wasm.gz
public_html/FSharpAssay/_framework/Microsoft.JSInterop.wasm	6c85d0acbe0361586d11294b5f786fc8744510cb	43285	compiled-public-html-copy	git show f773b3090ffd86cb5600fdaf3aca20ec9cc19606:public_html/FSharpAssay/_framework/Microsoft.JSInterop.wasm
public_html/FSharpAssay/_framework/Microsoft.JSInterop.wasm.br	cabef92c091cadfdb7426e24d9b5b46cc65c517f	17165	compiled-public-html-copy	git show f773b3090ffd86cb5600fdaf3aca20ec9cc19606:public_html/FSharpAssay/_framework/Microsoft.JSInterop.wasm.br
public_html/FSharpAssay/_framework/Microsoft.JSInterop.wasm.gz	48498a28fe0c0ea6c7b61fc11bb19053ce493331	19665	compiled-public-html-copy	git show f773b3090ffd86cb5600fdaf3aca20ec9cc19606:public_html/FSharpAssay/_framework/Microsoft.JSInterop.wasm.gz
public_html/FSharpAssay/_framework/MudBlazor.wasm	609cd87ad57475f1daadc2c8552104bb7b0d4af7	340757	compiled-public-html-copy	git show f773b3090ffd86cb5600fdaf3aca20ec9cc19606:public_html/FSharpAssay/_framework/MudBlazor.wasm
public_html/FSharpAssay/_framework/MudBlazor.wasm.br	3b3329548fc1e4da4559256de871edf73e3e6bd4	95645	compiled-public-html-copy	git show f773b3090ffd86cb5600fdaf3aca20ec9cc19606:public_html/FSharpAssay/_framework/MudBlazor.wasm.br
public_html/FSharpAssay/_framework/MudBlazor.wasm.gz	a5fd75e471fb3228064de1b4d58431be510860f5	123573	compiled-public-html-copy	git show f773b3090ffd86cb5600fdaf3aca20ec9cc19606:public_html/FSharpAssay/_framework/MudBlazor.wasm.gz
public_html/FSharpAssay/_framework/System.Collections.Concurrent.wasm	8460f41241209a5b36d8e75fdf1bdd7bbb3d28f2	20757	compiled-public-html-copy	git show f773b3090ffd86cb5600fdaf3aca20ec9cc19606:public_html/FSharpAssay/_framework/System.Collections.Concurrent.wasm
public_html/FSharpAssay/_framework/System.Collections.Concurrent.wasm.br	6be04107eca40938bd37201613b7efe863e17908	8598	compiled-public-html-copy	git show f773b3090ffd86cb5600fdaf3aca20ec9cc19606:public_html/FSharpAssay/_framework/System.Collections.Concurrent.wasm.br
public_html/FSharpAssay/_framework/System.Collections.Concurrent.wasm.gz	b71b16c7c02cdf96a181a77bdc397fb6dd879a2c	9662	compiled-public-html-copy	git show f773b3090ffd86cb5600fdaf3aca20ec9cc19606:public_html/FSharpAssay/_framework/System.Collections.Concurrent.wasm.gz
public_html/FSharpAssay/_framework/System.Collections.Immutable.wasm	fdaac175bb745e1ab600635dd3eb07f9aad9b7e7	52501	compiled-public-html-copy	git show f773b3090ffd86cb5600fdaf3aca20ec9cc19606:public_html/FSharpAssay/_framework/System.Collections.Immutable.wasm
public_html/FSharpAssay/_framework/System.Collections.Immutable.wasm.br	27af25a40208c829ac0bca5b0d0a620ee0dca2fb	19459	compiled-public-html-copy	git show f773b3090ffd86cb5600fdaf3aca20ec9cc19606:public_html/FSharpAssay/_framework/System.Collections.Immutable.wasm.br
public_html/FSharpAssay/_framework/System.Collections.Immutable.wasm.gz	08610afa129dd1dc18161b627a46c5846a0bee9a	23081	compiled-public-html-copy	git show f773b3090ffd86cb5600fdaf3aca20ec9cc19606:public_html/FSharpAssay/_framework/System.Collections.Immutable.wasm.gz
public_html/FSharpAssay/_framework/System.Collections.NonGeneric.wasm	c7ea00f09dcf0f9b237ec5e48a2932faddd43e9e	6421	compiled-public-html-copy	git show f773b3090ffd86cb5600fdaf3aca20ec9cc19606:public_html/FSharpAssay/_framework/System.Collections.NonGeneric.wasm
public_html/FSharpAssay/_framework/System.Collections.NonGeneric.wasm.br	13dd96fa504ed94b37bfbd24018357fe390afe6a	2489	compiled-public-html-copy	git show f773b3090ffd86cb5600fdaf3aca20ec9cc19606:public_html/FSharpAssay/_framework/System.Collections.NonGeneric.wasm.br
public_html/FSharpAssay/_framework/System.Collections.NonGeneric.wasm.gz	2d1ea836790ed12831c289436a0eac34513a1a71	2796	compiled-public-html-copy	git show f773b3090ffd86cb5600fdaf3aca20ec9cc19606:public_html/FSharpAssay/_framework/System.Collections.NonGeneric.wasm.gz
public_html/FSharpAssay/_framework/System.Collections.wasm	24c8a9d8a45e6af095487c00366c0663a4e95c48	10517	compiled-public-html-copy	git show f773b3090ffd86cb5600fdaf3aca20ec9cc19606:public_html/FSharpAssay/_framework/System.Collections.wasm
public_html/FSharpAssay/_framework/System.Collections.wasm.br	38817f98741ca9e5c634538edc23738bcdfc06cf	4277	compiled-public-html-copy	git show f773b3090ffd86cb5600fdaf3aca20ec9cc19606:public_html/FSharpAssay/_framework/System.Collections.wasm.br
public_html/FSharpAssay/_framework/System.Collections.wasm.gz	3cc39abcd09e980a02187731c25f7ed2f75b5884	4781	compiled-public-html-copy	git show f773b3090ffd86cb5600fdaf3aca20ec9cc19606:public_html/FSharpAssay/_framework/System.Collections.wasm.gz
public_html/FSharpAssay/_framework/System.ComponentModel.EventBasedAsync.wasm	3744c4eabd15b4b05f7f7ee089e4b7726070d172	5397	compiled-public-html-copy	git show f773b3090ffd86cb5600fdaf3aca20ec9cc19606:public_html/FSharpAssay/_framework/System.ComponentModel.EventBasedAsync.wasm
public_html/FSharpAssay/_framework/System.ComponentModel.EventBasedAsync.wasm.br	6d3fbba52ee0c4abb16728d01ccc2b04d1954945	1987	compiled-public-html-copy	git show f773b3090ffd86cb5600fdaf3aca20ec9cc19606:public_html/FSharpAssay/_framework/System.ComponentModel.EventBasedAsync.wasm.br
public_html/FSharpAssay/_framework/System.ComponentModel.EventBasedAsync.wasm.gz	55a858489895d74fc073b8cd4810ad72aabc46ef	2251	compiled-public-html-copy	git show f773b3090ffd86cb5600fdaf3aca20ec9cc19606:public_html/FSharpAssay/_framework/System.ComponentModel.EventBasedAsync.wasm.gz
public_html/FSharpAssay/_framework/System.ComponentModel.Primitives.wasm	5f3f1261e2812109abfc1af6c1a50d0dcc084df5	6421	compiled-public-html-copy	git show f773b3090ffd86cb5600fdaf3aca20ec9cc19606:public_html/FSharpAssay/_framework/System.ComponentModel.Primitives.wasm
public_html/FSharpAssay/_framework/System.ComponentModel.Primitives.wasm.br	48e80342e3be0a2afae2ec24614c9c62182a3c86	2360	compiled-public-html-copy	git show f773b3090ffd86cb5600fdaf3aca20ec9cc19606:public_html/FSharpAssay/_framework/System.ComponentModel.Primitives.wasm.br
public_html/FSharpAssay/_framework/System.ComponentModel.Primitives.wasm.gz	27e2b1d9a145af9387a6d42912be003a45c5ab04	2707	compiled-public-html-copy	git show f773b3090ffd86cb5600fdaf3aca20ec9cc19606:public_html/FSharpAssay/_framework/System.ComponentModel.Primitives.wasm.gz
public_html/FSharpAssay/_framework/System.ComponentModel.wasm	0e2a824b263affba6f49534ee05f0006558fe7c7	4885	compiled-public-html-copy	git show f773b3090ffd86cb5600fdaf3aca20ec9cc19606:public_html/FSharpAssay/_framework/System.ComponentModel.wasm
public_html/FSharpAssay/_framework/System.ComponentModel.wasm.br	cbebae2925340df6189bf30d8a6d270518a535b7	1713	compiled-public-html-copy	git show f773b3090ffd86cb5600fdaf3aca20ec9cc19606:public_html/FSharpAssay/_framework/System.ComponentModel.wasm.br
public_html/FSharpAssay/_framework/System.ComponentModel.wasm.gz	a99de351b0692ef52db749f6d8d9d17c2e2b854c	1933	compiled-public-html-copy	git show f773b3090ffd86cb5600fdaf3aca20ec9cc19606:public_html/FSharpAssay/_framework/System.ComponentModel.wasm.gz
public_html/FSharpAssay/_framework/System.Console.wasm	e4bcd64510b61fdc5059a176939f8d6c348f01c1	15637	compiled-public-html-copy	git show f773b3090ffd86cb5600fdaf3aca20ec9cc19606:public_html/FSharpAssay/_framework/System.Console.wasm
public_html/FSharpAssay/_framework/System.Console.wasm.br	4fea95985345e47f80d94bb89b31d700b5edd39e	6488	compiled-public-html-copy	git show f773b3090ffd86cb5600fdaf3aca20ec9cc19606:public_html/FSharpAssay/_framework/System.Console.wasm.br
public_html/FSharpAssay/_framework/System.Console.wasm.gz	16ac97b970a2db63c29c89ff14ca7a58741f188c	7642	compiled-public-html-copy	git show f773b3090ffd86cb5600fdaf3aca20ec9cc19606:public_html/FSharpAssay/_framework/System.Console.wasm.gz
public_html/FSharpAssay/_framework/System.Diagnostics.TraceSource.wasm	0a8ae04bbb24c2f1fce9371f7560ba6caabaf6f5	15637	compiled-public-html-copy	git show f773b3090ffd86cb5600fdaf3aca20ec9cc19606:public_html/FSharpAssay/_framework/System.Diagnostics.TraceSource.wasm
public_html/FSharpAssay/_framework/System.Diagnostics.TraceSource.wasm.br	87dfad01c616ebd57077a368bf0d57207b2d1ff9	6734	compiled-public-html-copy	git show f773b3090ffd86cb5600fdaf3aca20ec9cc19606:public_html/FSharpAssay/_framework/System.Diagnostics.TraceSource.wasm.br
public_html/FSharpAssay/_framework/System.Diagnostics.TraceSource.wasm.gz	1ac6aed63474711b01168eabfd98cc399a4027ed	7645	compiled-public-html-copy	git show f773b3090ffd86cb5600fdaf3aca20ec9cc19606:public_html/FSharpAssay/_framework/System.Diagnostics.TraceSource.wasm.gz
public_html/FSharpAssay/_framework/System.Linq.Expressions.wasm	3c135e870c63f2245194e9e932b35bda97e35357	361237	compiled-public-html-copy	git show f773b3090ffd86cb5600fdaf3aca20ec9cc19606:public_html/FSharpAssay/_framework/System.Linq.Expressions.wasm
public_html/FSharpAssay/_framework/System.Linq.Expressions.wasm.br	d1c16c41cc4b7254760d02793ba3b437af93f580	114877	compiled-public-html-copy	git show f773b3090ffd86cb5600fdaf3aca20ec9cc19606:public_html/FSharpAssay/_framework/System.Linq.Expressions.wasm.br
public_html/FSharpAssay/_framework/System.Linq.Expressions.wasm.gz	dcf2b59f6f6dd1d19220114124c7dc1c0b5d0bf6	140283	compiled-public-html-copy	git show f773b3090ffd86cb5600fdaf3aca20ec9cc19606:public_html/FSharpAssay/_framework/System.Linq.Expressions.wasm.gz
public_html/FSharpAssay/_framework/System.Linq.Queryable.wasm	ef25348766f090b62849b14ff59ee9fd41789ab8	29973	compiled-public-html-copy	git show f773b3090ffd86cb5600fdaf3aca20ec9cc19606:public_html/FSharpAssay/_framework/System.Linq.Queryable.wasm
public_html/FSharpAssay/_framework/System.Linq.Queryable.wasm.br	557e3303a8affafbc54c11cf25965154590c5a7a	10530	compiled-public-html-copy	git show f773b3090ffd86cb5600fdaf3aca20ec9cc19606:public_html/FSharpAssay/_framework/System.Linq.Queryable.wasm.br
public_html/FSharpAssay/_framework/System.Linq.Queryable.wasm.gz	59b7017009336891c047810ebc83aaae5bc68e46	12335	compiled-public-html-copy	git show f773b3090ffd86cb5600fdaf3aca20ec9cc19606:public_html/FSharpAssay/_framework/System.Linq.Queryable.wasm.gz
public_html/FSharpAssay/_framework/System.Linq.wasm	7ae91b36d0729b2e19de68248bedf34d9666e565	66837	compiled-public-html-copy	git show f773b3090ffd86cb5600fdaf3aca20ec9cc19606:public_html/FSharpAssay/_framework/System.Linq.wasm
public_html/FSharpAssay/_framework/System.Linq.wasm.br	f1ef290a195d3ecfd4ad77d5fe9157e6417bbc5b	23097	compiled-public-html-copy	git show f773b3090ffd86cb5600fdaf3aca20ec9cc19606:public_html/FSharpAssay/_framework/System.Linq.wasm.br
public_html/FSharpAssay/_framework/System.Linq.wasm.gz	bbd731e0ddab8c9ba620a607e3bfa074221d833b	28555	compiled-public-html-copy	git show f773b3090ffd86cb5600fdaf3aca20ec9cc19606:public_html/FSharpAssay/_framework/System.Linq.wasm.gz
public_html/FSharpAssay/_framework/System.Memory.wasm	92f967a59f124316dde902c6f144cec01f62b749	14613	compiled-public-html-copy	git show f773b3090ffd86cb5600fdaf3aca20ec9cc19606:public_html/FSharpAssay/_framework/System.Memory.wasm
public_html/FSharpAssay/_framework/System.Memory.wasm.br	ece4f96a13106f97d8f7dccf4a44406e291616d5	6139	compiled-public-html-copy	git show f773b3090ffd86cb5600fdaf3aca20ec9cc19606:public_html/FSharpAssay/_framework/System.Memory.wasm.br
public_html/FSharpAssay/_framework/System.Memory.wasm.gz	6231566c930bf126a6adc3a4f78a64cb43d5e527	6935	compiled-public-html-copy	git show f773b3090ffd86cb5600fdaf3aca20ec9cc19606:public_html/FSharpAssay/_framework/System.Memory.wasm.gz
public_html/FSharpAssay/_framework/System.Net.Http.wasm	5934c3fc96f1ca94ecc1a43dc30c38bc8f144853	8469	compiled-public-html-copy	git show f773b3090ffd86cb5600fdaf3aca20ec9cc19606:public_html/FSharpAssay/_framework/System.Net.Http.wasm
public_html/FSharpAssay/_framework/System.Net.Http.wasm.br	f5b668288e60ec185201d358637dc9fff85dc014	3462	compiled-public-html-copy	git show f773b3090ffd86cb5600fdaf3aca20ec9cc19606:public_html/FSharpAssay/_framework/System.Net.Http.wasm.br
public_html/FSharpAssay/_framework/System.Net.Http.wasm.gz	42886af878b5319c5257608a92e734b9700e4061	3980	compiled-public-html-copy	git show f773b3090ffd86cb5600fdaf3aca20ec9cc19606:public_html/FSharpAssay/_framework/System.Net.Http.wasm.gz
public_html/FSharpAssay/_framework/System.Net.Primitives.wasm	3418bf013bce2692b0011a680e2e7839d799526d	5397	compiled-public-html-copy	git show f773b3090ffd86cb5600fdaf3aca20ec9cc19606:public_html/FSharpAssay/_framework/System.Net.Primitives.wasm
public_html/FSharpAssay/_framework/System.Net.Primitives.wasm.br	8b59cdfef85305ded2c0b0a5be5faa9ca7227406	1879	compiled-public-html-copy	git show f773b3090ffd86cb5600fdaf3aca20ec9cc19606:public_html/FSharpAssay/_framework/System.Net.Primitives.wasm.br
public_html/FSharpAssay/_framework/System.Net.Primitives.wasm.gz	8598026feef265399ae6e12fb6ef0171dadceba7	2177	compiled-public-html-copy	git show f773b3090ffd86cb5600fdaf3aca20ec9cc19606:public_html/FSharpAssay/_framework/System.Net.Primitives.wasm.gz
public_html/FSharpAssay/_framework/System.Net.Requests.wasm	91313e0a997cc202a12dd3399173ae52e55096f1	6933	compiled-public-html-copy	git show f773b3090ffd86cb5600fdaf3aca20ec9cc19606:public_html/FSharpAssay/_framework/System.Net.Requests.wasm
public_html/FSharpAssay/_framework/System.Net.Requests.wasm.br	2f1babb1b03d14c806f37ae425098d1aa7ae5493	2529	compiled-public-html-copy	git show f773b3090ffd86cb5600fdaf3aca20ec9cc19606:public_html/FSharpAssay/_framework/System.Net.Requests.wasm.br
public_html/FSharpAssay/_framework/System.Net.Requests.wasm.gz	b4f2a463cb21691e120ae6809a544888a2b8cb45	2922	compiled-public-html-copy	git show f773b3090ffd86cb5600fdaf3aca20ec9cc19606:public_html/FSharpAssay/_framework/System.Net.Requests.wasm.gz
public_html/FSharpAssay/_framework/System.Net.WebClient.wasm	38c337ed9aa8007849c12240838727424f572a3a	6421	compiled-public-html-copy	git show f773b3090ffd86cb5600fdaf3aca20ec9cc19606:public_html/FSharpAssay/_framework/System.Net.WebClient.wasm
public_html/FSharpAssay/_framework/System.Net.WebClient.wasm.br	70f1cbcca3ae6a6dd1b0b2bb4fb28c6238eddee7	2215	compiled-public-html-copy	git show f773b3090ffd86cb5600fdaf3aca20ec9cc19606:public_html/FSharpAssay/_framework/System.Net.WebClient.wasm.br
public_html/FSharpAssay/_framework/System.Net.WebClient.wasm.gz	818430489fb64189f5998dbdb085869a794961c1	2533	compiled-public-html-copy	git show f773b3090ffd86cb5600fdaf3aca20ec9cc19606:public_html/FSharpAssay/_framework/System.Net.WebClient.wasm.gz
public_html/FSharpAssay/_framework/System.Private.CoreLib.wasm	b33ebd3b46fe3bc4a716dfe18ec342a0e4755463	1640725	compiled-public-html-copy	git show f773b3090ffd86cb5600fdaf3aca20ec9cc19606:public_html/FSharpAssay/_framework/System.Private.CoreLib.wasm
public_html/FSharpAssay/_framework/System.Private.CoreLib.wasm.br	3c19c79aca86c360792ae5dd2f07df8bb18a2ccd	508762	compiled-public-html-copy	git show f773b3090ffd86cb5600fdaf3aca20ec9cc19606:public_html/FSharpAssay/_framework/System.Private.CoreLib.wasm.br
public_html/FSharpAssay/_framework/System.Private.CoreLib.wasm.gz	63088de13fa42e8f0f817b8e86b5b881e4ee691e	632988	compiled-public-html-copy	git show f773b3090ffd86cb5600fdaf3aca20ec9cc19606:public_html/FSharpAssay/_framework/System.Private.CoreLib.wasm.gz
public_html/FSharpAssay/_framework/System.Private.Uri.wasm	3e866aa3c788e27547612feef8c904fbc97fafca	59157	compiled-public-html-copy	git show f773b3090ffd86cb5600fdaf3aca20ec9cc19606:public_html/FSharpAssay/_framework/System.Private.Uri.wasm
public_html/FSharpAssay/_framework/System.Private.Uri.wasm.br	2c246cf86d3b38646dd5446c21a5eb1634f52c50	24270	compiled-public-html-copy	git show f773b3090ffd86cb5600fdaf3aca20ec9cc19606:public_html/FSharpAssay/_framework/System.Private.Uri.wasm.br
public_html/FSharpAssay/_framework/System.Private.Uri.wasm.gz	271ebbba5cb1704604ca3b71c121509a7ac042d2	27544	compiled-public-html-copy	git show f773b3090ffd86cb5600fdaf3aca20ec9cc19606:public_html/FSharpAssay/_framework/System.Private.Uri.wasm.gz
public_html/FSharpAssay/_framework/System.Runtime.InteropServices.JavaScript.wasm	771ffec42dc62ae5cc96ae32421f006a8d67ad1f	35093	compiled-public-html-copy	git show f773b3090ffd86cb5600fdaf3aca20ec9cc19606:public_html/FSharpAssay/_framework/System.Runtime.InteropServices.JavaScript.wasm
public_html/FSharpAssay/_framework/System.Runtime.InteropServices.JavaScript.wasm.br	f409c16aec01a5d1c7502a4c2dc04d42ec177f50	14285	compiled-public-html-copy	git show f773b3090ffd86cb5600fdaf3aca20ec9cc19606:public_html/FSharpAssay/_framework/System.Runtime.InteropServices.JavaScript.wasm.br
public_html/FSharpAssay/_framework/System.Runtime.InteropServices.JavaScript.wasm.gz	fb379685b66e2629d2df15743f898fcfe59765df	16736	compiled-public-html-copy	git show f773b3090ffd86cb5600fdaf3aca20ec9cc19606:public_html/FSharpAssay/_framework/System.Runtime.InteropServices.JavaScript.wasm.gz
public_html/FSharpAssay/_framework/System.Runtime.Numerics.wasm	070194ce628f805d6958eee733284761b33f3462	71445	compiled-public-html-copy	git show f773b3090ffd86cb5600fdaf3aca20ec9cc19606:public_html/FSharpAssay/_framework/System.Runtime.Numerics.wasm
public_html/FSharpAssay/_framework/System.Runtime.Numerics.wasm.br	67c6fe805fffd5f6a495d1b4308169637237f380	24641	compiled-public-html-copy	git show f773b3090ffd86cb5600fdaf3aca20ec9cc19606:public_html/FSharpAssay/_framework/System.Runtime.Numerics.wasm.br
public_html/FSharpAssay/_framework/System.Runtime.Numerics.wasm.gz	121bbb5e77cc3e717688f34e39c3bfcd57fe084c	28564	compiled-public-html-copy	git show f773b3090ffd86cb5600fdaf3aca20ec9cc19606:public_html/FSharpAssay/_framework/System.Runtime.Numerics.wasm.gz
public_html/FSharpAssay/_framework/System.Runtime.wasm	c59345784f81531818c91e9ccb004070a9576f5c	8469	compiled-public-html-copy	git show f773b3090ffd86cb5600fdaf3aca20ec9cc19606:public_html/FSharpAssay/_framework/System.Runtime.wasm
public_html/FSharpAssay/_framework/System.Runtime.wasm.br	ffee2f6e56f487b651793f991cdf25e9f5b2dbca	2630	compiled-public-html-copy	git show f773b3090ffd86cb5600fdaf3aca20ec9cc19606:public_html/FSharpAssay/_framework/System.Runtime.wasm.br
public_html/FSharpAssay/_framework/System.Runtime.wasm.gz	367029ac68a38855705b42f5b73a314a88d1c23e	3072	compiled-public-html-copy	git show f773b3090ffd86cb5600fdaf3aca20ec9cc19606:public_html/FSharpAssay/_framework/System.Runtime.wasm.gz
public_html/FSharpAssay/_framework/System.Text.Encodings.Web.wasm	aee492c14040bdc03d8f381fa1ff3e8227c224a1	29461	compiled-public-html-copy	git show f773b3090ffd86cb5600fdaf3aca20ec9cc19606:public_html/FSharpAssay/_framework/System.Text.Encodings.Web.wasm
public_html/FSharpAssay/_framework/System.Text.Encodings.Web.wasm.br	201a1a68bee2470f53abe7951abf071063c721b5	9588	compiled-public-html-copy	git show f773b3090ffd86cb5600fdaf3aca20ec9cc19606:public_html/FSharpAssay/_framework/System.Text.Encodings.Web.wasm.br
public_html/FSharpAssay/_framework/System.Text.Encodings.Web.wasm.gz	bfe1f70b25b6e8938a719a1327a64a9c75fc3314	11113	compiled-public-html-copy	git show f773b3090ffd86cb5600fdaf3aca20ec9cc19606:public_html/FSharpAssay/_framework/System.Text.Encodings.Web.wasm.gz
public_html/FSharpAssay/_framework/System.Text.Json.wasm	92a4e7269dee82ea4b7ebd951d829dbeca54dc81	375061	compiled-public-html-copy	git show f773b3090ffd86cb5600fdaf3aca20ec9cc19606:public_html/FSharpAssay/_framework/System.Text.Json.wasm
public_html/FSharpAssay/_framework/System.Text.Json.wasm.br	7db1ead0bd24b0b91285472d165bcc7002cc113f	123225	compiled-public-html-copy	git show f773b3090ffd86cb5600fdaf3aca20ec9cc19606:public_html/FSharpAssay/_framework/System.Text.Json.wasm.br
public_html/FSharpAssay/_framework/System.Text.Json.wasm.gz	ee73c86dbc81ab462fe788a20e479dd42f2e63cb	149146	compiled-public-html-copy	git show f773b3090ffd86cb5600fdaf3aca20ec9cc19606:public_html/FSharpAssay/_framework/System.Text.Json.wasm.gz
public_html/FSharpAssay/_framework/System.Text.RegularExpressions.wasm	8adccb853a5741e9b15fb5957a334b60a1a41d93	146709	compiled-public-html-copy	git show f773b3090ffd86cb5600fdaf3aca20ec9cc19606:public_html/FSharpAssay/_framework/System.Text.RegularExpressions.wasm
public_html/FSharpAssay/_framework/System.Text.RegularExpressions.wasm.br	28b7ac7011a800bd435816ec36f4b7a0246d5baf	52918	compiled-public-html-copy	git show f773b3090ffd86cb5600fdaf3aca20ec9cc19606:public_html/FSharpAssay/_framework/System.Text.RegularExpressions.wasm.br
public_html/FSharpAssay/_framework/System.Text.RegularExpressions.wasm.gz	426cb8e6e8b702d32c6cff6c13245e3883cda888	64846	compiled-public-html-copy	git show f773b3090ffd86cb5600fdaf3aca20ec9cc19606:public_html/FSharpAssay/_framework/System.Text.RegularExpressions.wasm.gz
public_html/FSharpAssay/_framework/System.Threading.Tasks.Parallel.wasm	d91e715af2760117662f90ef7bcadf4878ee7749	13589	compiled-public-html-copy	git show f773b3090ffd86cb5600fdaf3aca20ec9cc19606:public_html/FSharpAssay/_framework/System.Threading.Tasks.Parallel.wasm
public_html/FSharpAssay/_framework/System.Threading.Tasks.Parallel.wasm.br	99c6813be5d07f6eeb500b0d1bb84eaacd48f1a4	6117	compiled-public-html-copy	git show f773b3090ffd86cb5600fdaf3aca20ec9cc19606:public_html/FSharpAssay/_framework/System.Threading.Tasks.Parallel.wasm.br
public_html/FSharpAssay/_framework/System.Threading.Tasks.Parallel.wasm.gz	6af7d3d6365c4a084bd64adb5ace501aea6084a3	7021	compiled-public-html-copy	git show f773b3090ffd86cb5600fdaf3aca20ec9cc19606:public_html/FSharpAssay/_framework/System.Threading.Tasks.Parallel.wasm.gz
public_html/FSharpAssay/_framework/blazor.boot.json	bcf2a8a6fe137a16fd3d8faa34646343a002d62d	7318	compiled-public-html-copy	git show f773b3090ffd86cb5600fdaf3aca20ec9cc19606:public_html/FSharpAssay/_framework/blazor.boot.json
public_html/FSharpAssay/_framework/blazor.boot.json.br	caac6c7aaece44de0208ce2886e7ccee9a4a7f64	3125	compiled-public-html-copy	git show f773b3090ffd86cb5600fdaf3aca20ec9cc19606:public_html/FSharpAssay/_framework/blazor.boot.json.br
public_html/FSharpAssay/_framework/blazor.boot.json.gz	d451ee0f99ab7027f7de48c773f7c5d84464240d	3337	compiled-public-html-copy	git show f773b3090ffd86cb5600fdaf3aca20ec9cc19606:public_html/FSharpAssay/_framework/blazor.boot.json.gz
public_html/FSharpAssay/_framework/blazor.webassembly.js	6bb99b02f68dc9116ffc27ee6510cf047b3f7946	60012	compiled-public-html-copy	git show f773b3090ffd86cb5600fdaf3aca20ec9cc19606:public_html/FSharpAssay/_framework/blazor.webassembly.js
public_html/FSharpAssay/_framework/blazor.webassembly.js.br	16751bab0be495a97af641f750faefc27e30f8c8	16830	compiled-public-html-copy	git show f773b3090ffd86cb5600fdaf3aca20ec9cc19606:public_html/FSharpAssay/_framework/blazor.webassembly.js.br
public_html/FSharpAssay/_framework/blazor.webassembly.js.gz	505526f3b8d1d70f185989536d9e5dbb4f2706ee	19088	compiled-public-html-copy	git show f773b3090ffd86cb5600fdaf3aca20ec9cc19606:public_html/FSharpAssay/_framework/blazor.webassembly.js.gz
public_html/FSharpAssay/_framework/cs/FSharp.Core.resources.wasm	2066f916bdab3f381c438238accf19218a545401	23829	compiled-public-html-copy	git show f773b3090ffd86cb5600fdaf3aca20ec9cc19606:public_html/FSharpAssay/_framework/cs/FSharp.Core.resources.wasm
public_html/FSharpAssay/_framework/cs/FSharp.Core.resources.wasm.br	cfef6bf0923fec435dff198e6b7ce06cabcf6c22	7731	compiled-public-html-copy	git show f773b3090ffd86cb5600fdaf3aca20ec9cc19606:public_html/FSharpAssay/_framework/cs/FSharp.Core.resources.wasm.br
public_html/FSharpAssay/_framework/cs/FSharp.Core.resources.wasm.gz	e758f365c062e6c39a464434574e2438520d8395	8895	compiled-public-html-copy	git show f773b3090ffd86cb5600fdaf3aca20ec9cc19606:public_html/FSharpAssay/_framework/cs/FSharp.Core.resources.wasm.gz
public_html/FSharpAssay/_framework/de/FSharp.Core.resources.wasm	77c6470d28b565f97a885c9681094f8a4c7a3ae8	24853	compiled-public-html-copy	git show f773b3090ffd86cb5600fdaf3aca20ec9cc19606:public_html/FSharpAssay/_framework/de/FSharp.Core.resources.wasm
public_html/FSharpAssay/_framework/de/FSharp.Core.resources.wasm.br	62c2e625c855c1dd714af11c1abeb2a8521a5fe7	8004	compiled-public-html-copy	git show f773b3090ffd86cb5600fdaf3aca20ec9cc19606:public_html/FSharpAssay/_framework/de/FSharp.Core.resources.wasm.br
public_html/FSharpAssay/_framework/de/FSharp.Core.resources.wasm.gz	e8b7a05023ff236eb758aace65bb48c874c3505a	8980	compiled-public-html-copy	git show f773b3090ffd86cb5600fdaf3aca20ec9cc19606:public_html/FSharpAssay/_framework/de/FSharp.Core.resources.wasm.gz
public_html/FSharpAssay/_framework/dotnet.js	cf6a4b7e6a40f5664b9576ba80293462a5a3bfea	35871	compiled-public-html-copy	git show f773b3090ffd86cb5600fdaf3aca20ec9cc19606:public_html/FSharpAssay/_framework/dotnet.js
public_html/FSharpAssay/_framework/dotnet.js.br	12f2ec933a199409ff5aa7cccd706e5cb495a365	10261	compiled-public-html-copy	git show f773b3090ffd86cb5600fdaf3aca20ec9cc19606:public_html/FSharpAssay/_framework/dotnet.js.br
public_html/FSharpAssay/_framework/dotnet.js.gz	c5239eb6a7943900ac7fb8e429cfdcfb485b0947	11548	compiled-public-html-copy	git show f773b3090ffd86cb5600fdaf3aca20ec9cc19606:public_html/FSharpAssay/_framework/dotnet.js.gz
public_html/FSharpAssay/_framework/dotnet.native.js	c0a707fc1dc379c311902a84f861d6f9ffbf44c9	160089	compiled-public-html-copy	git show f773b3090ffd86cb5600fdaf3aca20ec9cc19606:public_html/FSharpAssay/_framework/dotnet.native.js
public_html/FSharpAssay/_framework/dotnet.native.js.br	eb126eec06c313292062e8a6e33e43f3fe6e922f	31453	compiled-public-html-copy	git show f773b3090ffd86cb5600fdaf3aca20ec9cc19606:public_html/FSharpAssay/_framework/dotnet.native.js.br
public_html/FSharpAssay/_framework/dotnet.native.js.gz	ef9a4f24445718b073e3292ab7ad42c97427fed3	36548	compiled-public-html-copy	git show f773b3090ffd86cb5600fdaf3aca20ec9cc19606:public_html/FSharpAssay/_framework/dotnet.native.js.gz
public_html/FSharpAssay/_framework/dotnet.native.wasm	f18c26a7fc68b52111c065aad484fdc84b84a721	2920688	compiled-public-html-copy	git show f773b3090ffd86cb5600fdaf3aca20ec9cc19606:public_html/FSharpAssay/_framework/dotnet.native.wasm
public_html/FSharpAssay/_framework/dotnet.native.wasm.br	f2b41b87514ad4678fc7c1d478f418dc23156ffb	951407	compiled-public-html-copy	git show f773b3090ffd86cb5600fdaf3aca20ec9cc19606:public_html/FSharpAssay/_framework/dotnet.native.wasm.br
public_html/FSharpAssay/_framework/dotnet.native.wasm.gz	cda0ac73fa75dceb631c326a8b70255fcf1cdfa5	1174444	compiled-public-html-copy	git show f773b3090ffd86cb5600fdaf3aca20ec9cc19606:public_html/FSharpAssay/_framework/dotnet.native.wasm.gz
public_html/FSharpAssay/_framework/dotnet.runtime.js	ac9c7a8280647c44fc381e01c8fb2aeab2088a78	223202	compiled-public-html-copy	git show f773b3090ffd86cb5600fdaf3aca20ec9cc19606:public_html/FSharpAssay/_framework/dotnet.runtime.js
public_html/FSharpAssay/_framework/dotnet.runtime.js.br	9f75ced26410263bdf0b30a24a27dc9cb93067bc	54638	compiled-public-html-copy	git show f773b3090ffd86cb5600fdaf3aca20ec9cc19606:public_html/FSharpAssay/_framework/dotnet.runtime.js.br
public_html/FSharpAssay/_framework/dotnet.runtime.js.gz	3999f988999c83f244c8a757233bd33162b4db90	65705	compiled-public-html-copy	git show f773b3090ffd86cb5600fdaf3aca20ec9cc19606:public_html/FSharpAssay/_framework/dotnet.runtime.js.gz
public_html/FSharpAssay/_framework/es/FSharp.Core.resources.wasm	8404a88281bfbf77445201dc9a05836dc8c477ff	23829	compiled-public-html-copy	git show f773b3090ffd86cb5600fdaf3aca20ec9cc19606:public_html/FSharpAssay/_framework/es/FSharp.Core.resources.wasm
public_html/FSharpAssay/_framework/es/FSharp.Core.resources.wasm.br	8a8c0649f018b6ebe96768e6fb1041cd4f141538	7515	compiled-public-html-copy	git show f773b3090ffd86cb5600fdaf3aca20ec9cc19606:public_html/FSharpAssay/_framework/es/FSharp.Core.resources.wasm.br
public_html/FSharpAssay/_framework/es/FSharp.Core.resources.wasm.gz	d1069328305c641221abbd1ea78a8ab1c77a277a	8611	compiled-public-html-copy	git show f773b3090ffd86cb5600fdaf3aca20ec9cc19606:public_html/FSharpAssay/_framework/es/FSharp.Core.resources.wasm.gz
public_html/FSharpAssay/_framework/fr/FSharp.Core.resources.wasm	d6ccdb7dbaeb31fb4861f22729e56c5e9ab50568	24341	compiled-public-html-copy	git show f773b3090ffd86cb5600fdaf3aca20ec9cc19606:public_html/FSharpAssay/_framework/fr/FSharp.Core.resources.wasm
public_html/FSharpAssay/_framework/fr/FSharp.Core.resources.wasm.br	0e96b888002066064cb385bac52bb4ef97b4a161	7664	compiled-public-html-copy	git show f773b3090ffd86cb5600fdaf3aca20ec9cc19606:public_html/FSharpAssay/_framework/fr/FSharp.Core.resources.wasm.br
public_html/FSharpAssay/_framework/fr/FSharp.Core.resources.wasm.gz	49c082a85088dde39a62229bcf25dc1595d65c61	8660	compiled-public-html-copy	git show f773b3090ffd86cb5600fdaf3aca20ec9cc19606:public_html/FSharpAssay/_framework/fr/FSharp.Core.resources.wasm.gz
public_html/FSharpAssay/_framework/icudt_CJK.dat	118a60d568c521b9d2bf9aa73b9f5470d87af5c8	956416	compiled-public-html-copy	git show f773b3090ffd86cb5600fdaf3aca20ec9cc19606:public_html/FSharpAssay/_framework/icudt_CJK.dat
public_html/FSharpAssay/_framework/icudt_CJK.dat.br	8c7651721a771e576446f6e2e5a4c8dbd0d824f5	248840	compiled-public-html-copy	git show f773b3090ffd86cb5600fdaf3aca20ec9cc19606:public_html/FSharpAssay/_framework/icudt_CJK.dat.br
public_html/FSharpAssay/_framework/icudt_CJK.dat.gz	8d50c88005e42049a80e90fd62a379265d85b75b	359741	compiled-public-html-copy	git show f773b3090ffd86cb5600fdaf3aca20ec9cc19606:public_html/FSharpAssay/_framework/icudt_CJK.dat.gz
public_html/FSharpAssay/_framework/icudt_EFIGS.dat	e4c1c910829f3b83b0f1f90ebc2456f7f1547537	550832	compiled-public-html-copy	git show f773b3090ffd86cb5600fdaf3aca20ec9cc19606:public_html/FSharpAssay/_framework/icudt_EFIGS.dat
public_html/FSharpAssay/_framework/icudt_EFIGS.dat.br	d8755b47612284895d844fc2ccbea2e762f38b81	143983	compiled-public-html-copy	git show f773b3090ffd86cb5600fdaf3aca20ec9cc19606:public_html/FSharpAssay/_framework/icudt_EFIGS.dat.br
public_html/FSharpAssay/_framework/icudt_EFIGS.dat.gz	edc67163200142b371f9b9d9c39617fc2efa353d	220093	compiled-public-html-copy	git show f773b3090ffd86cb5600fdaf3aca20ec9cc19606:public_html/FSharpAssay/_framework/icudt_EFIGS.dat.gz
public_html/FSharpAssay/_framework/icudt_no_CJK.dat	87b08e08ae179a4e012671b8e66dea82623c519e	1107168	compiled-public-html-copy	git show f773b3090ffd86cb5600fdaf3aca20ec9cc19606:public_html/FSharpAssay/_framework/icudt_no_CJK.dat
public_html/FSharpAssay/_framework/icudt_no_CJK.dat.br	3acc4ee24762ba96f4044c2e54a8696341f439bc	222250	compiled-public-html-copy	git show f773b3090ffd86cb5600fdaf3aca20ec9cc19606:public_html/FSharpAssay/_framework/icudt_no_CJK.dat.br
public_html/FSharpAssay/_framework/icudt_no_CJK.dat.gz	6b797ef718236824b2296b772caa44c832d1004f	347783	compiled-public-html-copy	git show f773b3090ffd86cb5600fdaf3aca20ec9cc19606:public_html/FSharpAssay/_framework/icudt_no_CJK.dat.gz
public_html/FSharpAssay/_framework/it/FSharp.Core.resources.wasm	11f39d77b6d60815f78458355fce7741b0303397	23829	compiled-public-html-copy	git show f773b3090ffd86cb5600fdaf3aca20ec9cc19606:public_html/FSharpAssay/_framework/it/FSharp.Core.resources.wasm
public_html/FSharpAssay/_framework/it/FSharp.Core.resources.wasm.br	8777b397355ab22bb961216bd53f1ee920f5977f	7573	compiled-public-html-copy	git show f773b3090ffd86cb5600fdaf3aca20ec9cc19606:public_html/FSharpAssay/_framework/it/FSharp.Core.resources.wasm.br
public_html/FSharpAssay/_framework/it/FSharp.Core.resources.wasm.gz	e0ee043d64197f4f846020111cd1d9a0cc4f8c12	8573	compiled-public-html-copy	git show f773b3090ffd86cb5600fdaf3aca20ec9cc19606:public_html/FSharpAssay/_framework/it/FSharp.Core.resources.wasm.gz
public_html/FSharpAssay/_framework/ja/FSharp.Core.resources.wasm	af942154e787037e69c94e8ec660c12c5c22fc4b	26389	compiled-public-html-copy	git show f773b3090ffd86cb5600fdaf3aca20ec9cc19606:public_html/FSharpAssay/_framework/ja/FSharp.Core.resources.wasm
public_html/FSharpAssay/_framework/ja/FSharp.Core.resources.wasm.br	f28c7d79f00ce3bbaf4f363c8cf3fea2020be3ce	7859	compiled-public-html-copy	git show f773b3090ffd86cb5600fdaf3aca20ec9cc19606:public_html/FSharpAssay/_framework/ja/FSharp.Core.resources.wasm.br
public_html/FSharpAssay/_framework/ja/FSharp.Core.resources.wasm.gz	d122fc2d2a1933f86c8e0dac39dd7a2f49616884	8899	compiled-public-html-copy	git show f773b3090ffd86cb5600fdaf3aca20ec9cc19606:public_html/FSharpAssay/_framework/ja/FSharp.Core.resources.wasm.gz
public_html/FSharpAssay/_framework/ko/FSharp.Core.resources.wasm	1934897cd4711685980cd7c23aff960df38105ad	25365	compiled-public-html-copy	git show f773b3090ffd86cb5600fdaf3aca20ec9cc19606:public_html/FSharpAssay/_framework/ko/FSharp.Core.resources.wasm
public_html/FSharpAssay/_framework/ko/FSharp.Core.resources.wasm.br	d1400fea6c637bcd7e60c443ae044c62b86aaf7a	7615	compiled-public-html-copy	git show f773b3090ffd86cb5600fdaf3aca20ec9cc19606:public_html/FSharpAssay/_framework/ko/FSharp.Core.resources.wasm.br
public_html/FSharpAssay/_framework/ko/FSharp.Core.resources.wasm.gz	9f86a6c9abea960afe5f65e2a3840725ac74ef96	8660	compiled-public-html-copy	git show f773b3090ffd86cb5600fdaf3aca20ec9cc19606:public_html/FSharpAssay/_framework/ko/FSharp.Core.resources.wasm.gz
public_html/FSharpAssay/_framework/netstandard.wasm	be1e692f8fae6e7c04b21b0e0d58a971d5220026	13077	compiled-public-html-copy	git show f773b3090ffd86cb5600fdaf3aca20ec9cc19606:public_html/FSharpAssay/_framework/netstandard.wasm
public_html/FSharpAssay/_framework/netstandard.wasm.br	450bb4d626bf812b59dfff84b1f1149c5d36e968	3777	compiled-public-html-copy	git show f773b3090ffd86cb5600fdaf3aca20ec9cc19606:public_html/FSharpAssay/_framework/netstandard.wasm.br
public_html/FSharpAssay/_framework/netstandard.wasm.gz	491b6f596633c8d497111862fb805872e3bf5839	4541	compiled-public-html-copy	git show f773b3090ffd86cb5600fdaf3aca20ec9cc19606:public_html/FSharpAssay/_framework/netstandard.wasm.gz
public_html/FSharpAssay/_framework/pl/FSharp.Core.resources.wasm	7ecca6f3c35b359c790e6e8d86d14d73b05e4113	24853	compiled-public-html-copy	git show f773b3090ffd86cb5600fdaf3aca20ec9cc19606:public_html/FSharpAssay/_framework/pl/FSharp.Core.resources.wasm
public_html/FSharpAssay/_framework/pl/FSharp.Core.resources.wasm.br	278c0cd8144f2b43a5742ff796add1a8df59a81a	7950	compiled-public-html-copy	git show f773b3090ffd86cb5600fdaf3aca20ec9cc19606:public_html/FSharpAssay/_framework/pl/FSharp.Core.resources.wasm.br
public_html/FSharpAssay/_framework/pl/FSharp.Core.resources.wasm.gz	0025da740fb3aff3492a54607dd589934efc6b73	8974	compiled-public-html-copy	git show f773b3090ffd86cb5600fdaf3aca20ec9cc19606:public_html/FSharpAssay/_framework/pl/FSharp.Core.resources.wasm.gz
public_html/FSharpAssay/_framework/pt-BR/FSharp.Core.resources.wasm	a4364c448a7704c970f6d7506957dff24797fa8f	23317	compiled-public-html-copy	git show f773b3090ffd86cb5600fdaf3aca20ec9cc19606:public_html/FSharpAssay/_framework/pt-BR/FSharp.Core.resources.wasm
public_html/FSharpAssay/_framework/pt-BR/FSharp.Core.resources.wasm.br	edc51fedc1ba0d987d8165b24ea09d62fb66680b	7519	compiled-public-html-copy	git show f773b3090ffd86cb5600fdaf3aca20ec9cc19606:public_html/FSharpAssay/_framework/pt-BR/FSharp.Core.resources.wasm.br
public_html/FSharpAssay/_framework/pt-BR/FSharp.Core.resources.wasm.gz	c4d4b36f849a52176107d81a09efaae6c6ebb12f	8496	compiled-public-html-copy	git show f773b3090ffd86cb5600fdaf3aca20ec9cc19606:public_html/FSharpAssay/_framework/pt-BR/FSharp.Core.resources.wasm.gz
public_html/FSharpAssay/_framework/ru/FSharp.Core.resources.wasm	f98f73fcca83eb479df6ba3d431095861652b8af	30997	compiled-public-html-copy	git show f773b3090ffd86cb5600fdaf3aca20ec9cc19606:public_html/FSharpAssay/_framework/ru/FSharp.Core.resources.wasm
public_html/FSharpAssay/_framework/ru/FSharp.Core.resources.wasm.br	2c73b8ce8a45a417708c961dd22b305ec04e87b6	8366	compiled-public-html-copy	git show f773b3090ffd86cb5600fdaf3aca20ec9cc19606:public_html/FSharpAssay/_framework/ru/FSharp.Core.resources.wasm.br
public_html/FSharpAssay/_framework/ru/FSharp.Core.resources.wasm.gz	05d31b00ec530c88975daf0a6e2ae3a1653d0794	9599	compiled-public-html-copy	git show f773b3090ffd86cb5600fdaf3aca20ec9cc19606:public_html/FSharpAssay/_framework/ru/FSharp.Core.resources.wasm.gz
public_html/FSharpAssay/_framework/tr/FSharp.Core.resources.wasm	9968f097ac9d0e9dda81695cb0ecda9601861acb	23317	compiled-public-html-copy	git show f773b3090ffd86cb5600fdaf3aca20ec9cc19606:public_html/FSharpAssay/_framework/tr/FSharp.Core.resources.wasm
public_html/FSharpAssay/_framework/tr/FSharp.Core.resources.wasm.br	3e791ed75b084b99205ccea7d1e45215dac379fb	7472	compiled-public-html-copy	git show f773b3090ffd86cb5600fdaf3aca20ec9cc19606:public_html/FSharpAssay/_framework/tr/FSharp.Core.resources.wasm.br
public_html/FSharpAssay/_framework/tr/FSharp.Core.resources.wasm.gz	610cd316dbad3630fedbd0199c507cafb688397f	8487	compiled-public-html-copy	git show f773b3090ffd86cb5600fdaf3aca20ec9cc19606:public_html/FSharpAssay/_framework/tr/FSharp.Core.resources.wasm.gz
public_html/FSharpAssay/_framework/zh-Hans/FSharp.Core.resources.wasm	a1585eefa4cf166446efe707c73cabb751b11a5a	21781	compiled-public-html-copy	git show f773b3090ffd86cb5600fdaf3aca20ec9cc19606:public_html/FSharpAssay/_framework/zh-Hans/FSharp.Core.resources.wasm
public_html/FSharpAssay/_framework/zh-Hans/FSharp.Core.resources.wasm.br	b80696006a2bcb78eba4b6f1c9e0221f77158f4b	7286	compiled-public-html-copy	git show f773b3090ffd86cb5600fdaf3aca20ec9cc19606:public_html/FSharpAssay/_framework/zh-Hans/FSharp.Core.resources.wasm.br
public_html/FSharpAssay/_framework/zh-Hans/FSharp.Core.resources.wasm.gz	05d13cc2a14acb0d06621865bed35762b860cc81	8552	compiled-public-html-copy	git show f773b3090ffd86cb5600fdaf3aca20ec9cc19606:public_html/FSharpAssay/_framework/zh-Hans/FSharp.Core.resources.wasm.gz
public_html/FSharpAssay/_framework/zh-Hant/FSharp.Core.resources.wasm	fb29c0d0e4d65b26375c34545d988e0533d97ad5	21269	compiled-public-html-copy	git show f773b3090ffd86cb5600fdaf3aca20ec9cc19606:public_html/FSharpAssay/_framework/zh-Hant/FSharp.Core.resources.wasm
public_html/FSharpAssay/_framework/zh-Hant/FSharp.Core.resources.wasm.br	c2cefcd6a04b0ecfc5346cc1b77a106528cff04b	7368	compiled-public-html-copy	git show f773b3090ffd86cb5600fdaf3aca20ec9cc19606:public_html/FSharpAssay/_framework/zh-Hant/FSharp.Core.resources.wasm.br
public_html/FSharpAssay/_framework/zh-Hant/FSharp.Core.resources.wasm.gz	31b8297144c277042193542d0d2fb67ed700b6cd	8528	compiled-public-html-copy	git show f773b3090ffd86cb5600fdaf3aca20ec9cc19606:public_html/FSharpAssay/_framework/zh-Hant/FSharp.Core.resources.wasm.gz
public_html/FSharpAssay/books.json	337e7ba16b0d08b1009ad738633b5b5436b69c36	422	compiled-public-html-copy	git show f773b3090ffd86cb5600fdaf3aca20ec9cc19606:public_html/FSharpAssay/books.json
public_html/FSharpAssay/css/index.css	83f08b37f27fa2a2bd09cbf8a656da37b1b76ced	224	compiled-public-html-copy	git show f773b3090ffd86cb5600fdaf3aca20ec9cc19606:public_html/FSharpAssay/css/index.css
public_html/FSharpAssay/favicon.ico	a3a799985c43bc7309d701b2cad129023377dc71	32038	compiled-public-html-copy	git show f773b3090ffd86cb5600fdaf3aca20ec9cc19606:public_html/FSharpAssay/favicon.ico
public_html/FSharpAssay/index.html	81bbaf11bdd630eea6be4a6f70a103c0205948fc	1629	compiled-public-html-copy	git show f773b3090ffd86cb5600fdaf3aca20ec9cc19606:public_html/FSharpAssay/index.html
public_html/FSharpAssay/main.html	1ed6de39faad2c57c9220d4740130e8e71a496c4	2866	compiled-public-html-copy	git show f773b3090ffd86cb5600fdaf3aca20ec9cc19606:public_html/FSharpAssay/main.html
scan.fsx	03649605b6cc1f35aca3705b00317a465579fcba	1144	obsolete-scratch-script	git show f773b3090ffd86cb5600fdaf3aca20ec9cc19606:scan.fsx
scratch_gog.md	e69de29bb2d1d6434b8b29ae775ad8c2e48c5391	0	empty-scratch	git show f773b3090ffd86cb5600fdaf3aca20ec9cc19606:scratch_gog.md
update_visitor.fsx	7645aedebf43ee0c926922cfd1e26cba1e2e1656	1976	obsolete-scratch-script	git show f773b3090ffd86cb5600fdaf3aca20ec9cc19606:update_visitor.fsx
